"level","set","word","pos","zh","example","example_zh","example2","example2_zh"
"450","001","agenda","n.","議程","The first item on the agenda is the sales report.","議程上的第一項是銷售報告。","We added a new item to the agenda.","我們在議程上加了一個新項目。"
"450","001","invoice","n.","發票；請款單","Please send the invoice to our accounting department.","請把發票寄給我們的會計部門。","The supplier issued an invoice for the repairs.","供應商開了維修費用的發票。"
"450","001","deadline","n.","截止期限","The deadline for applications is Friday.","申請的截止日是週五。","We must meet the deadline for the grant.","我們必須趕上補助申請的截止日。"
"450","001","colleague","n.","同事","My colleague will cover for me while I am away.","我不在時，我的同事會代班。","I discussed the plan with a colleague.","我跟一位同事討論了這項計畫。"
"450","001","supervisor","n.","主管；監督人","Please ask your supervisor for permission.","請向你的主管申請許可。","Her supervisor approved the leave request.","她的主管批准了請假申請。"
"450","001","attend","v.","出席；參加","All managers are required to attend the training.","所有經理都必須參加訓練。","Please attend the safety briefing at nine.","請在九點參加安全說明會。"
"450","001","submit","v.","提交；呈交","Applicants must submit their forms by noon.","申請人必須在中午前交出表格。","Submit your expense report by Monday.","請在週一前提交費用報告。"
"450","001","revise","v.","修改；修訂","We need to revise the schedule before the launch.","我們得在上市前修改時程。","Please revise the draft and send it back.","請修改草稿後寄回。"
"450","001","approve","v.","核准；批准","The board approved the merger yesterday.","董事會昨天核准了合併案。","The manager must approve every purchase.","經理必須核准每一筆採購。"
"450","001","schedule","n.","時程表；行程","The schedule has been changed to avoid conflicts.","時程已調整以避免衝突。","The train schedule changes in March.","火車時刻表在三月會更動。"
"450","001","appointment","n.","約定；預約會面","I have an appointment with the dentist at three.","我三點跟牙醫有約。","She made an appointment to see the doctor.","她預約了看醫生。"
"450","001","reservation","n.","預訂；預約","We made a reservation for six people at eight.","我們訂了八點六人的位子。","I need to change my hotel reservation.","我需要更改我的飯店訂房。"
"450","001","confirm","v.","確認","Please confirm your attendance by email.","請以電子郵件確認你會出席。","Please confirm the time of the meeting.","請確認會議的時間。"
"450","001","estimate","n.","估價；估計","The contractor gave us an estimate for the repairs.","承包商給了我們維修的估價。","Our estimate is based on last year's costs.","我們的估計是以去年的成本為依據。"
"450","001","proposal","n.","提案；企劃書","The committee rejected the proposal.","委員會否決了這項提案。","The proposal includes a detailed budget.","這項提案包含詳細的預算。"
"450","001","budget","n.","預算","The marketing budget has been cut by ten percent.","行銷預算被刪減了一成。","We are working within a tight budget.","我們在緊縮的預算內作業。"
"450","001","expense","n.","費用；開銷","Travel expenses will be reimbursed within two weeks.","差旅費會在兩週內報銷。","Meals are a major expense on business trips.","餐費是出差的一大開銷。"
"450","001","reimburse","v.","報銷；補償","The company will reimburse you for the taxi fare.","公司會補償你的計程車費。","The firm will reimburse your travel costs.","公司會報銷你的差旅費。"
"450","001","receipt","n.","收據","Keep your receipt in case you need to return the item.","請保留收據，以備退貨之需。","Please sign the receipt on delivery.","送貨時請在簽收單上簽名。"
"450","001","payment","n.","付款；款項","Payment is due within thirty days.","款項須在三十天內付清。","We accept payment by credit card.","我們接受信用卡付款。"
"450","001","refund","n.","退款","Customers can request a full refund within a week.","顧客可在一週內申請全額退款。","You may ask for a refund within thirty days.","你可以在三十天內申請退款。"
"450","001","warranty","n.","保固","The laptop comes with a two-year warranty.","這台筆電享有兩年保固。","The warranty covers parts but not labor.","保固涵蓋零件，但不含工資。"
"450","001","shipment","n.","出貨；貨物","The shipment arrived two days late.","這批貨晚了兩天才到。","The next shipment leaves on Friday.","下一批貨週五出發。"
"450","001","deliver","v.","遞送；交付","We deliver anywhere in the city within an hour.","我們一小時內可送達市區任何地方。","We deliver groceries to your door.","我們把食品雜貨送到府。"
"450","001","inventory","n.","庫存；存貨清單","The store takes inventory at the end of every month.","這家店每個月底盤點庫存。","The manager checked the inventory this morning.","經理今天早上清點了庫存。"
"450","001","supplier","n.","供應商","We have switched to a cheaper supplier.","我們換了較便宜的供應商。","The supplier promised faster delivery.","供應商承諾更快送貨。"
"450","001","vendor","n.","廠商；小販","Several vendors will exhibit at the trade show.","有幾家廠商會參加這場貿易展。","",""
"450","001","contract","n.","合約","Both parties signed the contract on Monday.","雙方在週一簽了合約。","The contract expires at the end of June.","這份合約六月底到期。"
"450","001","agreement","n.","協議；同意","The two firms reached an agreement on pricing.","兩家公司在價格上達成協議。","Both sides signed the agreement today.","雙方今天簽署了協議。"
"450","001","negotiate","v.","協商；談判","They are negotiating a new lease for the office.","他們正在協商辦公室的新租約。","We will negotiate the price with the seller.","我們會和賣方協商價格。"
"450","001","client","n.","客戶","Our client has asked for a revised quote.","我們的客戶要求重新報價。","The client wants a meeting next week.","客戶想在下週開會。"
"450","001","customer","n.","顧客","The customer complained about the late delivery.","顧客抱怨送貨太晚。","Every customer receives a receipt.","每位顧客都會拿到收據。"
"450","001","department","n.","部門","She works in the human resources department.","她在人力資源部門工作。","Which department handles refunds?","哪個部門處理退款？"
"450","001","headquarters","n.","總部","The company's headquarters is located in Seoul.","公司總部位於首爾。","The firm's headquarters moved to Osaka.","公司總部搬到了大阪。"
"450","001","branch","n.","分公司；分行","The bank will open a new branch downtown.","這家銀行將在市中心開一間新分行。","She manages the downtown branch.","她管理市中心的分公司。"
"450","001","employee","n.","員工","Each employee receives a security badge.","每位員工都會領到一張識別證。","New employees must wear a badge.","新進員工必須配戴識別證。"
"450","001","employer","n.","雇主","Her employer offers flexible working hours.","她的雇主提供彈性工時。","The employer provides health insurance.","雇主提供健康保險。"
"450","001","candidate","n.","應徵者；候選人","The strongest candidate was invited for a second interview.","最強的應徵者被邀請參加第二次面試。","Each candidate answered five questions.","每位應徵者回答了五個問題。"
"450","001","resume","n.","履歷","Please attach your resume to the application form.","請把履歷附在申請表上。","Please update your resume before applying.","申請前請更新你的履歷。"
"450","001","interview","n.","面試；訪談","The interview will last about forty minutes.","面試大約會進行四十分鐘。","The interview is scheduled for Tuesday.","面試排定在週二。"
"450","001","qualification","n.","資格；條件","A degree in finance is a required qualification.","財務學位是必要的資格。","She has the right qualification for the job.","她具備這份工作所需的資格。"
"450","001","position","n.","職位；位置","The position requires at least three years of experience.","這個職位需要至少三年經驗。","The chair is in the wrong position.","這張椅子的位置不對。"
"450","001","vacancy","n.","職缺；空房","There is a vacancy in the sales department.","業務部有一個職缺。","The hotel has no vacancy tonight.","這家飯店今晚客滿。"
"450","001","promote","v.","晉升；促銷","She was promoted to regional manager last year.","她去年被晉升為區域經理。","The store will promote the new line in May.","商店將在五月促銷新系列。"
"450","001","retire","v.","退休","Mr. Davis will retire at the end of the year.","戴維斯先生將在年底退休。","He plans to retire at sixty-five.","他打算六十五歲退休。"
"450","001","benefit","n.","福利；好處","Health insurance is one of the main benefits we offer.","健康保險是我們提供的主要福利之一。","Remote work has many benefits.","遠距工作有許多好處。"
"450","001","salary","n.","薪水","The salary depends on experience and education.","薪水依經驗與學歷而定。","Her salary is paid on the last day of the month.","她的薪水在每月最後一天發放。"
"450","001","bonus","n.","獎金","Employees received a bonus for meeting the target.","員工因達成目標而獲得獎金。","Staff received a holiday bonus.","員工領到了假期獎金。"
"450","001","training","n.","訓練；培訓","New staff must complete a week of training.","新進員工須完成一週的培訓。","The training covers fire safety.","這項訓練涵蓋消防安全。"
"450","001","orientation","n.","新進人員說明會；方向","Orientation for new employees begins at nine.","新進員工說明會九點開始。","",""
"600","002","manufacture","v.","製造","The factory manufactures parts for electric cars.","這間工廠生產電動車零件。","They manufacture furniture for export.","他們製造家具外銷。"
"600","002","production","n.","生產；產量","Production increased by fifteen percent this quarter.","本季產量增加了百分之十五。","Production stopped during the power cut.","停電期間生產停擺了。"
"600","002","assemble","v.","組裝；集合","Workers assemble the devices by hand.","工人以手工組裝這些裝置。","Please assemble the desk by following the diagram.","請依照圖示組裝這張桌子。"
"600","002","equipment","n.","設備","All the equipment must be inspected every year.","所有設備每年都必須檢查。","The gym has new equipment.","健身房有新設備。"
"600","002","machinery","n.","機械","The new machinery has doubled our output.","新機器讓我們的產量增加一倍。","",""
"600","002","maintenance","n.","維護；保養","Routine maintenance is scheduled for Sunday.","例行維護排定在週日。","Maintenance staff fixed the heater.","維修人員修好了暖氣機。"
"600","002","repair","v.","修理","A technician will repair the printer this afternoon.","技術人員今天下午會修印表機。","The shop can repair cracked screens.","這家店可以修理破裂的螢幕。"
"600","002","replace","v.","更換；取代","Please replace the filter every three months.","請每三個月更換一次濾網。","We will replace the broken window.","我們會更換破掉的窗戶。"
"600","002","install","v.","安裝","The technician will install the software tomorrow.","技術人員明天會安裝軟體。","Please install the update tonight.","請今晚安裝更新。"
"600","002","upgrade","v.","升級","We plan to upgrade our computer system next month.","我們打算下個月升級電腦系統。","You can upgrade to a larger room for a fee.","你可以付費升級到較大的房間。"
"600","002","defect","n.","瑕疵；缺陷","Any product with a defect will be replaced free of charge.","任何有瑕疵的產品都會免費更換。","",""
"600","002","inspect","v.","檢查；視察","Inspectors visit the plant twice a year.","檢查人員每年到廠區兩次。","Officers inspect every container at the port.","官員會檢查港口的每個貨櫃。"
"600","002","quality","n.","品質","We never compromise on the quality of our goods.","我們絕不在商品品質上妥協。","The quality of the fabric is excellent.","這種布料的品質極佳。"
"600","002","standard","n.","標準","The product meets international safety standards.","這項產品符合國際安全標準。","The hotel meets the highest standard.","這家飯店達到最高標準。"
"600","002","regulation","n.","規定；法規","New regulations require clear labeling on all food.","新規定要求所有食品清楚標示。","Safety regulation applies to all sites.","安全法規適用於所有工地。"
"600","002","comply","v.","遵守；符合","All visitors must comply with the safety rules.","所有訪客都必須遵守安全規定。","",""
"600","002","procedure","n.","程序；步驟","Follow the procedure in the manual to reset the device.","請依手冊上的步驟重設裝置。","The procedure takes about ten minutes.","這個程序大約要十分鐘。"
"600","002","instruction","n.","指示；說明","Read the instructions carefully before use.","使用前請仔細閱讀說明。","",""
"600","002","manual","n.","使用手冊","The manual is available in five languages.","使用手冊有五種語言版本。","",""
"600","002","specification","n.","規格","Please check the specifications before ordering.","訂購前請先確認規格。","",""
"600","002","prototype","n.","原型；樣品","The engineers tested the prototype last week.","工程師上週測試了原型機。","",""
"600","002","launch","v.","推出；發射","The company will launch its new model in May.","公司將在五月推出新款。","The firm will launch a new website.","公司將推出新網站。"
"600","002","release","v.","發布；釋出","The software update was released on Tuesday.","軟體更新在週二發布。","The film's release is delayed until May.","這部電影的上映延到五月。"
"600","002","feature","n.","特色；功能","The phone has several innovative features.","這支手機有幾項創新功能。","The app has a new search feature.","這個應用程式有新的搜尋功能。"
"600","002","capacity","n.","容量；產能","The hall has a capacity of five hundred people.","這個大廳可容納五百人。","The stadium has a capacity of forty thousand.","這座體育場可容納四萬人。"
"600","002","efficient","adj.","有效率的","The new system is much more efficient.","新系統有效率得多。","An efficient team finishes early.","有效率的團隊會提早完成。"
"600","002","efficiency","n.","效率","The upgrade improved energy efficiency.","這次升級提升了能源效率。","",""
"600","002","productivity","n.","生產力","Flexible hours can raise employee productivity.","彈性工時可以提升員工生產力。","",""
"600","002","output","n.","產出；產量","Total output rose despite the labor shortage.","儘管缺工，總產出仍上升。","",""
"600","002","raw material","n.","原料","The price of raw materials has risen sharply.","原料價格大幅上漲。","",""
"600","002","warehouse","n.","倉庫","Goods are stored in a warehouse near the port.","貨物存放在港口附近的倉庫。","",""
"600","002","supply","n.","供給；補給品","Office supplies are kept in the storage room.","辦公用品存放在儲藏室。","The shop will supply all the paper we need.","這家店會供應我們需要的所有紙張。"
"600","002","demand","n.","需求","Demand for electric vehicles continues to grow.","電動車的需求持續成長。","Demand for tickets exceeded supply.","票的需求超過供給。"
"600","002","stock","n.","存貨；股票","That item is currently out of stock.","那項商品目前缺貨。","She owns stock in the company.","她持有這家公司的股票。"
"600","002","order","n.","訂單；訂購；順序","We received a large order from a new customer.","我們收到新客戶的大筆訂單。","Please put the files in order.","請把檔案按順序排好。"
"600","002","backorder","n.","缺貨待補的訂單","The item is on backorder until next month.","這項商品要到下個月才有貨。","",""
"600","002","dispatch","v.","派遣；發送","The goods were dispatched this morning.","貨物今天早上已發出。","",""
"600","002","freight","n.","貨運；運費","Freight charges are not included in the price.","價格不含貨運費用。","",""
"600","002","packaging","n.","包裝","Eco-friendly packaging is becoming more popular.","環保包裝越來越受歡迎。","",""
"600","002","label","n.","標籤","Check the label for washing instructions.","請查看標籤上的洗滌說明。","",""
"600","002","durable","adj.","耐用的","These boots are durable and waterproof.","這雙靴子耐用又防水。","",""
"600","002","reliable","adj.","可靠的","We need a reliable supplier for these parts.","我們需要這些零件的可靠供應商。","",""
"600","002","sample","n.","樣品","Free samples will be given away at the entrance.","入口處會免費發送樣品。","",""
"600","002","brochure","n.","宣傳手冊","The brochure describes all of our services.","這本宣傳手冊介紹了我們所有的服務。","",""
"600","002","catalog","n.","型錄","You can order any item from our spring catalog.","你可以從春季型錄訂購任何商品。","",""
"600","002","merchandise","n.","商品","All merchandise is thirty percent off this weekend.","本週末所有商品七折。","",""
"600","002","retail","n.","零售","She works in retail management.","她從事零售管理工作。","",""
"600","002","wholesale","n.","批發","We buy furniture at wholesale prices.","我們以批發價購買家具。","",""
"730","003","revenue","n.","營收；收入","The company's revenue rose sharply last year.","公司去年的營收大幅成長。","Online sales raised the firm's revenue.","網路銷售提高了公司的營收。"
"730","003","profit","n.","利潤","The firm made a modest profit in the first quarter.","這家公司在第一季獲得小額利潤。","The firm turned a profit this year.","公司今年轉虧為盈。"
"730","003","loss","n.","虧損；損失","The retailer reported a loss for the third year.","這家零售商連續第三年虧損。","The storm caused a loss of power.","暴風雨造成停電。"
"730","003","income","n.","收入；所得","Her monthly income has doubled since the promotion.","升遷後她的月收入增加了一倍。","Many families rely on a second income.","許多家庭仰賴第二份收入。"
"730","003","earnings","n.","收益；盈餘","Quarterly earnings exceeded analysts' expectations.","季度盈餘超過分析師預期。","",""
"730","003","fiscal","adj.","財政的；會計年度的","The fiscal year ends on March 31.","會計年度在三月三十一日結束。","",""
"730","003","quarter","n.","季度；四分之一","Sales are expected to recover in the next quarter.","預期下一季銷售會回升。","",""
"730","003","audit","n.","審計；查帳","An outside firm will audit our accounts.","外部公司會審計我們的帳目。","",""
"730","003","account","n.","帳戶；帳目；說明","Please transfer the money to my savings account.","請把錢轉到我的儲蓄帳戶。","Her account of the event was clear.","她對這件事的說明很清楚。"
"730","003","balance","n.","餘額；平衡","Your account balance is shown on the screen.","你的帳戶餘額顯示在螢幕上。","Keep a balance between work and rest.","工作與休息要取得平衡。"
"730","003","deposit","n.","存款；訂金","A deposit of fifty dollars is required to book a room.","訂房需要五十美元的訂金。","You must pay a deposit to reserve the room.","你必須付訂金才能預訂房間。"
"730","003","withdraw","v.","提領；撤回","You can withdraw cash at any branch.","你可以在任何分行提領現金。","You can withdraw money from the machine.","你可以從這台機器提款。"
"730","003","transfer","v.","轉帳；調動","He was transferred to the Tokyo office.","他被調到東京辦公室。","Please transfer the files to my laptop.","請把檔案轉到我的筆電。"
"730","003","loan","n.","貸款","The bank approved a loan for the new store.","銀行核准了新店面的貸款。","She took out a loan to buy a car.","她貸款買了一輛車。"
"730","003","interest","n.","利息；興趣","The interest rate on the loan is three percent.","這筆貸款的利率是百分之三。","She has an interest in graphic design.","她對平面設計有興趣。"
"730","003","mortgage","n.","房貸","They took out a mortgage to buy their first home.","他們貸款買了第一間房子。","",""
"730","003","invest","v.","投資","The firm plans to invest heavily in research.","公司打算大量投資研發。","They invest part of their salary every month.","他們每月把部分薪水拿去投資。"
"730","003","investment","n.","投資","Real estate can be a safe investment.","不動產可能是穩當的投資。","",""
"730","003","investor","n.","投資人","Investors were pleased with the results.","投資人對結果感到滿意。","",""
"730","003","shareholder","n.","股東","Shareholders will vote on the proposal in June.","股東將在六月就此提案投票。","",""
"730","003","dividend","n.","股息","The company pays a dividend every quarter.","公司每季發放股息。","",""
"730","003","asset","n.","資產","Our employees are our most valuable asset.","我們的員工是最有價值的資產。","",""
"730","003","liability","n.","負債；責任","The firm's liabilities exceed its assets.","公司的負債超過資產。","",""
"730","003","tax","n.","稅","Sales tax is added at the register.","營業稅在結帳時加上。","The price includes a ten percent tax.","價格含百分之十的稅。"
"730","003","tariff","n.","關稅","New tariffs have raised the price of imported steel.","新關稅推高了進口鋼材的價格。","",""
"730","003","fee","n.","費用；手續費","There is a small fee for late payment.","逾期付款需付少額費用。","The club charges a small monthly fee.","俱樂部每月收取少許會費。"
"730","003","charge","v.","收費；索價；指控；充電","The hotel charges extra for breakfast.","這家飯店早餐另外收費。","The man was charged with fraud.","那名男子被控詐欺。"
"730","003","discount","n.","折扣","Members receive a ten percent discount.","會員享有九折優惠。","Students get a discount on tickets.","學生購票有折扣。"
"730","003","rebate","n.","退款；回扣","You may apply for a rebate after purchase.","購買後你可以申請退款。","",""
"730","003","coupon","n.","優惠券","Present this coupon at the checkout.","結帳時請出示這張優惠券。","You can use this coupon only once.","這張優惠券只能使用一次。"
"730","003","price","n.","價格","Fuel prices have fallen for three weeks.","油價已連續三週下跌。","The price of fuel changes daily.","燃料價格每天都在變動。"
"730","003","cost","n.","成本；花費","The cost of materials keeps rising.","材料成本不斷上升。","",""
"730","003","afford","v.","負擔得起","Few small firms can afford such expensive equipment.","很少小公司負擔得起這麼貴的設備。","We cannot afford another delay.","我們承受不起再一次的延誤。"
"730","003","economy","n.","經濟","The economy grew by two percent last year.","去年經濟成長了百分之二。","",""
"730","003","inflation","n.","通貨膨脹","Inflation has pushed up the cost of living.","通貨膨脹推高了生活成本。","",""
"730","003","recession","n.","經濟衰退","Many firms cut jobs during the recession.","許多公司在經濟衰退期間裁員。","",""
"730","003","growth","n.","成長","The sector shows steady growth.","這個產業呈現穩定成長。","",""
"730","003","decline","v.","下降；婉拒","Sales declined slightly in the summer.","夏季銷售略微下滑。","",""
"730","003","increase","v.","增加","Prices will increase by five percent next year.","價格明年將上漲百分之五。","We expect an increase in orders.","我們預期訂單會增加。"
"730","003","decrease","v.","減少","The number of complaints has decreased.","客訴數量減少了。","A decrease in sales worried the manager.","銷售額減少讓經理憂心。"
"730","003","fluctuate","v.","波動","Oil prices fluctuate from week to week.","油價每週都在波動。","",""
"730","003","forecast","n.","預測","The forecast predicts strong demand this winter.","預測顯示今年冬天需求強勁。","The weather forecast calls for rain.","天氣預報說會下雨。"
"730","003","projection","n.","預估；推算","Sales projections were revised downward.","銷售預估被下修了。","",""
"730","003","currency","n.","貨幣","The local currency has weakened against the dollar.","當地貨幣對美元貶值了。","",""
"730","003","exchange","n.","兌換；交換","The exchange rate changes daily.","匯率每天都在變動。","",""
"730","003","overdue","adj.","逾期的","Your payment is now overdue.","你的款項已逾期。","",""
"730","003","outstanding","adj.","未付的；傑出的","There is an outstanding balance on your account.","你的帳戶有未付餘額。","",""
"730","003","bankruptcy","n.","破產","The retailer filed for bankruptcy last month.","這家零售商上個月申請破產。","",""
"730","003","subsidy","n.","補助金","The government offers a subsidy for solar panels.","政府提供太陽能板補助。","",""
"450","004","itinerary","n.","行程表","Your itinerary includes flights and hotel details.","你的行程表包含航班與飯店資訊。","Your itinerary is attached to this email.","你的行程表附在這封郵件裡。"
"450","004","destination","n.","目的地","We will reach our destination before noon.","我們會在中午前抵達目的地。","Our final destination is Seoul.","我們的最終目的地是首爾。"
"450","004","departure","n.","出發；離境","Departure is scheduled for 7:30 a.m.","出發時間排定在早上七點半。","The departure time has changed.","出發時間已更改。"
"450","004","arrival","n.","抵達","The arrival of the delegation was delayed by fog.","代表團因起霧而延遲抵達。","Please confirm your arrival time.","請確認你的抵達時間。"
"450","004","board","v.","登上（交通工具）","Passengers should board at least thirty minutes early.","乘客應至少提前三十分鐘登機。","",""
"450","004","luggage","n.","行李","Please keep your luggage with you at all times.","請隨時看管好你的行李。","The airline lost my luggage.","航空公司把我的行李弄丟了。"
"450","004","baggage","n.","行李","Checked baggage is limited to twenty kilograms.","托運行李限重二十公斤。","",""
"450","004","passport","n.","護照","Make sure your passport is valid for six months.","請確認你的護照有效期至少還有六個月。","You must show your passport at check-in.","辦理登機時必須出示護照。"
"450","004","customs","n.","海關","Travelers must declare goods at customs.","旅客必須在海關申報物品。","",""
"450","004","delay","n.","延誤","A one-hour delay was announced for flight 308.","308 號班機宣布延誤一小時。","The delay was caused by fog.","這次延誤是濃霧造成的。"
"450","004","fare","n.","票價","Bus fares will rise next month.","公車票價下個月將調漲。","",""
"450","004","ticket","n.","票","Tickets can be purchased online or at the station.","車票可在網路上或車站購買。","I bought two tickets for the concert.","我買了兩張音樂會的票。"
"450","004","round trip","n.","來回行程","A round trip to Busan costs about eighty dollars.","到釜山的來回票大約八十美元。","",""
"450","004","one-way","adj.","單程的","I only need a one-way ticket.","我只需要一張單程票。","",""
"450","004","aisle","n.","走道","I would like an aisle seat, please.","我想要靠走道的座位。","",""
"450","004","gate","n.","登機門；大門","Your flight will depart from Gate 14.","你的班機將從 14 號登機門出發。","",""
"450","004","terminal","n.","航廈；終點站","The shuttle runs between the two terminals.","接駁車往返於兩個航廈之間。","",""
"450","004","platform","n.","月台；平台","The train to Taipei leaves from platform three.","往台北的火車從三號月台出發。","",""
"450","004","commute","v.","通勤","She commutes to work by subway.","她搭地鐵通勤上班。","His commute takes forty minutes.","他的通勤要四十分鐘。"
"450","004","transportation","n.","交通運輸","Public transportation is convenient in this city.","這座城市的大眾運輸很方便。","",""
"450","004","traffic","n.","交通；車流","Heavy traffic made us late for the meeting.","嚴重塞車讓我們開會遲到。","Traffic was light this morning.","今早車流量很少。"
"450","004","route","n.","路線","Take the shortest route to the airport.","請走最短的路線到機場。","This route avoids the highway.","這條路線避開了高速公路。"
"450","004","detour","n.","繞道","Drivers must take a detour due to road work.","由於道路施工，駕駛必須繞道。","",""
"450","004","shuttle","n.","接駁車","A free shuttle runs from the hotel to the station.","有免費接駁車從飯店開往車站。","",""
"450","004","accommodation","n.","住宿","Accommodation is included in the conference fee.","住宿費包含在會議費用中。","The price covers accommodation for three nights.","價格包含三晚住宿。"
"450","004","check in","v.","辦理入住；報到","Guests can check in after two p.m.","房客下午兩點後可辦理入住。","",""
"450","004","check out","v.","退房；結帳","Please check out before eleven a.m.","請在上午十一點前退房。","",""
"450","004","vacant","adj.","空的","There are no vacant rooms this weekend.","這個週末沒有空房。","",""
"450","004","occupied","adj.","有人使用的","The meeting room is occupied until noon.","會議室到中午都有人使用。","",""
"450","004","lobby","n.","大廳","Let's meet in the hotel lobby at eight.","我們八點在飯店大廳碰面。","",""
"450","004","suite","n.","套房","The CEO stayed in the presidential suite.","執行長住在總統套房。","",""
"450","004","amenity","n.","設施；便利設備","The hotel's amenities include a pool and a gym.","這家飯店的設施包括游泳池和健身房。","",""
"450","004","complimentary","adj.","免費贈送的","Complimentary breakfast is served daily.","每天供應免費早餐。","",""
"450","004","tourist","n.","觀光客","The island attracts thousands of tourists every summer.","這座島每年夏天吸引數千名觀光客。","The museum welcomes tourists daily.","博物館每天歡迎觀光客。"
"450","004","sightseeing","n.","觀光","We went sightseeing after the conference.","會議結束後我們去觀光。","",""
"450","004","excursion","n.","短程旅遊","An excursion to the old town is included.","行程包含前往舊城區的短程旅遊。","",""
"450","004","guide","n.","導遊；指南","The guide explained the history of the castle.","導遊解說了這座城堡的歷史。","",""
"450","004","landmark","n.","地標","The tower is a famous landmark of the city.","這座塔是該市著名的地標。","",""
"450","004","expedition","n.","遠征；探險","The expedition took six months to complete.","這趟探險花了六個月完成。","",""
"450","004","cruise","n.","郵輪旅遊","They booked a cruise to the Caribbean.","他們訂了前往加勒比海的郵輪旅遊。","",""
"450","004","rental","n.","租賃","Car rental is available at the airport.","機場提供租車服務。","",""
"450","004","insurance","n.","保險","Travel insurance covers lost luggage.","旅遊保險涵蓋行李遺失。","Does your insurance cover dental care?","你的保險涵蓋牙科嗎？"
"450","004","visa","n.","簽證","You need a visa to enter the country.","進入該國需要簽證。","The embassy issued her a work visa.","大使館核發了工作簽證給她。"
"450","004","currency exchange","n.","貨幣兌換","There is a currency exchange counter in the lobby.","大廳有貨幣兌換櫃台。","",""
"450","004","overseas","adv.","在海外","Many of our clients are based overseas.","我們有許多客戶在海外。","",""
"450","004","domestic","adj.","國內的","Domestic flights are cheaper than international ones.","國內線班機比國際線便宜。","",""
"450","004","international","adj.","國際的","The international conference attracts experts worldwide.","這場國際會議吸引全球專家參加。","",""
"450","004","relocate","v.","搬遷；調職","The firm will relocate its office to Singapore.","公司將把辦公室遷往新加坡。","",""
"450","004","reroute","v.","改道","Flights were rerouted to avoid the storm.","班機為避開風暴而改道。","",""
"600","005","advertise","v.","刊登廣告；宣傳","They advertise their products on television.","他們在電視上為產品打廣告。","We plan to advertise the job online.","我們打算在網路上刊登這份工作的廣告。"
"600","005","advertisement","n.","廣告","I saw your advertisement in the newspaper.","我在報紙上看到你們的廣告。","",""
"600","005","campaign","n.","活動；宣傳戰","The new campaign targets young consumers.","新的宣傳活動鎖定年輕消費者。","The charity launched a campaign to raise funds.","這個慈善機構發起了募款活動。"
"600","005","promotion","n.","促銷；升遷","The promotion runs until the end of the month.","促銷活動持續到月底。","She received a promotion after two years.","她兩年後獲得升遷。"
"600","005","target","n.","目標","Our target market is working professionals.","我們的目標市場是上班族。","",""
"600","005","audience","n.","觀眾；受眾","The speaker kept the audience engaged.","講者讓聽眾保持投入。","",""
"600","005","consumer","n.","消費者","Consumer confidence has improved this year.","今年消費者信心有所改善。","",""
"600","005","survey","n.","問卷調查","A survey of customers showed high satisfaction.","顧客調查顯示滿意度很高。","The survey asked customers about prices.","這份問卷詢問顧客對價格的看法。"
"600","005","feedback","n.","意見回饋","We value your feedback on our service.","我們重視你對服務的意見回饋。","Positive feedback encouraged the team.","正面的回饋鼓舞了團隊。"
"600","005","trend","n.","趨勢","Online shopping is a growing trend.","網路購物是日益成長的趨勢。","Prices show a downward trend.","價格呈現下降趨勢。"
"600","005","competitor","n.","競爭對手","Our main competitor has lowered its prices.","我們的主要競爭對手降價了。","A competitor opened a store nearby.","一家競爭對手在附近開了店。"
"600","005","competitive","adj.","有競爭力的","We offer competitive salaries.","我們提供具競爭力的薪資。","",""
"600","005","brand","n.","品牌","The brand is well known for its quality.","這個品牌以品質聞名。","Customers trust this brand.","顧客信任這個品牌。"
"600","005","logo","n.","標誌","The company is redesigning its logo.","公司正在重新設計標誌。","",""
"600","005","slogan","n.","口號；標語","Their slogan is easy to remember.","他們的口號很好記。","",""
"600","005","market share","n.","市占率","The firm now holds a ten percent market share.","這家公司現在擁有百分之十的市占率。","",""
"600","005","sales","n.","銷售（額）","Sales rose after the holiday campaign.","節慶活動後銷售上升。","",""
"600","005","retailer","n.","零售商","Major retailers are cutting prices.","大型零售商正在降價。","",""
"600","005","distribute","v.","分發；經銷","We distribute our goods through local stores.","我們透過當地商店經銷商品。","",""
"600","005","distribution","n.","配銷；分發","The company improved its distribution network.","公司改善了它的配銷網絡。","",""
"600","005","subscribe","v.","訂閱","Subscribe to our newsletter for weekly offers.","訂閱我們的電子報可獲得每週優惠。","You can subscribe to the magazine online.","你可以在線上訂閱這本雜誌。"
"600","005","subscription","n.","訂閱","A one-year subscription costs sixty dollars.","一年期訂閱費用是六十美元。","",""
"600","005","membership","n.","會員資格","Membership includes free access to the gym.","會員資格包含免費使用健身房。","",""
"600","005","loyalty","n.","忠誠度","The program rewards customer loyalty.","這項計畫獎勵顧客的忠誠度。","",""
"600","005","endorse","v.","代言；背書","A famous athlete endorsed the new shoes.","一位知名運動員為新鞋代言。","",""
"600","005","sponsor","n.","贊助者","The event was funded by several sponsors.","這場活動由多家贊助商出資。","",""
"600","005","exhibit","v.","展出","The firm will exhibit its latest models at the fair.","公司將在展覽上展出最新機種。","",""
"600","005","exhibition","n.","展覽","The art exhibition opens on Saturday.","藝術展覽週六開幕。","",""
"600","005","trade show","n.","貿易展","We met many buyers at the trade show.","我們在貿易展上見到許多買家。","",""
"600","005","booth","n.","攤位","Visit our booth to try a free sample.","歡迎到我們的攤位試用免費樣品。","",""
"600","005","demonstration","n.","示範","The salesperson gave a demonstration of the product.","業務員示範了這項產品。","",""
"600","005","testimonial","n.","客戶推薦語","The website features customer testimonials.","網站上有顧客推薦語。","",""
"600","005","publicity","n.","宣傳；知名度","The event generated a lot of publicity.","這場活動帶來大量宣傳效果。","",""
"600","005","press release","n.","新聞稿","The company issued a press release about the merger.","公司就合併案發布了新聞稿。","",""
"600","005","headline","n.","頭條；標題","The story made headlines across the country.","這則報導登上全國頭條。","",""
"600","005","coverage","n.","報導；涵蓋範圍","The launch received wide media coverage.","產品發表獲得廣泛的媒體報導。","",""
"600","005","reputation","n.","名聲","The hotel has an excellent reputation.","這家飯店口碑極佳。","",""
"600","005","satisfaction","n.","滿意","Customer satisfaction is our top priority.","顧客滿意是我們的首要任務。","",""
"600","005","complaint","n.","抱怨；客訴","We received several complaints about the noise.","我們接到幾件關於噪音的客訴。","He filed a complaint about the noise.","他針對噪音提出了客訴。"
"600","005","inquiry","n.","詢問","Thank you for your inquiry about our services.","感謝你詢問我們的服務。","",""
"600","005","respond","v.","回應","We will respond to your email within one day.","我們會在一天內回覆你的郵件。","",""
"600","005","resolve","v.","解決","The team worked to resolve the problem quickly.","團隊努力迅速解決這個問題。","",""
"600","005","apologize","v.","道歉","We apologize for the inconvenience.","對於造成的不便，我們深表歉意。","I apologize for the late reply.","我為遲覆道歉。"
"600","005","inconvenience","n.","不便","We regret any inconvenience this may cause.","對於可能造成的不便，我們深感抱歉。","",""
"600","005","assure","v.","向…保證","I assure you that the order will arrive on time.","我向你保證訂單會準時送達。","",""
"600","005","guarantee","v.","保證","We guarantee delivery within three days.","我們保證三天內送達。","We guarantee the quality of every item.","我們保證每件商品的品質。"
"600","005","exclusive","adj.","獨家的；專屬的","Members get exclusive access to the sale.","會員可專屬參加特賣。","",""
"600","005","limited","adj.","有限的","This offer is available for a limited time only.","這項優惠僅限時提供。","",""
"600","005","bulk","n.","大量","Customers who buy in bulk receive a discount.","大量購買的顧客可享折扣。","",""
"600","006","acquire","v.","取得；收購","The firm plans to acquire a smaller rival.","這家公司打算收購一家較小的對手。","The company acquired a software firm.","這家公司收購了一家軟體公司。"
"600","006","merger","n.","合併","The merger created the largest bank in the region.","這次合併造就了該地區最大的銀行。","The merger will cut costs.","這次合併將降低成本。"
"600","006","partnership","n.","合夥；合作關係","They formed a partnership to develop the software.","他們結成合作關係來開發這套軟體。","",""
"600","006","subsidiary","n.","子公司","The subsidiary operates independently of the parent firm.","這家子公司獨立於母公司運作。","",""
"600","006","corporation","n.","公司；法人","He is the president of a large corporation.","他是一家大企業的總裁。","",""
"600","006","enterprise","n.","企業；事業","Small enterprises make up most of the local economy.","小型企業占了當地經濟的大部分。","",""
"600","006","startup","n.","新創公司","The startup raised five million dollars.","這家新創公司募得五百萬美元。","",""
"600","006","founder","n.","創辦人","The founder still attends the board meetings.","創辦人仍會出席董事會議。","",""
"600","006","executive","n.","主管；高階經理人","Senior executives will attend the retreat.","資深主管將參加這次聚會。","The executive approved the new budget.","這位主管核准了新預算。"
"600","006","director","n.","董事；主任","The board of directors meets every month.","董事會每個月開會。","The director thanked the staff.","主任感謝了全體員工。"
"600","006","chairperson","n.","主席；董事長","The chairperson called the meeting to order.","主席宣布開會。","",""
"600","006","manager","n.","經理","The store manager will see you now.","店長現在要見你了。","The manager reviewed the schedule.","經理審閱了時程表。"
"600","006","assistant","n.","助理","Her assistant will arrange the travel details.","她的助理會安排差旅細節。","An assistant answers the phones.","有一位助理負責接電話。"
"600","006","receptionist","n.","櫃台人員","Please leave your name with the receptionist.","請把名字留給櫃台人員。","",""
"600","006","secretary","n.","秘書","The secretary booked a conference room.","秘書預訂了一間會議室。","",""
"600","006","representative","n.","代表","A sales representative will contact you shortly.","業務代表很快會與你聯絡。","",""
"600","006","associate","n.","同事；夥伴","She is a senior associate at the law firm.","她是這家律師事務所的資深律師。","",""
"600","006","intern","n.","實習生","The intern helped prepare the presentation.","實習生協助準備簡報。","The intern shadowed the sales team.","實習生跟著業務團隊學習。"
"600","006","trainee","n.","受訓人員","Each trainee is paired with an experienced mentor.","每位受訓人員都配有經驗豐富的導師。","",""
"600","006","mentor","n.","導師；指導者","My mentor taught me how to negotiate.","我的導師教我如何談判。","",""
"600","006","staff","n.","全體職員","The staff were informed of the new policy.","全體職員已被告知新政策。","",""
"600","006","personnel","n.","人事；員工","Only authorized personnel may enter this area.","只有授權人員可以進入這個區域。","",""
"600","006","workforce","n.","勞動力；全體員工","The company has a workforce of two thousand.","公司有兩千名員工。","",""
"600","006","shift","n.","輪班","She works the night shift on weekends.","她週末上夜班。","",""
"600","006","overtime","n.","加班","Employees are paid extra for overtime.","員工加班會獲得額外報酬。","",""
"600","006","resign","v.","辭職","He resigned to start his own business.","他辭職去自己創業。","She resigned after ten years.","她工作十年後辭職了。"
"600","006","dismiss","v.","解僱；駁回","Two employees were dismissed for misconduct.","兩名員工因不當行為被解僱。","",""
"600","006","lay off","v.","裁員","The factory laid off fifty workers.","這間工廠裁了五十名工人。","",""
"600","006","recruit","v.","招募","We are recruiting engineers for the new project.","我們正在為新專案招募工程師。","The firm will recruit twenty graduates.","公司將招募二十名應屆畢業生。"
"600","006","hire","v.","僱用","The company plans to hire ten more people.","公司打算再僱用十個人。","We hire extra staff in summer.","我們夏天會多僱用人手。"
"600","006","appoint","v.","任命；指派","Ms. Park was appointed head of the department.","朴小姐被任命為部門主管。","",""
"600","006","assign","v.","分派","The manager assigned the task to a new employee.","經理把這項任務分派給一名新員工。","",""
"600","006","delegate","v.","授權；委派","Good managers know how to delegate.","好的主管懂得授權。","",""
"600","006","supervise","v.","監督；指導","She supervises a team of twelve.","她督導一個十二人的團隊。","",""
"600","006","collaborate","v.","合作","The two teams collaborated on the design.","兩個團隊在設計上合作。","",""
"600","006","cooperate","v.","配合；合作","Please cooperate with the security staff.","請配合保全人員。","",""
"600","006","participate","v.","參與","All staff are encouraged to participate in the survey.","鼓勵全體員工參與這項調查。","",""
"600","006","contribute","v.","貢獻；捐助","Everyone contributed ideas to the project.","每個人都為這個專案貢獻了點子。","",""
"600","006","responsible","adj.","負責的","She is responsible for training new staff.","她負責訓練新進員工。","",""
"600","006","responsibility","n.","責任；職責","Safety is everyone's responsibility.","安全是每個人的責任。","",""
"600","006","duty","n.","職責；義務","Answering calls is part of her daily duties.","接電話是她日常職責的一部分。","",""
"600","006","task","n.","任務","The task must be completed by Friday.","這項任務必須在週五前完成。","",""
"600","006","objective","n.","目標","The main objective is to reduce costs.","主要目標是降低成本。","",""
"600","006","strategy","n.","策略","The firm adopted a new growth strategy.","公司採用了新的成長策略。","",""
"600","006","policy","n.","政策；方針","Company policy forbids accepting gifts.","公司政策禁止收受禮物。","The refund policy is posted online.","退款政策張貼在網站上。"
"600","006","guideline","n.","準則；指導方針","Please follow the guidelines when writing reports.","撰寫報告時請遵守準則。","",""
"600","006","requirement","n.","要求；必要條件","Meeting the safety requirements is mandatory.","符合安全要求是強制的。","",""
"600","006","eligible","adj.","有資格的","Full-time staff are eligible for the bonus.","全職員工有資格領取獎金。","",""
"600","006","mandatory","adj.","強制的","Attendance at the briefing is mandatory.","出席簡報會是強制的。","",""
"600","006","optional","adj.","非必要的","The workshop is optional but recommended.","這場工作坊是選修，但建議參加。","",""
"600","006","authorize","v.","授權；批准","Only managers can authorize refunds.","只有經理能批准退款。","",""
"450","007","announce","v.","宣布","The company announced a new product line.","公司宣布推出新的產品線。","The airline will announce the new route soon.","航空公司即將宣布新航線。"
"450","007","inform","v.","通知","Please inform us of any change in your address.","地址若有變更請通知我們。","Please inform the guard when you leave.","離開時請通知警衛。"
"450","007","notify","v.","通知","We will notify you when your order ships.","訂單出貨時我們會通知你。","",""
"450","007","notice","n.","通知；注意","Employees were given two weeks' notice.","員工獲得兩週的預告通知。","",""
"450","007","remind","v.","提醒","Remind me to call the supplier tomorrow.","提醒我明天打電話給供應商。","Please remind me to book the room.","請提醒我訂會議室。"
"450","007","request","v.","要求；請求","Customers may request a replacement item.","顧客可以要求更換商品。","",""
"450","007","require","v.","需要；要求","This job requires strong communication skills.","這份工作需要很強的溝通能力。","",""
"450","007","recommend","v.","推薦；建議","I recommend that you book early.","我建議你及早預訂。","I recommend the fish at this restaurant.","我推薦這家餐廳的魚。"
"450","007","suggest","v.","建議；暗示","She suggested moving the meeting to Monday.","她建議把會議移到週一。","What do you suggest we do?","你建議我們怎麼做？"
"450","007","advise","v.","勸告；建議","Experts advise investors to be cautious.","專家建議投資人要謹慎。","",""
"450","007","propose","v.","提議","He proposed a plan to cut waste.","他提出一項減少浪費的計畫。","",""
"450","007","persuade","v.","說服","We could not persuade them to change the date.","我們無法說服他們更改日期。","",""
"450","007","convince","v.","使信服","The data convinced the board to approve the plan.","數據說服了董事會通過這項計畫。","",""
"450","007","discuss","v.","討論","We will discuss the budget at tomorrow's meeting.","我們會在明天的會議討論預算。","Let us discuss the results on Friday.","我們週五來討論結果。"
"450","007","mention","v.","提到","As I mentioned earlier, the deadline is firm.","如我先前提到的，截止日期不會變動。","",""
"450","007","explain","v.","解釋","Could you explain how the system works?","你可以解釋這個系統怎麼運作嗎？","Can you explain the new process?","你可以說明一下新流程嗎？"
"450","007","describe","v.","描述","The report describes the causes of the delay.","報告描述了延誤的原因。","",""
"450","007","emphasize","v.","強調","The speaker emphasized the importance of safety.","講者強調了安全的重要性。","",""
"450","007","indicate","v.","指出；顯示","Results indicate that sales are improving.","結果顯示銷售正在好轉。","",""
"450","007","reveal","v.","揭露；透露","The survey revealed a drop in satisfaction.","調查顯示滿意度下降。","",""
"450","007","complain","v.","抱怨","Several guests complained about the noise.","幾位房客抱怨太吵。","",""
"450","007","express","v.","表達","She expressed her thanks to the whole team.","她向全體團隊表達謝意。","",""
"450","007","oppose","v.","反對","Residents oppose the plan to build a factory.","居民反對興建工廠的計畫。","",""
"450","007","agree","v.","同意","Both sides agreed to meet again next week.","雙方同意下週再會面。","",""
"450","007","disagree","v.","不同意","I disagree with the proposed changes.","我不同意所提議的變更。","",""
"450","007","accept","v.","接受","She accepted the job offer yesterday.","她昨天接受了這份工作邀約。","",""
"450","007","refuse","v.","拒絕","The bank refused to extend the loan.","銀行拒絕展延這筆貸款。","",""
"450","007","reject","v.","駁回；拒絕","The manager rejected the request for leave.","經理駁回了請假申請。","",""
"450","007","postpone","v.","延期","The event has been postponed until next month.","活動已延到下個月。","We had to postpone the trip.","我們不得不延後這趟旅行。"
"450","007","reschedule","v.","重新安排時間","We had to reschedule the interview.","我們得重新安排面試時間。","",""
"450","007","extend","v.","延長；擴展","The deadline has been extended by two days.","截止日期延長了兩天。","The library will extend its opening hours.","圖書館將延長開放時間。"
"450","007","prolong","v.","延長","Regular care will prolong the life of the machine.","定期保養會延長機器的壽命。","",""
"450","007","cancel","v.","取消","Please cancel my reservation for Friday.","請取消我週五的預約。","",""
"450","007","complete","v.","完成","The renovation will be completed in June.","整修工程將在六月完成。","Please complete the form in black ink.","請用黑筆填寫完這份表格。"
"450","007","finish","v.","完成；結束","Have you finished the quarterly report?","你完成季報告了嗎？","",""
"450","007","conclude","v.","結束；下結論","The talks concluded without an agreement.","會談在沒有協議的情況下結束。","",""
"450","007","achieve","v.","達成","The team achieved its sales target.","團隊達成了銷售目標。","She achieved her goals in two years.","她兩年內達成了目標。"
"450","007","accomplish","v.","完成；實現","We accomplished more than we expected.","我們完成的比預期還多。","",""
"450","007","succeed","v.","成功","The campaign succeeded in attracting new customers.","這次活動成功吸引了新顧客。","",""
"450","007","fail","v.","失敗","The test failed because of a software error.","測試因軟體錯誤而失敗。","",""
"450","007","improve","v.","改善","Service has improved significantly this year.","今年的服務明顯改善。","Regular practice will improve your speaking.","規律練習會讓你的口說進步。"
"450","007","enhance","v.","提升；增強","The update will enhance the app's performance.","這次更新會提升應用程式的效能。","",""
"450","007","reduce","v.","減少","We aim to reduce energy consumption by ten percent.","我們的目標是減少百分之十的能源消耗。","We want to reduce paper waste.","我們想減少紙張浪費。"
"450","007","expand","v.","擴張","The chain plans to expand into new markets.","這家連鎖店打算擴展到新市場。","The cafe plans to expand next year.","這間咖啡廳計畫明年擴大營業。"
"450","007","maintain","v.","維持；保養","Staff must maintain a clean work area.","員工必須保持工作區域整潔。","Please maintain a safe distance.","請保持安全距離。"
"450","007","establish","v.","建立；設立","The firm was established in 1985.","這家公司成立於 1985 年。","The founders established the firm in 1990.","創辦人於 1990 年成立了這家公司。"
"600","008","property","n.","房地產；財產","The agency manages several commercial properties.","這間仲介公司管理多處商用不動產。","The agency sells property overseas.","這間仲介公司在海外銷售不動產。"
"600","008","landlord","n.","房東","The landlord agreed to repair the heating system.","房東同意修理暖氣系統。","The landlord raised the rent.","房東調漲了租金。"
"600","008","tenant","n.","房客；承租人","Tenants must pay rent by the first of the month.","房客必須在每月一日前繳租。","The tenant reported a leak.","房客通報了漏水。"
"600","008","lease","n.","租約","The lease runs for three years.","這份租約為期三年。","",""
"600","008","rent","n.","租金","Rent is due on the fifth of every month.","租金在每月五日到期。","The rent includes water and gas.","租金包含水費和瓦斯費。"
"600","008","utilities","n.","水電瓦斯等公用事業","Utilities are included in the monthly rent.","水電瓦斯費包含在月租中。","",""
"600","008","premises","n.","房屋；場所","Smoking is not allowed on the premises.","場所內禁止吸菸。","",""
"600","008","facility","n.","設施","The new facility includes a modern laboratory.","新設施包含一間現代化的實驗室。","The sports facility opens at six.","這座運動設施六點開放。"
"600","008","renovation","n.","整修","The lobby is closed for renovation.","大廳因整修而關閉。","Renovation will begin in spring.","整修工程將在春天開始。"
"600","008","construction","n.","營建；施工","Construction of the bridge will take two years.","這座橋的施工需要兩年。","",""
"600","008","contractor","n.","承包商","The contractor finished the project ahead of schedule.","承包商提前完成了工程。","",""
"600","008","architect","n.","建築師","The architect presented the design to the council.","建築師向議會展示了設計。","",""
"600","008","blueprint","n.","藍圖","The blueprints show where the walls will go.","藍圖標示了牆壁的位置。","",""
"600","008","foundation","n.","地基；基金會","Workers poured the foundation last week.","工人上週灌了地基。","",""
"600","008","scaffolding","n.","鷹架","Scaffolding surrounds the old building.","這棟老建築周圍搭著鷹架。","",""
"600","008","permit","n.","許可證","You need a permit to build an extension.","增建需要許可證。","",""
"600","008","zoning","n.","分區規劃","Zoning laws limit the height of buildings.","分區法規限制建築物高度。","",""
"600","008","inspection","n.","檢查；視察","The building passed the fire inspection.","這棟建築通過了消防檢查。","",""
"600","008","elevator","n.","電梯","The elevator is out of service today.","電梯今天停用。","Please use the elevator on the left.","請使用左邊的電梯。"
"600","008","escalator","n.","手扶梯","Take the escalator to the second floor.","請搭手扶梯到二樓。","",""
"600","008","stairway","n.","樓梯","Keep the stairway clear in case of fire.","請保持樓梯暢通以防火災。","",""
"600","008","entrance","n.","入口","The main entrance faces the parking lot.","主要入口面向停車場。","The entrance is on the east side.","入口在東側。"
"600","008","exit","n.","出口","The nearest exit is at the end of the hall.","最近的出口在走廊盡頭。","Please use the emergency exit.","請使用緊急出口。"
"600","008","corridor","n.","走廊","The offices are along the main corridor.","辦公室沿著主要走廊排列。","",""
"600","008","parking lot","n.","停車場","The parking lot is full by nine a.m.","停車場早上九點就滿了。","",""
"600","008","garage","n.","車庫","The garage can hold two cars.","這個車庫可停兩輛車。","",""
"600","008","storage","n.","儲存；儲藏","Extra chairs are kept in storage.","多餘的椅子存放在儲藏室。","",""
"600","008","cabinet","n.","櫃子","The files are in the cabinet by the window.","檔案在窗邊的櫃子裡。","",""
"600","008","furniture","n.","家具","The office furniture will be delivered on Monday.","辦公家具週一送到。","The shop sells second-hand furniture.","這家店賣二手家具。"
"600","008","fixture","n.","固定設備","Light fixtures are included in the sale.","燈具包含在出售範圍內。","",""
"600","008","appliance","n.","家電用品","Kitchen appliances are on sale this week.","廚房家電本週特價。","",""
"600","008","photocopier","n.","影印機","The photocopier is out of paper again.","影印機又沒紙了。","",""
"600","008","printer","n.","印表機","The printer on the third floor is jammed.","三樓的印表機卡紙了。","",""
"600","008","stationery","n.","文具","Order more stationery before the end of the month.","請在月底前多訂購一些文具。","",""
"600","008","supplies","n.","用品","We are running low on office supplies.","我們的辦公用品快不夠了。","",""
"600","008","cubicle","n.","隔間辦公桌","Her cubicle is next to the window.","她的隔間辦公桌就在窗邊。","",""
"600","008","workspace","n.","工作空間","The open workspace encourages teamwork.","開放式工作空間鼓勵團隊合作。","",""
"600","008","conference room","n.","會議室","The conference room seats twenty people.","這間會議室可坐二十人。","",""
"600","008","cafeteria","n.","員工餐廳","Lunch is served in the cafeteria at noon.","午餐中午在員工餐廳供應。","",""
"600","008","break room","n.","休息室","There is fresh coffee in the break room.","休息室有新煮的咖啡。","",""
"600","008","restroom","n.","洗手間","The restrooms are located near the elevator.","洗手間在電梯附近。","",""
"600","008","janitor","n.","清潔工","The janitor cleans the building every night.","清潔工每晚清掃這棟大樓。","",""
"600","008","security","n.","保全；安全","Security checks all visitors at the front desk.","保全人員在櫃台檢查所有訪客。","Airport security checks every bag.","機場安檢會檢查每個包包。"
"600","008","badge","n.","識別證","Please wear your badge at all times.","請隨時配戴識別證。","",""
"600","008","alarm","n.","警報","The fire alarm went off during the meeting.","開會時火災警報響了。","",""
"600","008","evacuate","v.","疏散","Staff were evacuated when the alarm sounded.","警報響起時員工被疏散。","",""
"600","008","hazard","n.","危險物；危害","Wet floors are a safety hazard.","濕滑的地板是安全隱患。","",""
"600","008","emergency","n.","緊急情況","In an emergency, call the front desk.","遇到緊急情況，請打電話給櫃台。","Call this number in an emergency.","遇到緊急情況請撥這個號碼。"
"600","008","ventilation","n.","通風","The room has poor ventilation.","這個房間通風不良。","",""
"600","008","heating","n.","暖氣","The heating will be turned on in November.","暖氣將在十一月開啟。","",""
"450","009","cuisine","n.","料理；菜系","The restaurant is known for its Thai cuisine.","這家餐廳以泰式料理聞名。","",""
"450","009","menu","n.","菜單","The menu changes with the seasons.","菜單隨季節更換。","The menu offers three vegetarian dishes.","菜單上有三道素食料理。"
"450","009","appetizer","n.","開胃菜","We ordered a salad as an appetizer.","我們點了一份沙拉當開胃菜。","",""
"450","009","beverage","n.","飲料","Complimentary beverages are served on board.","機上供應免費飲料。","",""
"450","009","ingredient","n.","食材；成分","All ingredients are sourced from local farms.","所有食材都來自當地農場。","",""
"450","009","catering","n.","外燴；餐飲服務","The company hired a firm to handle the catering.","公司僱了一家業者負責外燴。","",""
"450","009","banquet","n.","宴會","The annual banquet will be held at the Grand Hotel.","年度宴會將在大飯店舉行。","",""
"450","009","reception","n.","接待；歡迎會","A reception will follow the ceremony.","儀式後會有歡迎酒會。","",""
"450","009","ceremony","n.","典禮","The award ceremony starts at seven.","頒獎典禮七點開始。","",""
"450","009","celebrate","v.","慶祝","We celebrated the opening of the new branch.","我們慶祝新分店開幕。","",""
"450","009","anniversary","n.","週年紀念","The firm marks its twentieth anniversary this year.","公司今年迎來二十週年。","",""
"450","009","invitation","n.","邀請函","Invitations were sent to all clients.","邀請函已寄給所有客戶。","",""
"450","009","guest","n.","賓客；房客","Each guest received a small gift.","每位賓客都收到一份小禮物。","Hotel guests may use the gym for free.","飯店房客可免費使用健身房。"
"450","009","host","n.","主辦人","The host welcomed everyone to the dinner.","主辦人歡迎大家來參加晚宴。","Our host showed us around the office.","我們的主人帶我們參觀了辦公室。"
"450","009","venue","n.","場地","The venue can accommodate up to 300 people.","這個場地最多可容納三百人。","The wedding venue was a garden.","婚禮場地是一座花園。"
"450","009","registration","n.","報名；登記","Registration for the seminar closes on Friday.","研討會報名在週五截止。","",""
"450","009","seminar","n.","研討會","She gave a seminar on time management.","她主講了一場時間管理研討會。","The seminar on taxes starts at two.","稅務研討會兩點開始。"
"450","009","workshop","n.","工作坊","The workshop covers basic accounting skills.","這場工作坊涵蓋基本會計技能。","",""
"450","009","conference","n.","會議；大會","The annual conference draws over a thousand attendees.","年度大會吸引了一千多名與會者。","",""
"450","009","lecture","n.","演講；授課","The professor gave a lecture on global trade.","教授進行了一場全球貿易的演講。","",""
"450","009","presentation","n.","簡報","Her presentation was clear and well organized.","她的簡報清楚又有條理。","She prepared a short presentation for the board.","她為董事會準備了一場簡短的簡報。"
"450","009","speaker","n.","演講者","The keynote speaker is a famous economist.","主題演講者是一位知名經濟學家。","",""
"450","009","participant","n.","參加者","Participants will receive a certificate.","參加者將獲得證書。","",""
"450","009","attendee","n.","與會者","Attendees are asked to wear name tags.","與會者須配戴名牌。","",""
"450","009","admission","n.","入場；入場費","Admission is free for children under six.","六歲以下兒童免費入場。","Admission to the museum is free on Sundays.","博物館週日免費入場。"
"450","009","admit","v.","准許進入；承認","The ticket admits one person.","這張票限一人入場。","",""
"450","009","performance","n.","表演；績效","The performance begins at eight p.m.","表演晚上八點開始。","",""
"450","009","theater","n.","劇院","The theater is next to the bus station.","劇院就在公車站旁邊。","",""
"450","009","museum","n.","博物館","The museum is closed on Mondays.","博物館週一休館。","",""
"450","009","gallery","n.","畫廊","The gallery displays works by local artists.","這間畫廊展出當地藝術家的作品。","",""
"450","009","physician","n.","醫師","Please consult your physician before starting the program.","開始這項計畫前請諮詢你的醫師。","",""
"450","009","prescription","n.","處方","You need a prescription to buy this medicine.","購買這種藥需要處方箋。","The pharmacist filled my prescription.","藥師調好了我的處方藥。"
"450","009","pharmacy","n.","藥局","The pharmacy closes at nine.","藥局九點關門。","",""
"450","009","symptom","n.","症狀","Fever is a common symptom of the flu.","發燒是流感常見的症狀。","Headache can be a symptom of stress.","頭痛可能是壓力的症狀。"
"450","009","treatment","n.","治療；處理","The clinic offers treatment for back pain.","這間診所提供背痛的治療。","",""
"450","009","patient","n.","病患","The nurse checked on each patient.","護理師逐一查看每位病患。","The nurse spoke kindly to the patient.","護理師親切地對病患說話。"
"450","009","clinic","n.","診所","The clinic is open from nine to five.","診所營業時間是九點到五點。","",""
"450","009","checkup","n.","健康檢查","Employees receive a free annual checkup.","員工每年可享免費健康檢查。","",""
"450","009","dental","adj.","牙齒的","The plan covers dental and vision care.","這個方案涵蓋牙科與視力保健。","",""
"450","009","fitness","n.","健身；健康","The company has a fitness center for staff.","公司為員工設有健身中心。","",""
"450","009","nutrition","n.","營養","Good nutrition improves concentration.","良好的營養能提升專注力。","",""
"450","009","vaccine","n.","疫苗","The vaccine is available at local clinics.","當地診所可施打這種疫苗。","",""
"450","009","software","n.","軟體","The software updates automatically.","這套軟體會自動更新。","The software needs an update.","這個軟體需要更新。"
"450","009","hardware","n.","硬體","The store sells computer hardware and accessories.","這家店販售電腦硬體與配件。","",""
"450","009","database","n.","資料庫","All customer details are kept in a secure database.","所有客戶資料都存放在安全的資料庫中。","The database holds ten years of records.","這個資料庫存有十年的紀錄。"
"450","009","network","n.","網路；人脈","The network was down for two hours.","網路中斷了兩個小時。","",""
"450","009","password","n.","密碼","Choose a password that is hard to guess.","請設定一組不易被猜到的密碼。","Never share your password with anyone.","絕對不要把密碼告訴任何人。"
"450","009","download","v.","下載","You can download the form from our website.","你可以從我們網站下載這份表格。","You can download the file for free.","你可以免費下載這個檔案。"
"450","009","attachment","n.","附件","Please open the attachment for details.","詳情請開啟附件。","",""
"600","010","significant","adj.","顯著的；重大的","There has been a significant increase in demand.","需求出現了顯著的成長。","",""
"600","010","substantial","adj.","大量的；實質的","The firm made a substantial profit last year.","公司去年獲得可觀的利潤。","",""
"600","010","considerable","adj.","相當大的","The project required considerable effort.","這個專案需要相當大的心力。","",""
"600","010","sufficient","adj.","足夠的","We have sufficient funds to complete the work.","我們有足夠的資金完成工作。","",""
"600","010","adequate","adj.","足夠的；適當的","The room provides adequate space for ten people.","這個房間有足夠的空間容納十人。","",""
"600","010","necessary","adj.","必要的","It is necessary to book in advance.","必須提前預訂。","",""
"600","010","essential","adj.","不可或缺的","Teamwork is essential to our success.","團隊合作是我們成功的關鍵。","",""
"600","010","available","adj.","可用的；有空的","The manager is not available until Monday.","經理週一以前都不在。","",""
"600","010","unavailable","adj.","無法取得的；不在的","The item is temporarily unavailable.","這項商品暫時缺貨。","",""
"600","010","appropriate","adj.","適當的","Business attire is appropriate for the event.","這場活動適合穿著商務服裝。","",""
"600","010","suitable","adj.","合適的","She is the most suitable candidate for the job.","她是這份工作最合適的人選。","",""
"600","010","relevant","adj.","相關的","Please include only relevant information.","請只附上相關資訊。","",""
"600","010","potential","adj.","潛在的","We have identified several potential buyers.","我們找到幾位潛在買家。","",""
"600","010","current","adj.","目前的","Our current system is out of date.","我們目前的系統已經過時。","",""
"600","010","previous","adj.","先前的","Her previous employer was a bank.","她先前的雇主是一家銀行。","",""
"600","010","upcoming","adj.","即將到來的","The upcoming merger has raised concerns.","即將到來的合併引起了疑慮。","",""
"600","010","recent","adj.","最近的","Recent studies show a change in consumer habits.","近期研究顯示消費習慣有所改變。","",""
"600","010","temporary","adj.","暫時的","He took a temporary job during the summer.","他在夏天做了一份臨時工作。","",""
"600","010","permanent","adj.","永久的；長期的","She was offered a permanent position.","她獲得了一份長期職位。","",""
"600","010","immediate","adj.","立即的","The situation requires immediate action.","這個情況需要立刻採取行動。","",""
"600","010","prompt","adj.","迅速的","Thank you for your prompt reply.","謝謝你迅速的回覆。","",""
"600","010","punctual","adj.","準時的","Employees are expected to be punctual.","員工須準時。","",""
"600","010","accurate","adj.","準確的","Please make sure the figures are accurate.","請確認數字正確無誤。","",""
"600","010","precise","adj.","精確的","The instructions must be precise.","說明必須精確。","",""
"600","010","consistent","adj.","一致的；穩定的","The team delivers consistent results.","這個團隊交出穩定的成果。","",""
"600","010","flexible","adj.","有彈性的","We offer flexible working hours.","我們提供彈性工時。","",""
"600","010","convenient","adj.","方便的","The hotel is in a convenient location.","這家飯店位置很方便。","",""
"600","010","affordable","adj.","負擔得起的","The firm offers affordable housing.","這家公司提供平價住宅。","",""
"600","010","expensive","adj.","昂貴的","Fresh seafood is expensive in this area.","這個地區的新鮮海鮮很貴。","",""
"600","010","economical","adj.","經濟實惠的","The new car is very economical to run.","這輛新車使用起來很省錢。","",""
"600","010","frequent","adj.","頻繁的","Frequent travelers earn bonus points.","常旅客可累積紅利點數。","",""
"600","010","regular","adj.","定期的；一般的","Regular meetings are held on Tuesdays.","例行會議在週二舉行。","",""
"600","010","annual","adj.","年度的","The annual report will be published in March.","年度報告將在三月發布。","",""
"600","010","monthly","adj.","每月的","A monthly newsletter keeps clients informed.","每月電子報讓客戶隨時掌握消息。","",""
"600","010","weekly","adj.","每週的","The team holds a weekly status meeting.","團隊每週召開進度會議。","",""
"600","010","daily","adj.","每日的","Daily deliveries are made before ten a.m.","每日配送在上午十點前完成。","",""
"600","010","previously","adv.","先前","The store previously occupied the corner lot.","這家店先前位於轉角那塊地。","",""
"600","010","currently","adv.","目前","The manager is currently out of the office.","經理目前不在辦公室。","",""
"600","010","recently","adv.","最近","We recently moved to a larger office.","我們最近搬到較大的辦公室。","",""
"600","010","promptly","adv.","迅速地","Please reply promptly to the invitation.","請儘快回覆邀請。","",""
"600","010","immediately","adv.","立即","Report any problem immediately.","有任何問題請立即回報。","",""
"600","010","eventually","adv.","最終","The company eventually reached its goal.","公司最終達成了目標。","",""
"600","010","approximately","adv.","大約","The trip takes approximately two hours.","這趟路程大約需要兩小時。","",""
"600","010","nearly","adv.","幾乎","Nearly all the seats were taken.","幾乎所有座位都被坐滿了。","",""
"600","010","mostly","adv.","大多","The audience was mostly young professionals.","觀眾大多是年輕的專業人士。","",""
"600","010","increasingly","adv.","越來越","Customers are increasingly shopping online.","顧客越來越常在網路上購物。","",""
"600","010","significantly","adv.","顯著地","Costs have fallen significantly.","成本已顯著下降。","",""
"600","010","carefully","adv.","仔細地","Please read the contract carefully before signing.","簽約前請仔細閱讀合約。","",""
"730","011","application","n.","申請；應用程式","Your application will be reviewed within a week.","你的申請會在一週內審核。","",""
"730","011","applicant","n.","申請人","Each applicant must provide two references.","每位申請人須提供兩位推薦人。","",""
"730","011","reference","n.","推薦人；參考","She listed her former manager as a reference.","她把前任主管列為推薦人。","",""
"730","011","document","n.","文件","Please bring all required documents to the interview.","請把所有必要文件帶來面試。","",""
"730","011","form","n.","表格","Fill out the form and return it to the front desk.","請填好表格交回櫃台。","",""
"730","011","signature","n.","簽名","A signature is required on the delivery form.","送貨單上需要簽名。","",""
"730","011","certificate","n.","證書","She received a certificate of completion.","她獲得了結業證書。","",""
"730","011","license","n.","執照","You need a license to operate this machine.","操作這台機器需要執照。","",""
"730","011","identification","n.","身分證明","Please show identification at the entrance.","請在入口出示身分證明。","",""
"730","011","verify","v.","核實；驗證","Staff will verify your address before shipping.","出貨前員工會核實你的地址。","",""
"730","011","register","v.","註冊；登記","Participants must register online by Friday.","參加者必須在週五前上網登記。","",""
"730","011","enroll","v.","註冊入學；加入","She enrolled in an evening accounting course.","她報名了一門夜間會計課程。","",""
"730","011","renew","v.","更新；續約","Remember to renew your membership this month.","記得這個月續辦你的會員資格。","",""
"730","011","expire","v.","到期","Your passport will expire in March.","你的護照將在三月到期。","",""
"730","011","valid","adj.","有效的","The coupon is valid until the end of June.","這張優惠券六月底前有效。","",""
"730","011","cancellation","n.","取消","Cancellation must be made 24 hours in advance.","取消須在二十四小時前提出。","",""
"730","011","claim","n.","索賠；主張","She filed a claim for the damaged luggage.","她為受損的行李提出索賠。","",""
"730","011","premium","n.","保險費；溢價","The monthly premium is deducted from your salary.","每月保費從你的薪水中扣除。","",""
"730","011","compensation","n.","補償；薪酬","Employees will receive compensation for overtime.","員工加班將獲得補償。","",""
"730","011","penalty","n.","罰款；處罰","A penalty applies for late submission.","逾期繳交會被處以罰款。","",""
"730","011","fine","n.","罰金","Drivers face a fine for parking here.","在這裡停車的駕駛會被罰款。","",""
"730","011","violation","n.","違反","The company was fined for a safety violation.","公司因違反安全規定被罰款。","",""
"730","011","liable","adj.","有責任的","The firm is liable for any damage caused.","公司須對所造成的任何損害負責。","",""
"730","011","consent","n.","同意","Parents must give written consent for the trip.","家長必須為這次旅行給予書面同意。","",""
"730","011","permission","n.","許可","You need permission to use the company logo.","使用公司標誌需要許可。","",""
"730","011","approval","n.","核准","The plan is awaiting approval from the board.","這項計畫正等待董事會核准。","",""
"730","011","restriction","n.","限制","There are restrictions on how the funds may be used.","資金的用途有所限制。","",""
"730","011","prohibit","v.","禁止","Smoking is prohibited in all areas of the building.","大樓內所有區域禁止吸菸。","",""
"730","011","forbid","v.","禁止","Company rules forbid the use of personal email.","公司規定禁止使用私人電子郵件。","",""
"730","011","allow","v.","允許","Visitors are not allowed in the laboratory.","訪客不得進入實驗室。","",""
"730","011","oblige","v.","迫使；使負有義務","Employees are obliged to follow the safety code.","員工有義務遵守安全規範。","",""
"730","011","enforce","v.","執行；實施","The city will enforce the new parking rules.","市政府將執行新的停車規定。","",""
"730","011","implement","v.","實施","The firm will implement the changes in July.","公司將在七月實施這些變更。","",""
"730","011","adopt","v.","採用","The company adopted a four-day work week.","公司採用了每週四天工作制。","",""
"730","011","adjust","v.","調整","You can adjust the chair to your height.","你可以依身高調整椅子。","",""
"730","011","modify","v.","修改","Please modify the design according to the feedback.","請根據意見修改設計。","",""
"730","011","amend","v.","修訂","The contract was amended to include a new clause.","合約經修訂加入了一項新條款。","",""
"730","011","alter","v.","改變","The tailor will alter the jacket for you.","裁縫師會替你修改外套。","",""
"730","011","convert","v.","轉換","The old factory was converted into offices.","舊工廠被改建成辦公室。","",""
"730","011","update","v.","更新","Please update your contact information.","請更新你的聯絡資料。","",""
"730","011","revision","n.","修訂版","The revision includes several important changes.","修訂版包含幾項重要的變更。","",""
"730","011","draft","n.","草稿","Send me the first draft by Wednesday.","請在週三前把初稿寄給我。","",""
"730","011","proofread","v.","校對","Please proofread the brochure before printing.","印刷前請先校對這本手冊。","",""
"730","011","edit","v.","編輯","She edits the company's monthly newsletter.","她負責編輯公司的月刊。","",""
"730","011","publish","v.","出版；發布","The report will be published next week.","這份報告將於下週發布。","",""
"730","011","circulate","v.","傳閱；流通","The memo was circulated to all departments.","這份備忘錄已傳閱給所有部門。","",""
"730","012","analyze","v.","分析","The team will analyze the survey results.","團隊會分析調查結果。","",""
"730","012","analysis","n.","分析","The analysis shows a rise in online sales.","分析顯示網路銷售上升。","",""
"730","012","evaluate","v.","評估","Managers evaluate staff performance every year.","主管每年評估員工的表現。","",""
"730","012","assess","v.","評量；評估","Experts will assess the damage next week.","專家下週會評估損害程度。","",""
"730","012","review","v.","審查；複習","The committee will review all applications.","委員會會審查所有申請。","",""
"730","012","examine","v.","檢查；審查","Auditors examined the company's financial records.","審計員檢查了公司的財務紀錄。","",""
"730","012","investigate","v.","調查","Police are investigating the cause of the fire.","警方正在調查火災的原因。","",""
"730","012","research","n.","研究","The company spends millions on research each year.","公司每年投入數百萬在研究上。","",""
"730","012","compile","v.","彙編","She compiled a list of potential suppliers.","她彙整了一份潛在供應商名單。","",""
"730","012","collect","v.","收集","We collect data from over a hundred stores.","我們從一百多家店收集資料。","",""
"730","012","gather","v.","聚集；蒐集","Please gather all the receipts for the audit.","請把所有收據集中起來供審計用。","",""
"730","012","measure","v.","測量；衡量","We measure success by customer satisfaction.","我們以顧客滿意度來衡量成功。","",""
"730","012","track","v.","追蹤","You can track your package online.","你可以在線上追蹤你的包裹。","",""
"730","012","record","n.","紀錄","The clinic keeps a record of every visit.","診所保存每次就診的紀錄。","She holds the company sales record.","她保持著公司的銷售紀錄。"
"730","012","summarize","v.","摘要","Please summarize the main points of the report.","請摘要這份報告的重點。","",""
"730","012","outline","n.","大綱","She prepared an outline of the speech.","她準備了演講大綱。","",""
"730","012","overview","n.","概要","The first chapter gives an overview of the industry.","第一章概述了這個產業。","",""
"730","012","figure","n.","數字；人物","The sales figures were better than expected.","銷售數字比預期還好。","",""
"730","012","statistics","n.","統計數據","Statistics show a steady rise in exports.","統計數據顯示出口穩定成長。","",""
"730","012","percentage","n.","百分比","A large percentage of customers prefer online shopping.","很大比例的顧客偏好網路購物。","",""
"730","012","ratio","n.","比率","The ratio of men to women in the office is even.","辦公室裡男女比例持平。","",""
"730","012","average","n.","平均","The average cost of a ticket is fifty dollars.","機票平均費用是五十美元。","",""
"730","012","total","n.","總計","The total comes to two hundred dollars.","總計是兩百美元。","",""
"730","012","amount","n.","數量；金額","A large amount of data was lost.","大量資料遺失了。","",""
"730","012","quantity","n.","數量","Discounts are offered on large quantities.","大量購買享有折扣。","",""
"730","012","majority","n.","多數","The majority of employees voted in favor.","大多數員工投票贊成。","",""
"730","012","minority","n.","少數","Only a minority of customers complained.","只有少數顧客抱怨。","",""
"730","012","range","n.","範圍；系列","The store offers a wide range of products.","這家店提供種類繁多的商品。","",""
"730","012","variety","n.","多樣性","The menu offers a variety of vegetarian dishes.","菜單提供多種素食料理。","",""
"730","012","option","n.","選項","You have two options for payment.","你有兩種付款選擇。","",""
"730","012","alternative","n.","替代方案","We are looking for an alternative supplier.","我們正在尋找替代的供應商。","",""
"730","012","priority","n.","優先事項","Safety is our top priority.","安全是我們的首要考量。","",""
"730","012","issue","n.","議題；問題；（刊物的）期","The main issue is the lack of funding.","主要問題是資金不足。","The June issue of the magazine is out.","雜誌的六月號出刊了。"
"730","012","problem","n.","問題","We have identified the problem with the server.","我們已找出伺服器的問題。","",""
"730","012","solution","n.","解決方案","The team came up with a creative solution.","團隊想出了一個有創意的解決方案。","",""
"730","012","challenge","n.","挑戰","Recruiting skilled workers is a major challenge.","招募熟練工人是一大挑戰。","",""
"730","012","opportunity","n.","機會","The job offers an opportunity to travel.","這份工作提供出差的機會。","",""
"730","012","risk","n.","風險","Investors should consider the risks involved.","投資人應考慮其中的風險。","",""
"730","012","advantage","n.","優勢","Experience is a clear advantage in this role.","經驗在這個職務上是明顯的優勢。","",""
"730","012","disadvantage","n.","劣勢","A disadvantage of the plan is its high cost.","這個計畫的缺點是成本高。","",""
"730","012","impact","n.","影響","The new law will have a major impact on small firms.","新法對小公司將有重大影響。","",""
"730","012","effect","n.","效果；影響","The ad had a positive effect on sales.","這則廣告對銷售有正面效果。","",""
"730","012","influence","n.","影響力","Social media has a strong influence on buying habits.","社群媒體對購買習慣有強大影響。","",""
"730","012","result","n.","結果","The test results will be available on Monday.","測驗結果週一會出來。","",""
"730","012","outcome","n.","成果；結果","We are pleased with the outcome of the talks.","我們對會談的結果感到滿意。","",""
"730","012","consequence","n.","後果","Missing the deadline could have serious consequences.","錯過期限可能會有嚴重後果。","",""
"730","012","cause","n.","原因","The cause of the delay is still unknown.","延誤的原因仍不明。","",""
"730","012","reason","n.","理由","Please state your reason for leaving.","請說明你離職的理由。","",""
"600","013","abroad","adv.","在國外","She spent two years working abroad.","她在國外工作了兩年。","",""
"600","013","access","n.","使用權；存取","Staff have access to the database from home.","員工在家就能存取資料庫。","",""
"600","013","accompany","v.","陪同；伴隨","Children must be accompanied by an adult.","兒童須由成人陪同。","",""
"600","013","addition","n.","增加；附加","In addition, we offer free delivery.","此外，我們還提供免費送貨。","",""
"600","013","additional","adj.","額外的","Additional charges may apply.","可能會收取額外費用。","",""
"600","013","address","v.","處理；演說；在信封上寫收件地址","The manager addressed the concerns of the staff.","經理回應了員工的疑慮。","Please address the envelope to Ms. Lin.","請在信封上寫上林小姐的地址。"
"600","013","advance","n.","預先；進展","Please submit your request in advance.","請事先提出你的申請。","",""
"600","013","affect","v.","影響","The weather may affect our delivery schedule.","天氣可能會影響我們的送貨時程。","",""
"600","013","agency","n.","代理商；機構","The agency arranged all of our travel.","代理商安排了我們所有的旅程。","",""
"600","013","alert","v.","警示","The system alerts staff when stock is low.","庫存不足時系統會提醒員工。","",""
"600","013","allocate","v.","分配","We allocated more funds to research.","我們把更多經費分配給研發。","",""
"600","013","alongside","prep.","與…並排；與…一起","The new model will be sold alongside the old one.","新款將與舊款一起販售。","",""
"600","013","amid","prep.","在…之中","Sales rose amid growing competition.","在競爭加劇之下，銷售仍上升。","",""
"600","013","anticipate","v.","預期","We anticipate a busy holiday season.","我們預期假期旺季會很忙。","",""
"600","013","appear","v.","出現；似乎","The error message appears when you log in.","登入時會出現錯誤訊息。","",""
"600","013","apply","v.","申請；適用","The discount applies to all items in the store.","這項折扣適用於店內所有商品。","",""
"600","013","appreciate","v.","感激；欣賞","We appreciate your patience.","感謝你的耐心。","",""
"600","013","approach","n.","方法；途徑","We took a new approach to marketing.","我們採用了新的行銷方式。","",""
"600","013","arrange","v.","安排","She arranged a meeting with the client.","她安排了與客戶的會面。","",""
"600","013","aspect","n.","方面","Every aspect of the project was reviewed.","專案的每個層面都經過審查。","",""
"600","013","assume","v.","假設；承擔","We assume that the shipment will arrive on time.","我們假設貨會準時到達。","",""
"600","013","attach","v.","附上","Please attach a copy of your receipt.","請附上收據影本。","",""
"600","013","attempt","n.","嘗試","Her first attempt to contact him failed.","她第一次聯絡他的嘗試失敗了。","",""
"600","013","attract","v.","吸引","The festival attracts visitors from all over the world.","這個節慶吸引來自世界各地的遊客。","",""
"600","013","authority","n.","權力；主管機關","Only the local authority can issue the permit.","只有地方主管機關能核發許可。","",""
"600","013","aware","adj.","知道的","Please be aware of the new safety rules.","請注意新的安全規定。","",""
"600","013","barely","adv.","幾乎不；勉強","We barely made it to the airport in time.","我們勉強及時趕到機場。","",""
"600","013","basis","n.","基礎；基準","Payments are made on a monthly basis.","款項按月支付。","",""
"600","013","behalf","n.","代表","I am writing on behalf of the whole team.","我代表整個團隊來信。","",""
"600","013","beneficial","adj.","有益的","The training was beneficial to all participants.","這次訓練對所有參加者都有益。","",""
"600","013","boost","v.","提振","The sale helped boost our revenue.","這次特賣有助於提振我們的營收。","",""
"600","013","brief","adj.","簡短的","Please give a brief summary of the report.","請簡要摘述這份報告。","",""
"600","013","broaden","v.","拓寬","The course will broaden your knowledge of marketing.","這門課會拓展你對行銷的認識。","",""
"600","013","capable","adj.","有能力的","She is a capable and hardworking manager.","她是個能幹又勤奮的經理。","",""
"600","013","cautious","adj.","謹慎的","Investors are cautious about the new market.","投資人對新市場態度謹慎。","",""
"600","013","chance","n.","機會；可能性","There is a good chance of rain tomorrow.","明天很有可能下雨。","",""
"600","013","circumstance","n.","情況；環境","Under no circumstances should you open the door.","無論如何都不要開門。","",""
"600","013","clarify","v.","釐清","Could you clarify what you mean by that?","你可以進一步說明你的意思嗎？","",""
"600","013","commit","v.","承諾；投入","The firm is committed to protecting the environment.","公司致力於保護環境。","",""
"600","013","communicate","v.","溝通","Clear instructions help staff communicate better.","清楚的指示能讓員工溝通更順暢。","",""
"600","013","compare","v.","比較","Compare prices before you buy.","購買前請先比較價格。","",""
"600","013","compete","v.","競爭","Small shops cannot compete with large chains.","小店無法與大型連鎖店競爭。","",""
"600","013","complex","adj.","複雜的","The tax system is extremely complex.","稅制極為複雜。","",""
"600","013","concern","n.","擔憂；關切","Safety remains our main concern.","安全仍是我們主要的關切。","",""
"600","013","concentrate","v.","專注","Try to concentrate on one task at a time.","試著一次專注在一項任務上。","",""
"600","013","condition","n.","狀況；條件","The car is in excellent condition.","這輛車狀況極佳。","",""
"600","013","conduct","v.","進行；實施","The firm conducted a survey of its customers.","這家公司對顧客進行了調查。","",""
"600","013","confident","adj.","有信心的","I am confident that we will meet the deadline.","我有信心我們能趕上期限。","",""
"600","013","consider","v.","考慮","We are considering moving to a bigger office.","我們正在考慮搬到較大的辦公室。","",""
"600","014","consume","v.","消耗；食用","The new engine consumes less fuel.","新引擎耗油較少。","",""
"600","014","contact","v.","聯絡","Please contact us if you have any questions.","如有任何問題請與我們聯絡。","",""
"600","014","contain","v.","包含","The package contains two cables and a manual.","這個包裝內含兩條電纜和一本手冊。","",""
"600","014","contrast","n.","對比","In contrast, sales in Asia increased sharply.","相對地，亞洲的銷售大幅成長。","",""
"600","014","convenience","n.","便利","For your convenience, we offer online payment.","為了方便你，我們提供線上付款。","",""
"600","014","coordinate","v.","協調","She coordinates the work of three teams.","她協調三個團隊的工作。","",""
"600","014","correspond","v.","通信；相符","We correspond with clients by email.","我們以電子郵件與客戶通信。","",""
"600","014","courtesy","n.","禮貌；好意","Free coffee is provided as a courtesy to guests.","免費咖啡是提供給賓客的小心意。","",""
"600","014","crucial","adj.","關鍵的","Customer trust is crucial to our success.","顧客信任對我們的成功至關重要。","",""
"600","014","damage","n.","損害","The storm caused serious damage to the building.","風暴對這棟建築造成嚴重損害。","",""
"600","014","dedicated","adj.","專注投入的","She is a dedicated and reliable employee.","她是一位全心投入又可靠的員工。","",""
"600","014","define","v.","定義","The contract clearly defines each party's duties.","合約清楚界定了各方的職責。","",""
"600","014","definite","adj.","明確的","We have no definite plans yet.","我們還沒有明確的計畫。","",""
"600","014","demonstrate","v.","示範；證明","The trainer demonstrated how to use the device.","訓練員示範了如何使用這個裝置。","",""
"600","014","depend","v.","依賴；取決於","The price depends on the quantity ordered.","價格取決於訂購數量。","",""
"600","014","depart","v.","出發","The train departs from platform five.","火車從五號月台出發。","",""
"600","014","deserve","v.","值得","Our staff deserve recognition for their efforts.","我們的員工因其努力而值得被肯定。","",""
"600","014","design","n.","設計","The design of the new office is modern and open.","新辦公室的設計現代又開放。","",""
"600","014","detail","n.","細節","Please send me the details of the proposal.","請把提案的細節寄給我。","",""
"600","014","determine","v.","決定；判定","The committee will determine the winner on Friday.","委員會將在週五決定優勝者。","",""
"600","014","develop","v.","開發；發展","The firm is developing a new mobile app.","公司正在開發一款新的手機應用程式。","",""
"600","014","device","n.","裝置","The device connects to any smartphone.","這個裝置可連接任何智慧型手機。","",""
"600","014","differ","v.","不同","Prices differ from store to store.","價格因店而異。","",""
"600","014","direct","adj.","直接的","There is a direct flight from Taipei to Osaka.","台北到大阪有直飛班機。","",""
"600","014","disclose","v.","揭露","Employees may not disclose confidential information.","員工不得洩露機密資訊。","",""
"600","014","discontinue","v.","停止；停產","The model was discontinued last year.","這款機型去年停產了。","",""
"600","014","dispose","v.","處置；丟棄","Please dispose of waste properly.","請妥善處理廢棄物。","",""
"600","014","distinguish","v.","區別","It is hard to distinguish the copy from the original.","很難把複製品和原件區分開來。","",""
"600","014","diverse","adj.","多元的","The company has a diverse workforce.","公司員工組成多元。","",""
"600","014","draw","v.","吸引；畫","The sale drew large crowds.","特賣吸引了大批人潮。","Draw a line under the answer.","請在答案下面畫線。"
"600","014","due","adj.","到期的；應給予的","The report is due on Friday.","報告週五到期。","",""
"600","014","duplicate","n.","複本","Keep a duplicate of the form for your records.","請保留一份表格的複本作為紀錄。","",""
"600","014","earn","v.","賺取","She earns a good salary as an engineer.","她當工程師賺得不錯。","",""
"600","014","effective","adj.","有效的；生效的","The new policy is effective from January 1.","新政策自一月一日起生效。","",""
"600","014","elaborate","v.","詳述","Could you elaborate on your proposal?","你可以詳述你的提案嗎？","",""
"600","014","eliminate","v.","消除","The update eliminates several security risks.","這次更新消除了幾項安全風險。","",""
"600","014","emerge","v.","浮現","New trends have emerged in online retail.","網路零售出現了新趨勢。","",""
"600","014","emphasis","n.","強調","The company places great emphasis on quality.","公司非常重視品質。","",""
"600","014","encounter","v.","遭遇","We encountered several problems during installation.","安裝期間我們遇到幾個問題。","",""
"600","014","encourage","v.","鼓勵","Managers encourage staff to share their ideas.","主管鼓勵員工分享想法。","",""
"600","014","engage","v.","從事；吸引","The speaker engaged the audience with stories.","講者用故事吸引了聽眾。","",""
"600","014","ensure","v.","確保","Please ensure that all doors are locked.","請確保所有門都鎖上。","",""
"600","014","enthusiastic","adj.","熱衷的","The customers were enthusiastic about the new design.","顧客對新設計十分熱衷。","",""
"600","014","entire","adj.","整個的","The entire building will be closed for repairs.","整棟大樓將因維修而關閉。","",""
"450","015","email","n.","電子郵件","I will send you an email this afternoon.","我今天下午會寄電子郵件給你。","",""
"450","015","message","n.","訊息；留言","Please leave a message after the beep.","請在嗶聲後留言。","",""
"450","015","telephone","n.","電話","The telephone rang during the meeting.","開會時電話響了。","",""
"450","015","reply","v.","回覆","Please reply to this email by Friday.","請在週五前回覆這封郵件。","",""
"450","015","question","n.","問題","Do you have any questions about the schedule?","關於時程你有任何問題嗎？","",""
"450","015","list","n.","清單","Here is a list of the items we need.","這是我們需要的物品清單。","",""
"450","015","note","n.","筆記；便條；注意","She left a note on his desk.","她在他的桌上留了張便條。","Take note of the new deadline.","請留意新的截止日。"
"450","015","memo","n.","備忘錄","A memo about the holiday schedule was sent out.","一份關於假期時程的備忘錄已發出。","",""
"450","015","letter","n.","信件","The letter arrived three days ago.","信在三天前到了。","",""
"450","015","envelope","n.","信封","Please put the check in an envelope.","請把支票放進信封裡。","",""
"450","015","package","n.","包裹","A package was delivered to the front desk.","有一個包裹送到了櫃台。","",""
"450","015","mail","n.","郵件","The mail usually arrives at ten.","郵件通常十點送到。","",""
"450","015","copy","n.","副本；影本","Please make two copies of the report.","請把報告影印兩份。","",""
"450","015","file","n.","檔案；文件夾","Save the file on the shared drive.","請把檔案存到共用硬碟。","",""
"450","015","folder","n.","資料夾","The contracts are in the blue folder.","合約在藍色資料夾裡。","",""
"450","015","paper","n.","紙張；報紙","We are out of printer paper.","印表機的紙用完了。","",""
"450","015","desk","n.","辦公桌","Her desk is next to the window.","她的辦公桌在窗邊。","",""
"450","015","screen","n.","螢幕","The error message appeared on the screen.","錯誤訊息出現在螢幕上。","",""
"450","015","keyboard","n.","鍵盤","The keyboard is not working properly.","鍵盤運作不正常。","",""
"450","015","lunch","n.","午餐","We usually have lunch at noon.","我們通常中午吃午餐。","",""
"450","015","break","n.","休息時間","Let's take a ten-minute break.","我們休息十分鐘吧。","",""
"450","015","holiday","n.","假日","The office is closed on public holidays.","公司在國定假日休息。","",""
"450","015","vacation","n.","假期","He is on vacation until next Monday.","他休假到下週一。","",""
"450","015","weekend","n.","週末","We don't work on weekends.","我們週末不上班。","",""
"450","015","morning","n.","早上","The meeting is at nine tomorrow morning.","會議在明天早上九點。","",""
"450","015","afternoon","n.","下午","I will be out of the office this afternoon.","我今天下午不在辦公室。","",""
"450","015","evening","n.","晚上","The dinner starts at seven in the evening.","晚宴在晚上七點開始。","",""
"450","015","floor","n.","樓層；地板","The sales office is on the fifth floor.","業務辦公室在五樓。","",""
"450","015","room","n.","房間；空間","The meeting room is on the second floor.","會議室在二樓。","",""
"450","015","door","n.","門","Please close the door when you leave.","離開時請關門。","",""
"450","015","window","n.","窗戶","Please open the window if it gets hot.","太熱的話請開窗。","",""
"450","015","shop","n.","商店","The shop opens at ten every day.","這家店每天十點開門。","",""
"450","015","market","n.","市場","The company is entering the Asian market.","公司正進軍亞洲市場。","",""
"450","015","bank","n.","銀行；河岸","The bank closes at four in the afternoon.","銀行下午四點關門。","We sat on the river bank.","我們坐在河岸邊。"
"450","015","shopping","n.","購物","Online shopping has become very popular.","網路購物變得很普遍。","",""
"450","015","buy","v.","購買","We need to buy a new printer.","我們需要買一台新印表機。","",""
"450","015","sell","v.","銷售","The store sells shoes and bags.","這家店賣鞋子和包包。","",""
"450","015","pay","v.","支付","You can pay by cash or credit card.","你可以用現金或信用卡付款。","",""
"450","015","spend","v.","花（錢／時間）","We spent two hours on the report.","我們花了兩小時做報告。","",""
"450","015","save","v.","節省；儲存","You can save money by booking early.","提早預訂可以省錢。","Save the file before closing.","關閉前請先存檔。"
"450","015","visit","v.","拜訪；參觀","The manager will visit our branch next week.","經理下週會來拜訪我們的分公司。","",""
"450","015","meet","v.","會面；符合","Let's meet in the lobby at nine.","我們九點在大廳碰面。","",""
"450","015","leave","v.","離開；留下","She leaves the office at six every day.","她每天六點離開辦公室。","",""
"450","015","arrive","v.","抵達","The guests will arrive at around noon.","賓客大約中午抵達。","",""
"450","015","return","v.","返回；歸還","Please return the keys to the front desk.","請把鑰匙還給櫃台。","",""
"450","015","carry","v.","攜帶；搬運","Can you carry these boxes to the car?","你能把這些箱子搬到車上嗎？","",""
"450","015","wait","v.","等候","Please wait here until your name is called.","請在這裡等到叫您的名字。","",""
"450","015","open","v.","開啟；開店","The new store opens on Saturday.","新店週六開幕。","",""
"450","015","close","v.","關閉；打烊","The library closes at eight.","圖書館八點閉館。","Close the file before you leave.","離開前請關閉檔案。"
"450","015","start","v.","開始","The workshop starts at ten.","工作坊十點開始。","",""
"600","016","attendance","n.","出席；出席人數","Attendance at the training is mandatory.","參加訓練是強制的。","",""
"600","016","bid","n.","投標；出價","Our bid for the contract was accepted.","我們的合約投標被接受了。","",""
"600","016","bill","n.","帳單","The electricity bill is higher this month.","這個月的電費帳單比較高。","The bill was signed into law.","這項法案已簽署成為法律。"
"600","016","cashier","n.","收銀員","Please pay at the cashier's desk.","請在收銀台付款。","",""
"600","016","checkout","n.","結帳","There is a long line at the checkout.","結帳處排了長長的隊伍。","",""
"600","016","clerk","n.","店員；職員","The clerk helped me find the right size.","店員幫我找到合適的尺寸。","",""
"600","016","commission","n.","佣金；委員會","Sales staff earn a commission on every sale.","業務人員每筆銷售都能賺取佣金。","",""
"600","016","committee","n.","委員會","The committee will announce its decision on Friday.","委員會將在週五宣布決定。","",""
"600","016","consult","v.","諮詢","You should consult a lawyer before signing.","簽約前你應該諮詢律師。","",""
"600","016","consultant","n.","顧問","A consultant was hired to improve efficiency.","公司僱了一位顧問來提升效率。","",""
"600","016","courier","n.","快遞","The documents were sent by courier.","文件以快遞寄送。","",""
"600","016","crew","n.","工作人員；組員","The film crew arrived at dawn.","拍攝團隊在黎明時抵達。","",""
"600","016","dealer","n.","經銷商","The dealer offered us a discount on the van.","經銷商給了我們廂型車的折扣。","",""
"600","016","delivery","n.","送貨；遞送","Free delivery is available for orders over fifty dollars.","訂單滿五十美元可免費配送。","",""
"600","016","directory","n.","名錄；目錄","Check the staff directory for her extension.","請查員工通訊錄找她的分機。","",""
"600","016","distributor","n.","經銷商","We signed a contract with a local distributor.","我們與當地經銷商簽了約。","",""
"600","016","donation","n.","捐款","The charity relies on donations from the public.","這個慈善機構仰賴大眾的捐款。","",""
"600","016","enclose","v.","隨函附上","I have enclosed a copy of the contract.","我隨函附上合約影本。","",""
"600","016","entry","n.","入場；參賽作品","Entry to the exhibition is free.","展覽免費入場。","",""
"600","016","excess","n.","超出；過量","Excess baggage is charged by weight.","超重行李按重量收費。","",""
"600","016","expertise","n.","專業知識","We need someone with expertise in finance.","我們需要有財務專長的人。","",""
"600","016","faulty","adj.","有瑕疵的","The faulty switch was replaced yesterday.","有問題的開關昨天已更換。","",""
"600","016","fiscal year","n.","會計年度","The budget will be approved before the fiscal year begins.","預算將在會計年度開始前核定。","",""
"600","016","fluent","adj.","流利的","She is fluent in English and Japanese.","她英語和日語都很流利。","",""
"600","016","fragile","adj.","易碎的","Handle with care; the box contains fragile items.","請小心搬運；箱內有易碎品。","",""
"600","016","fundraising","n.","募款","The fundraising event raised ten thousand dollars.","這場募款活動籌到一萬美元。","",""
"600","016","handout","n.","講義；傳單","Handouts will be distributed at the seminar.","研討會上會發講義。","",""
"600","016","headquarter","v.","以…為總部","The firm is headquartered in Toronto.","這家公司的總部設在多倫多。","",""
"600","016","household","n.","家庭","The average household spends more on food this year.","今年一般家庭的食品開支增加了。","",""
"600","016","housekeeping","n.","客房清潔；家務","Housekeeping cleans the rooms every morning.","客房服務人員每天早上打掃房間。","",""
"600","016","incident","n.","事件","Report any incident to security immediately.","任何事件請立即向保全報告。","",""
"600","016","industry","n.","產業","The tourism industry employs thousands of people.","旅遊業僱用了數千人。","",""
"600","016","installment","n.","分期付款；一期","You can pay in three monthly installments.","你可以分三個月付款。","",""
"600","016","journal","n.","期刊；日誌","Her article appeared in a leading business journal.","她的文章刊登在一本頂尖商業期刊上。","",""
"600","016","layout","n.","版面；配置","The layout of the office was redesigned.","辦公室的配置被重新設計。","",""
"600","016","leaflet","n.","傳單","Leaflets were handed out at the station.","傳單在車站發放。","",""
"600","016","legal","adj.","法律的；合法的","Please seek legal advice before signing.","簽名前請先尋求法律意見。","",""
"600","016","mechanic","n.","技工","The mechanic checked the brakes and the engine.","技工檢查了煞車和引擎。","",""
"600","016","notable","adj.","值得注意的","The report highlights several notable trends.","報告強調了幾個值得注意的趨勢。","",""
"600","016","occupation","n.","職業","Please state your name and occupation.","請說明你的姓名與職業。","",""
"600","016","operate","v.","操作；營運","The company operates in twelve countries.","公司在十二個國家營運。","",""
"600","016","operation","n.","營運；手術","The new plant will begin operation in May.","新工廠將在五月開始營運。","",""
"600","016","organize","v.","組織；安排","She organized the annual sales conference.","她籌辦了年度銷售會議。","",""
"600","016","overnight","adj.","隔夜的","We offer overnight shipping for urgent orders.","緊急訂單我們提供隔夜寄送。","",""
"600","016","patron","n.","顧客；贊助人","The restaurant thanks its loyal patrons.","餐廳感謝忠實顧客。","",""
"600","016","pedestrian","n.","行人","The bridge is for pedestrians only.","這座橋僅供行人通行。","",""
"730","017","accommodate","v.","容納；配合","The hall can accommodate up to four hundred guests.","這個大廳最多可容納四百位賓客。","",""
"730","017","accountable","adj.","應負責的","Managers are accountable for their team's results.","主管須為團隊的成果負責。","",""
"730","017","accumulate","v.","累積","Interest will accumulate over the five years.","利息會在五年間累積。","",""
"730","017","acknowledge","v.","承認；確認收到","Please acknowledge receipt of this message.","請確認收到這則訊息。","",""
"730","017","adhere","v.","遵守；黏附","All staff must adhere to the safety guidelines.","所有員工都必須遵守安全準則。","",""
"730","017","advocate","v.","提倡","The group advocates stricter environmental laws.","這個團體提倡更嚴格的環保法規。","",""
"730","017","affiliate","n.","分支機構；附屬","The company has affiliates in six countries.","這家公司在六個國家有關係企業。","",""
"730","017","align","v.","使一致；對齊","We must align our goals with the company's strategy.","我們必須讓目標與公司策略一致。","",""
"730","017","ambitious","adj.","有野心的；宏大的","They set an ambitious sales target.","他們設定了一個雄心勃勃的銷售目標。","",""
"730","017","anticipated","adj.","預期的","The anticipated launch date is next March.","預計上市日是明年三月。","",""
"730","017","apparent","adj.","明顯的","It became apparent that the plan was not working.","很明顯這個計畫行不通。","",""
"730","017","applicable","adj.","適用的","The fee is not applicable to members.","這項費用不適用於會員。","",""
"730","017","arbitration","n.","仲裁","The dispute was settled through arbitration.","這項爭議透過仲裁解決。","",""
"730","017","ascertain","v.","查明","We need to ascertain the cause of the failure.","我們需要查明故障的原因。","",""
"730","017","attain","v.","達成","She attained her goal of becoming a manager.","她達成了成為經理的目標。","",""
"730","017","attribute","v.","歸因於","He attributed the success to teamwork.","他把成功歸功於團隊合作。","",""
"730","017","authentic","adj.","真正的","The shop sells authentic handmade crafts.","這家店販售正宗的手工藝品。","",""
"730","017","benchmark","n.","基準","Last year's sales serve as a benchmark.","去年的銷售額作為基準。","",""
"730","017","bureaucracy","n.","官僚體制","Excessive bureaucracy slows down approvals.","過多的官僚作風拖慢了核准速度。","",""
"730","017","capitalize","v.","利用；資本化","The firm hopes to capitalize on the growing demand.","公司希望把握日益成長的需求。","",""
"730","017","cater","v.","迎合；承辦外燴","The hotel caters to business travelers.","這家飯店以商務旅客為對象。","",""
"730","017","commence","v.","開始","The construction will commence in April.","工程將於四月開始。","",""
"730","017","commitment","n.","承諾；投入","We value your commitment to the company.","我們重視你對公司的投入。","",""
"730","017","commodity","n.","商品；原物料","Oil is a key commodity in global trade.","石油是全球貿易的重要商品。","",""
"730","017","compatible","adj.","相容的","The software is compatible with most devices.","這套軟體與大多數裝置相容。","",""
"730","017","compensate","v.","補償","The airline will compensate passengers for the delay.","航空公司將補償乘客班機延誤。","",""
"730","017","compliance","n.","遵守；合規","The firm is in full compliance with the regulations.","這家公司完全符合法規。","",""
"730","017","comprehensive","adj.","全面的","The report provides a comprehensive analysis.","報告提供了全面的分析。","",""
"730","017","concession","n.","讓步；優惠","The union won several concessions from management.","工會從資方爭取到幾項讓步。","",""
"730","017","confidential","adj.","機密的","All customer data is strictly confidential.","所有客戶資料都嚴格保密。","",""
"730","017","constraint","n.","限制","Budget constraints delayed the project.","預算限制延誤了專案。","",""
"730","017","contingency","n.","應變；意外事件","We have a contingency plan in case of delays.","我們有應對延誤的備案。","",""
"730","017","controversial","adj.","有爭議的","The decision proved highly controversial.","這項決定引發很大的爭議。","",""
"730","017","credential","n.","資歷；證書","Her credentials impressed the hiring committee.","她的資歷讓聘任委員會印象深刻。","",""
"730","017","criteria","n.","標準（複數）","Candidates must meet all the criteria.","應徵者必須符合所有條件。","",""
"730","017","cumulative","adj.","累積的","The cumulative total is shown at the bottom.","累計總數顯示在底部。","",""
"730","017","curb","v.","抑制","The firm introduced measures to curb spending.","公司推出措施以抑制支出。","",""
"730","017","customize","v.","客製化","You can customize the report to suit your needs.","你可以依需求客製化這份報告。","",""
"730","017","deadlock","n.","僵局","The talks ended in deadlock.","談判陷入僵局。","",""
"730","017","decisive","adj.","決定性的","Her decisive action saved the project.","她果斷的行動挽救了這個專案。","",""
"730","017","default","n.","違約；預設","The borrower is in default on the loan.","借款人貸款違約。","",""
"730","017","deficit","n.","赤字","The government is trying to reduce the budget deficit.","政府正試圖降低預算赤字。","",""
"730","017","delegation","n.","代表團","A delegation from Japan visited the factory.","一個日本代表團參觀了工廠。","",""
"730","017","depreciate","v.","貶值；折舊","Cars depreciate quickly in the first year.","汽車在第一年貶值很快。","",""
"730","017","deregulation","n.","解除管制","Deregulation opened the market to new competitors.","解除管制讓市場對新競爭者開放。","",""
"730","017","designate","v.","指定","Smoking is allowed only in designated areas.","吸菸僅限在指定區域。","",""
"730","017","deteriorate","v.","惡化","The patient's condition has deteriorated.","病人的狀況惡化了。","",""
"730","017","discrepancy","n.","差異；矛盾","There is a discrepancy between the two reports.","兩份報告之間有出入。","",""
"730","017","disrupt","v.","擾亂；中斷","The strike disrupted train services.","罷工中斷了鐵路服務。","",""
"730","017","dispute","n.","爭議","The two firms are in a dispute over payment.","兩家公司因付款問題起了爭議。","",""
"860","018","ambiguous","adj.","模稜兩可的","The contract wording is ambiguous.","這份合約的措辭含糊不清。","",""
"860","018","amenable","adj.","願意接受的","The client was amenable to a slight delay.","客戶願意接受稍微延遲。","",""
"860","018","arduous","adj.","艱鉅的","The arduous project took two years to finish.","這個艱鉅的專案花了兩年才完成。","",""
"860","018","articulate","v.","清楚表達","She articulated her ideas clearly in the meeting.","她在會議上清楚表達了她的想法。","",""
"860","018","assiduous","adj.","勤勉的","His assiduous work earned him a promotion.","他勤奮的工作為他贏得升遷。","",""
"860","018","astute","adj.","精明的","An astute investor, she sold before the crash.","她是精明的投資人，在崩盤前就賣掉了。","",""
"860","018","augment","v.","增加；擴大","Overtime pay augmented his monthly income.","加班費增加了他的月收入。","",""
"860","018","bolster","v.","加強；支持","The new hires will bolster our sales team.","新進人員將強化我們的業務團隊。","",""
"860","018","breakthrough","n.","突破","Scientists announced a major breakthrough.","科學家宣布了重大突破。","",""
"860","018","candid","adj.","坦率的","Thank you for your candid feedback.","謝謝你坦率的意見。","",""
"860","018","circumvent","v.","規避；繞過","Some firms try to circumvent the regulations.","有些公司試圖規避這些法規。","",""
"860","018","cohesive","adj.","有凝聚力的","A cohesive team is more productive.","有凝聚力的團隊更有生產力。","",""
"860","018","commensurate","adj.","相稱的","Salary will be commensurate with experience.","薪資將與經驗相稱。","",""
"860","018","concurrent","adj.","同時發生的","Concurrent sessions will be held in three rooms.","同時進行的場次將在三間教室舉行。","",""
"860","018","conducive","adj.","有助於…的","A quiet space is conducive to concentration.","安靜的空間有助於專心。","",""
"860","018","consolidate","v.","整合；鞏固","The firm consolidated its three offices into one.","公司把三間辦公室合併成一間。","",""
"860","018","contend","v.","主張；競爭","Three firms are contending for the contract.","三家公司正在競逐這份合約。","",""
"860","018","corroborate","v.","證實","The data corroborates our initial findings.","數據證實了我們最初的發現。","",""
"860","018","culminate","v.","最終達到","Months of talks culminated in a signed agreement.","數月的會談最終達成簽署協議。","",""
"860","018","curtail","v.","縮減；限制","The firm curtailed spending on travel.","公司縮減了差旅開支。","",""
"860","018","dwindle","v.","逐漸減少","Support for the plan has dwindled.","對這項計畫的支持逐漸減少。","",""
"860","018","elicit","v.","引出","The survey aims to elicit honest opinions.","這項調查旨在引出真實的意見。","",""
"860","018","endorsement","n.","認可；背書","The product received an endorsement from experts.","這項產品獲得了專家的認可。","",""
"860","018","entail","v.","牽涉；需要","The job entails frequent travel.","這份工作需要經常出差。","",""
"860","018","equitable","adj.","公平的","We aim for an equitable distribution of resources.","我們的目標是公平分配資源。","",""
"860","018","exemplary","adj.","模範的","She was praised for her exemplary service.","她因模範般的服務而受到讚揚。","",""
"860","018","exempt","adj.","免除的","Charities are exempt from this tax.","慈善機構免繳這項稅。","",""
"860","018","expedite","v.","加快","We can expedite the order for an extra fee.","加收費用我們可以加快處理這份訂單。","",""
"860","018","exploit","v.","利用；剝削","The firm exploited a gap in the market.","公司利用了市場的空缺。","",""
"860","018","feasible","adj.","可行的","The study found the plan to be feasible.","研究發現這項計畫可行。","",""
"860","018","fluctuation","n.","波動","Currency fluctuations affect export profits.","匯率波動影響出口利潤。","",""
"860","018","formidable","adj.","強大的；難以對付的","The firm faces formidable competition.","公司面臨強勁的競爭。","",""
"860","018","foster","v.","培養；促進","The program fosters creativity among staff.","這項計畫培養員工的創造力。","",""
"860","018","hinder","v.","阻礙","Bad weather hindered the rescue effort.","惡劣天氣阻礙了救援工作。","",""
"860","018","impending","adj.","即將發生的","Staff were warned of the impending changes.","員工被告知即將到來的變動。","",""
"860","018","imperative","adj.","必要的；緊急的","It is imperative that we meet the deadline.","我們必須趕上期限，這是當務之急。","",""
"860","018","incentive","n.","獎勵；誘因","Tax incentives encourage investment.","稅務優惠鼓勵投資。","",""
"860","018","incur","v.","招致；承擔","The firm incurred heavy losses last year.","公司去年承受了嚴重虧損。","",""
"860","018","inevitable","adj.","不可避免的","Some delays are inevitable.","有些延誤是無法避免的。","",""
"860","018","inflict","v.","造成（傷害）","The storm inflicted heavy damage on crops.","這場風暴對農作物造成嚴重損害。","",""
"860","018","initiate","v.","發起","The manager initiated a review of the procedure.","經理發起了流程檢討。","",""
"860","018","innovative","adj.","創新的","The firm is known for its innovative designs.","這家公司以創新的設計聞名。","",""
"860","018","integrate","v.","整合","The new software integrates with our database.","新軟體可與我們的資料庫整合。","",""
"860","018","intricate","adj.","錯綜複雜的","The watch has an intricate mechanism.","這支錶的機芯結構精密複雜。","",""
"860","018","jeopardize","v.","危害","Delays could jeopardize the whole project.","延誤可能危及整個專案。","",""
"860","018","lenient","adj.","寬容的","The company is lenient about late arrivals.","公司對遲到相當寬容。","",""
"860","018","leverage","v.","善用；槓桿","We can leverage our brand to enter new markets.","我們可以善用品牌進入新市場。","",""
"860","018","lucrative","adj.","有利可圖的","The deal turned out to be highly lucrative.","這筆交易結果獲利豐厚。","",""
"860","018","meticulous","adj.","一絲不苟的","She is meticulous about checking every detail.","她對檢查每個細節一絲不苟。","",""
"860","018","mitigate","v.","減輕","We took steps to mitigate the risk.","我們採取措施減輕風險。","",""
"860","019","momentum","n.","動能；氣勢","The campaign is gaining momentum.","這場活動正逐漸聚集動能。","",""
"860","019","mandate","n.","授權；命令","The board gave the CEO a clear mandate for change.","董事會給了執行長明確的變革授權。","",""
"860","019","negligence","n.","疏忽","The accident was caused by negligence.","這起事故是由疏忽造成的。","",""
"860","019","noteworthy","adj.","值得注意的","It is noteworthy that sales doubled in a year.","值得注意的是銷售在一年內成長了一倍。","",""
"860","019","notwithstanding","prep.","儘管","Notwithstanding the delay, the event went ahead.","儘管延誤，活動仍照常舉行。","",""
"860","019","obsolete","adj.","過時的","The old machines are now obsolete.","舊機器現在已經過時了。","",""
"860","019","obtain","v.","取得","You must obtain a permit before you build.","建造前你必須取得許可。","",""
"860","019","onerous","adj.","繁重的","The new rules place an onerous burden on small firms.","新規定對小公司造成沉重負擔。","",""
"860","019","outweigh","v.","勝過；重於","The benefits outweigh the costs.","好處大過成本。","",""
"860","019","overhaul","v.","徹底檢修；改革","The airline overhauled its booking system.","航空公司全面改革了訂位系統。","",""
"860","019","oversee","v.","監督","She oversees the daily operations of the plant.","她監督工廠的日常運作。","",""
"860","019","pending","adj.","待決的","The merger is pending regulatory approval.","這項合併案正等待主管機關核准。","",""
"860","019","perpetual","adj.","永久的；不斷的","The software comes with a perpetual license.","這套軟體附有永久授權。","",""
"860","019","persistent","adj.","持續的；堅持的","Persistent efforts finally paid off.","不懈的努力終於有了回報。","",""
"860","019","pinpoint","v.","找出；確切指出","Engineers pinpointed the source of the leak.","工程師找出了漏水的源頭。","",""
"860","019","plausible","adj.","合理可信的","The explanation sounds plausible.","這個解釋聽起來合理。","",""
"860","019","precaution","n.","預防措施","Take extra precautions when handling chemicals.","處理化學品時請格外注意預防措施。","",""
"860","019","precedent","n.","先例","The ruling sets a precedent for similar cases.","這項裁決為類似案件開了先例。","",""
"860","019","predecessor","n.","前任","My predecessor left detailed notes.","我的前任留下了詳細的筆記。","",""
"860","019","preliminary","adj.","初步的","Preliminary results look promising.","初步結果看來很有希望。","",""
"860","019","prerequisite","n.","先決條件","A degree is a prerequisite for this position.","學位是這個職位的先決條件。","",""
"860","019","prevail","v.","盛行；占上風","Common sense prevailed in the end.","最後常識占了上風。","",""
"860","019","proficiency","n.","熟練度","Proof of English proficiency is required.","必須提供英語能力證明。","",""
"860","019","prohibitive","adj.","（價格）高得令人卻步的","The cost of the equipment is prohibitive.","這台設備貴得令人卻步。","",""
"860","019","prominent","adj.","著名的；突出的","He is a prominent figure in the banking industry.","他是銀行業的知名人物。","",""
"860","019","prone","adj.","易於…的","The area is prone to flooding.","這個地區容易淹水。","",""
"860","019","proprietor","n.","業主","The proprietor greeted every customer personally.","業主親自問候每位顧客。","",""
"860","019","prospective","adj.","預期的；潛在的","Prospective buyers can view the house on Sunday.","潛在買家週日可以看房子。","",""
"860","019","prudent","adj.","審慎的","It would be prudent to save some money.","存點錢會是審慎的做法。","",""
"860","019","rectify","v.","矯正","We will rectify the error immediately.","我們會立刻更正這個錯誤。","",""
"860","019","redundant","adj.","多餘的；被裁員的","Fifty workers were made redundant.","有五十名工人被裁員。","",""
"860","019","reimbursement","n.","報銷款","Reimbursement will be paid within ten days.","報銷款會在十天內支付。","",""
"860","019","reinforce","v.","加強","The training reinforces good safety habits.","這項訓練強化了良好的安全習慣。","",""
"860","019","relinquish","v.","放棄","He relinquished his post as chairman.","他放棄了董事長的職位。","",""
"860","019","reluctant","adj.","不情願的","Many investors are reluctant to take risks.","許多投資人不願冒險。","",""
"860","019","remedy","n.","補救辦法","The firm offered a remedy for the faulty product.","公司為這項瑕疵產品提供補救辦法。","",""
"860","019","remuneration","n.","報酬","Remuneration includes a salary and a yearly bonus.","報酬包含薪水與年終獎金。","",""
"860","019","render","v.","提供；使成為","The firm rendered excellent service.","公司提供了優質的服務。","",""
"860","019","renowned","adj.","著名的","She is a renowned expert in marketing.","她是行銷領域的知名專家。","",""
"860","019","replenish","v.","補充","Staff replenish the shelves every morning.","員工每天早上補貨上架。","",""
"860","019","reputable","adj.","聲譽良好的","Buy only from a reputable dealer.","只向信譽良好的經銷商購買。","",""
"860","019","resilient","adj.","有韌性的","The economy has proved resilient.","經濟已證明具有韌性。","",""
"860","019","restrain","v.","抑制","The firm tried to restrain rising costs.","公司試圖抑制不斷上升的成本。","",""
"860","019","retain","v.","保留；留住","Good pay helps us retain skilled workers.","優渥的薪資有助於我們留住熟練員工。","",""
"860","019","retrieve","v.","取回","You can retrieve deleted files from the backup.","你可以從備份中取回已刪除的檔案。","",""
"860","019","rigorous","adj.","嚴格的","All products undergo rigorous testing.","所有產品都經過嚴格測試。","",""
"900","020","abate","v.","減弱；緩和","The storm is expected to abate by evening.","風暴預計傍晚前減弱。","",""
"900","020","abbreviate","v.","縮寫","Titles may be abbreviated on the badge.","名牌上的頭銜可以縮寫。","",""
"900","020","abolish","v.","廢除","The city plans to abolish the parking fee.","市府打算廢除停車費。","",""
"900","020","abrupt","adj.","突然的","The meeting came to an abrupt end.","會議突然結束。","",""
"900","020","accrue","v.","累積；產生","Interest accrues on the unpaid balance.","未付餘額會累積利息。","",""
"900","020","acquit","v.","宣告無罪","The jury acquitted the manager of all charges.","陪審團判該經理所有罪名不成立。","",""
"900","020","adjourn","v.","休會","The board adjourned until the following Monday.","董事會休會到下週一。","",""
"900","020","ameliorate","v.","改善","New policies were introduced to ameliorate conditions.","新政策被引進以改善狀況。","",""
"900","020","annex","n.","附屬建築","The annex houses the finance department.","附屬大樓設有財務部門。","",""
"900","020","apprehensive","adj.","憂慮的","Staff were apprehensive about the restructuring.","員工對重組感到憂慮。","",""
"900","020","arbitrary","adj.","任意的","The decision seemed arbitrary and unfair.","這項決定看來武斷又不公平。","",""
"900","020","attrition","n.","自然減員","The firm reduced staff through attrition.","公司透過自然減員縮減人力。","",""
"900","020","auspicious","adj.","吉利的","The launch got off to an auspicious start.","產品上市有個好兆頭。","",""
"900","020","austerity","n.","緊縮","The government introduced austerity measures.","政府推出緊縮措施。","",""
"900","020","belated","adj.","遲來的","Please accept my belated thanks.","請接受我遲來的感謝。","",""
"900","020","blatant","adj.","明目張膽的","It was a blatant violation of the rules.","這是明目張膽違反規定。","",""
"900","020","brevity","n.","簡短","The brevity of the report was appreciated.","報告的簡潔受到讚賞。","",""
"900","020","capitulate","v.","屈服","The firm finally capitulated to the union's demands.","公司最後向工會的要求屈服。","",""
"900","020","circumspect","adj.","謹慎的","Be circumspect when discussing company plans.","討論公司計畫時要謹慎。","",""
"900","020","clientele","n.","客群","The restaurant has a wealthy clientele.","這家餐廳的客群很富裕。","",""
"900","020","coalition","n.","聯盟","A coalition of firms opposed the new tax.","一個企業聯盟反對這項新稅。","",""
"900","020","collateral","n.","抵押品","The loan requires collateral such as property.","這筆貸款需要不動產之類的抵押品。","",""
"900","020","conglomerate","n.","企業集團","The conglomerate owns hotels, banks and airlines.","這家企業集團擁有飯店、銀行與航空公司。","",""
"900","020","contingent","adj.","視…而定的","The offer is contingent on a background check.","這項錄用視背景調查結果而定。","",""
"900","020","convene","v.","召集","The committee will convene on Tuesday.","委員會將於週二召開。","",""
"900","020","culpable","adj.","應受譴責的","The firm was found culpable of negligence.","這家公司被認定有過失。","",""
"900","020","defer","v.","延後","You may defer payment until next month.","你可以把付款延到下個月。","",""
"900","020","delineate","v.","描述；劃定","The contract delineates each party's duties.","合約詳細劃分了各方的職責。","",""
"900","020","detrimental","adj.","有害的","Long hours can be detrimental to health.","長時間工作可能有害健康。","",""
"900","020","diligent","adj.","勤奮的","She is a diligent and honest worker.","她是勤奮又誠實的員工。","",""
"900","020","disparity","n.","差距","There is a wide disparity in pay between regions.","各地區之間的薪資差距很大。","",""
"900","020","disseminate","v.","傳播","The agency disseminates information about safety.","這個機構傳播安全相關資訊。","",""
"900","020","divest","v.","脫手；剝離","The firm plans to divest its retail unit.","公司打算出售零售部門。","",""
"900","020","dormant","adj.","休眠的；暫停的","The account has been dormant for two years.","這個帳戶已休眠兩年。","",""
"900","020","embark","v.","著手；登船","The firm embarked on a major expansion.","公司展開了大規模的擴張。","",""
"900","020","encompass","v.","包含","The course encompasses all aspects of accounting.","這門課涵蓋會計的各個層面。","",""
"900","020","endeavor","n.","努力","We wish you success in your future endeavors.","祝你未來的努力順利成功。","",""
"900","020","enigma","n.","謎","The cause of the failure remains an enigma.","失敗的原因仍是個謎。","",""
"900","020","equity","n.","股權；公平","Employees hold equity in the company.","員工持有公司的股權。","",""
"900","020","exacerbate","v.","使惡化","The delay exacerbated the shortage.","延誤使短缺情況惡化。","",""
"900","020","exorbitant","adj.","過高的","The hotel charges exorbitant prices.","這家飯店收費高得離譜。","",""
"900","020","expedient","adj.","權宜的；有利的","It was expedient to delay the announcement.","延後公告是權宜之計。","",""
"900","020","extol","v.","極力讚揚","The review extolled the quality of the service.","評論極力讚揚服務的品質。","",""
"900","020","forfeit","v.","喪失","You forfeit your deposit if you cancel.","如果取消，你會損失訂金。","",""
"900","020","frugal","adj.","節儉的","The firm has a frugal approach to spending.","公司對支出採取節儉的作風。","",""
"900","020","furnish","v.","提供；裝設家具","The hotel furnishes each room with a safe.","飯店為每間客房配置保險箱。","",""
"900","020","garner","v.","獲得","The campaign garnered widespread support.","這項活動獲得廣泛支持。","",""
"900","020","grievance","n.","不滿；申訴","Employees may file a grievance with the union.","員工可向工會提出申訴。","",""
"900","020","haphazard","adj.","隨意的","Their filing system was haphazard.","他們的歸檔系統毫無條理。","",""
"450","021","person","n.","人","The person at the desk will help you.","櫃台的那個人會幫你。","",""
"450","021","people","n.","人們","Many people attended the opening.","許多人參加了開幕。","",""
"450","021","friend","n.","朋友","A friend recommended this restaurant to me.","有位朋友向我推薦了這家餐廳。","",""
"450","021","family","n.","家人","The company is a family business.","這家公司是家族企業。","",""
"450","021","boss","n.","老闆","My boss is out of the office today.","我老闆今天不在辦公室。","",""
"450","021","team","n.","團隊","Our team won the sales award.","我們團隊贏得了銷售獎。","",""
"450","021","group","n.","團體；一組","A group of tourists is waiting outside.","一群觀光客在外面等候。","",""
"450","021","member","n.","成員；會員","Every member received a free gift.","每位會員都收到了一份免費禮物。","",""
"450","021","visitor","n.","訪客","Visitors must wear a badge.","訪客必須配戴識別證。","",""
"450","021","neighbor","n.","鄰居","Our neighbor owns a bakery.","我們的鄰居開了一間麵包店。","",""
"450","021","partner","n.","夥伴；合夥人","She became a partner in the firm.","她成了公司的合夥人。","",""
"450","021","owner","n.","擁有者","The owner of the shop lives upstairs.","店主住在樓上。","",""
"450","021","driver","n.","司機","The driver helped us with our luggage.","司機幫我們搬行李。","",""
"450","021","worker","n.","工人；員工","The factory employs two hundred workers.","這家工廠僱用兩百名工人。","",""
"450","021","teacher","n.","老師","The teacher gave us homework.","老師給了我們作業。","",""
"450","021","student","n.","學生","Students receive a ten percent discount.","學生享九折優惠。","",""
"450","021","doctor","n.","醫生","You should see a doctor about that cough.","你那個咳嗽該去看醫生。","",""
"450","021","nurse","n.","護理師","The nurse took my temperature.","護理師量了我的體溫。","",""
"450","021","today","adv.","今天","The store is open until nine today.","這家店今天營業到九點。","",""
"450","021","tomorrow","adv.","明天","I will call you back tomorrow.","我明天會回電給你。","",""
"450","021","yesterday","adv.","昨天","The package arrived yesterday.","包裹昨天到了。","",""
"450","021","week","n.","週","The report is due next week.","報告下週到期。","",""
"450","021","month","n.","月","Rent is paid at the start of each month.","租金在每個月初支付。","",""
"450","021","year","n.","年","The company was founded last year.","公司是去年成立的。","",""
"450","021","hour","n.","小時","The drive takes about an hour.","車程大約一小時。","",""
"450","021","minute","n.","分鐘","The meeting will start in five minutes.","會議五分鐘後開始。","",""
"450","021","date","n.","日期","What is the date of the next meeting?","下次會議是幾號？","",""
"450","021","calendar","n.","行事曆","I marked the event on my calendar.","我把活動標記在行事曆上。","",""
"450","021","time","n.","時間","What time does the store close?","這家店幾點關門？","",""
"450","021","early","adv.","提早","Please arrive early to find a seat.","請提早到場找位子。","",""
"450","021","late","adv.","遲；晚","The train arrived ten minutes late.","火車晚了十分鐘到。","",""
"450","021","soon","adv.","很快","Your order will arrive soon.","你的訂單很快就會送到。","",""
"450","021","always","adv.","總是","She always arrives on time.","她總是準時到。","",""
"450","021","usually","adv.","通常","He usually arrives at the office before nine.","他通常九點前就到辦公室。","",""
"450","021","often","adv.","經常","He often travels for work.","他常為了工作出差。","",""
"450","021","sometimes","adv.","有時","Sometimes the train is late.","有時候火車會誤點。","",""
"450","021","never","adv.","從不","I have never been to Canada.","我從沒去過加拿大。","",""
"450","021","already","adv.","已經","The meeting has already started.","會議已經開始了。","",""
"450","021","still","adv.","仍然","The printer is still not working.","印表機還是不能用。","",""
"450","021","again","adv.","再次","Please try again later.","請稍後再試一次。","",""
"450","021","before","prep.","在…之前","Please call before you visit.","來訪前請先來電。","",""
"450","021","after","prep.","在…之後","We will have lunch after the meeting.","開完會後我們去吃午餐。","",""
"450","021","during","prep.","在…期間","Please turn off your phone during the show.","表演期間請關掉手機。","",""
"450","021","until","prep.","直到","The sale lasts until Sunday.","特賣持續到週日。","",""
"450","021","between","prep.","在…之間","The shop is between the bank and the post office.","這家店在銀行和郵局之間。","",""
"450","021","across","prep.","橫越；在對面","The bank is across the street.","銀行就在對街。","",""
"450","021","beside","prep.","在…旁邊","Please sit beside the window.","請坐在窗邊。","",""
"450","021","behind","prep.","在…後面","The parking lot is behind the building.","停車場在大樓後面。","",""
"450","021","above","prep.","在…上方","The sign above the door says ""Exit"".","門上方的標示寫著「出口」。","",""
"450","021","below","prep.","在…下方","Please sign your name below.","請在下方簽名。","",""
"450","022","kitchen","n.","廚房","The kitchen is on the first floor.","廚房在一樓。","",""
"450","022","restaurant","n.","餐廳","We had dinner at a Thai restaurant.","我們在一家泰式餐廳吃晚餐。","",""
"450","022","dinner","n.","晚餐","Dinner will be served at seven.","晚餐七點供應。","",""
"450","022","breakfast","n.","早餐","Breakfast is included in the room rate.","房價含早餐。","",""
"450","022","meal","n.","餐點","The hotel serves three meals a day.","飯店每天供應三餐。","",""
"450","022","food","n.","食物","The food at this restaurant is excellent.","這家餐廳的食物很棒。","",""
"450","022","drink","n.","飲料","Would you like a drink?","你想喝點什麼嗎？","",""
"450","022","water","n.","水","Please bring a bottle of water.","請帶一瓶水。","",""
"450","022","coffee","n.","咖啡","I'd like a cup of coffee, please.","我想要一杯咖啡。","",""
"450","022","tea","n.","茶","Tea and coffee are available in the lobby.","大廳備有茶和咖啡。","",""
"450","022","fruit","n.","水果","Fresh fruit is served at breakfast.","早餐供應新鮮水果。","",""
"450","022","vegetable","n.","蔬菜","The market sells fresh vegetables.","市場賣新鮮蔬菜。","",""
"450","022","bread","n.","麵包","The bakery sells fresh bread every morning.","麵包店每天早上賣新鮮麵包。","",""
"450","022","cheese","n.","起司","The sandwich comes with cheese and tomato.","這個三明治附起司和番茄。","",""
"450","022","chicken","n.","雞肉","Today's special is grilled chicken.","今日特餐是烤雞。","",""
"450","022","fish","n.","魚","The restaurant serves fresh fish daily.","這家餐廳每天供應新鮮魚。","",""
"450","022","rice","n.","米飯","The meal comes with rice and soup.","這份餐附飯和湯。","",""
"450","022","soup","n.","湯","The soup of the day is tomato.","今日例湯是番茄湯。","",""
"450","022","salad","n.","沙拉","I'll have a salad for lunch.","我午餐要吃沙拉。","",""
"450","022","dessert","n.","甜點","Would you like some dessert?","你想來點甜點嗎？","",""
"450","022","bakery","n.","麵包店","The bakery opens at six in the morning.","麵包店早上六點開門。","",""
"450","022","grocery","n.","雜貨","She bought groceries on the way home.","她在回家路上買了雜貨。","",""
"450","022","supermarket","n.","超市","The supermarket is open twenty-four hours.","這間超市二十四小時營業。","",""
"450","022","hospital","n.","醫院","The hospital is just down the street.","醫院就在這條街上。","",""
"450","022","library","n.","圖書館","The public library has a quiet reading room.","公立圖書館有一間安靜的閱覽室。","",""
"450","022","school","n.","學校","The school offers evening classes.","這所學校提供夜間課程。","",""
"450","022","university","n.","大學","She studied economics at a local university.","她在當地一所大學讀經濟。","",""
"450","022","park","n.","公園","The office is next to a small park.","辦公室旁邊有座小公園。","",""
"450","022","street","n.","街道","The shop is on the corner of Main Street.","這家店在緬因街的轉角。","",""
"450","022","road","n.","道路","The road is closed for repairs.","這條路因維修而封閉。","",""
"450","022","bridge","n.","橋","The bridge connects the two parts of the city.","這座橋連接市區的兩個部分。","",""
"450","022","corner","n.","轉角","Turn left at the corner.","在轉角左轉。","",""
"450","022","traffic light","n.","紅綠燈","Turn right at the traffic light.","在紅綠燈處右轉。","",""
"450","022","airport","n.","機場","The airport is forty minutes from downtown.","機場離市中心四十分鐘。","",""
"450","022","station","n.","車站","Meet me at the train station.","在火車站跟我碰面。","",""
"450","022","bus","n.","公車","I take the bus to work.","我搭公車上班。","",""
"450","022","train","n.","火車","The next train leaves in ten minutes.","下一班火車十分鐘後出發。","",""
"450","022","taxi","n.","計程車","We took a taxi to the hotel.","我們搭計程車去飯店。","",""
"450","022","subway","n.","地鐵","The subway is the fastest way downtown.","地鐵是到市中心最快的方式。","",""
"450","022","bicycle","n.","腳踏車","Many employees cycle to work by bicycle.","許多員工騎腳踏車上班。","",""
"450","022","car","n.","汽車","The car needs to be washed.","這輛車需要洗一洗。","",""
"450","022","truck","n.","卡車","A truck delivers the goods every morning.","每天早上有卡車送貨。","",""
"450","022","plane","n.","飛機","The plane landed ten minutes early.","飛機提早十分鐘降落。","",""
"450","022","ship","n.","船","The goods were sent by ship.","貨物是用船運送的。","",""
"450","022","map","n.","地圖","Can you show me the way on the map?","你可以在地圖上指路給我看嗎？","",""
"450","022","direction","n.","方向","Which direction is the station?","車站在哪個方向？","",""
"450","022","location","n.","地點","The new location is closer to the airport.","新地點離機場較近。","",""
"450","022","distance","n.","距離","The distance between the two offices is short.","兩間辦公室之間的距離很近。","",""
"450","023","answer","n.","答案","I don't know the answer to that question.","我不知道那個問題的答案。","",""
"450","023","idea","n.","想法","That is a great idea.","那真是個好主意。","",""
"450","023","plan","n.","計畫","We have a plan to open a new store.","我們有開新店的計畫。","",""
"450","023","news","n.","消息","I have some good news for you.","我有個好消息要告訴你。","",""
"450","023","story","n.","故事；報導","The story was on the front page.","這則報導登在頭版。","",""
"450","023","information","n.","資訊","Please send me more information.","請寄更多資訊給我。","",""
"450","023","service","n.","服務","The service at the hotel was excellent.","這家飯店的服務很棒。","",""
"450","023","product","n.","產品","The product is available in three colors.","這項產品有三種顏色。","",""
"450","023","company","n.","公司","She works for a large insurance company.","她在一家大型保險公司工作。","",""
"450","023","business","n.","生意；公司","They run a small business together.","他們一起經營一家小生意。","",""
"450","023","job","n.","工作","She found a job at a travel agency.","她在旅行社找到一份工作。","",""
"450","023","work","n.","工作","There is a lot of work to do today.","今天有很多工作要做。","",""
"450","023","project","n.","專案","The project will take about six months.","這個專案大約需要六個月。","",""
"450","023","report","n.","報告","I'll finish the report by noon.","我會在中午前完成報告。","",""
"450","023","meeting","n.","會議","The meeting lasted two hours.","會議持續了兩個小時。","",""
"450","023","event","n.","活動","The event is open to everyone.","這場活動開放給所有人。","",""
"450","023","party","n.","派對；一方","We held a party to celebrate the launch.","我們辦了派對慶祝產品上市。","The third party must also sign.","第三方也必須簽署。"
"450","023","trip","n.","旅行","How was your business trip?","你的出差還好嗎？","",""
"450","023","tour","n.","導覽；旅遊","The tour starts at ten.","導覽十點開始。","",""
"450","023","flight","n.","班機","My flight leaves at eight.","我的班機八點起飛。","",""
"450","023","seat","n.","座位","Is this seat taken?","這個位子有人坐嗎？","",""
"450","023","bag","n.","袋子；包包","Please keep your bag with you.","請把你的包包隨身攜帶。","",""
"450","023","box","n.","箱子","Please put the files in the box.","請把檔案放進箱子裡。","",""
"450","023","key","n.","鑰匙；關鍵","I left my key at the office.","我把鑰匙忘在辦公室了。","",""
"450","023","card","n.","卡片","You can pay by credit card.","你可以用信用卡付款。","",""
"450","023","number","n.","號碼；數字","What is your phone number?","你的電話號碼是多少？","",""
"450","023","sale","n.","特賣；銷售","The shoe store is having a big sale.","這家鞋店正在大特賣。","",""
"450","023","cash","n.","現金","Do you accept cash?","你們收現金嗎？","",""
"450","023","check","n.","支票；檢查","He wrote a check for fifty dollars.","他開了一張五十美元的支票。","Please do a quick security check.","請做一次快速的安全檢查。"
"450","023","tip","n.","小費；訣竅","Here are some tips for new employees.","這裡有一些給新進員工的訣竅。","",""
"450","023","gift","n.","禮物","She wrapped a gift for her colleague.","她為同事包了一份禮物。","",""
"450","023","picture","n.","圖片；照片","She showed me a picture of the new office.","她給我看新辦公室的照片。","",""
"450","023","photo","n.","照片","Please take a photo of the sign.","請拍一張這個標示的照片。","",""
"450","023","music","n.","音樂","Soft music played in the lobby.","大廳播放著輕柔的音樂。","",""
"450","023","movie","n.","電影","Let's see a movie after work.","下班後我們去看電影吧。","",""
"450","023","game","n.","比賽；遊戲","Tickets for the game sold out quickly.","比賽的票很快就賣完了。","",""
"450","023","sport","n.","運動","Swimming is a popular sport here.","游泳在這裡是很受歡迎的運動。","",""
"450","023","weather","n.","天氣","The weather is expected to improve tomorrow.","預期明天天氣會好轉。","",""
"450","023","rain","n.","雨","The event was canceled because of the rain.","活動因下雨而取消。","",""
"450","023","snow","n.","雪","Heavy snow closed the airport.","大雪讓機場關閉。","",""
"450","023","wind","n.","風","Strong winds delayed several flights.","強風使數個航班延誤。","",""
"450","023","temperature","n.","溫度","The temperature will drop tonight.","今晚氣溫會下降。","",""
"450","023","season","n.","季節","Winter is the busy season for ski resorts.","冬天是滑雪度假村的旺季。","",""
"450","023","summer","n.","夏天","We take a long break in summer.","我們夏天會放長假。","",""
"450","023","winter","n.","冬天","It gets very cold here in winter.","這裡冬天會變得很冷。","",""
"450","024","help","v.","幫助","Can you help me carry these boxes?","你可以幫我搬這些箱子嗎？","",""
"450","024","need","v.","需要","We need more time to finish the report.","我們需要更多時間完成報告。","",""
"450","024","want","v.","想要","Customers want faster delivery.","顧客想要更快的送貨。","",""
"450","024","like","v.","喜歡","I like the new design.","我喜歡這個新設計。","",""
"450","024","use","v.","使用","You can use the meeting room until noon.","你可以使用會議室到中午。","",""
"450","024","make","v.","製作；使","We make furniture for offices.","我們製作辦公家具。","",""
"450","024","take","v.","拿；花費","The trip takes about two hours.","這趟旅程大約要兩小時。","",""
"450","024","give","v.","給","Please give this form to the receptionist.","請把這份表格交給櫃台人員。","",""
"450","024","bring","v.","帶來","Please bring your passport.","請帶你的護照來。","",""
"450","024","send","v.","寄送","I'll send the file by email.","我會用電子郵件寄檔案。","",""
"450","024","receive","v.","收到","We received your order yesterday.","我們昨天收到你的訂單。","",""
"450","024","get","v.","得到；取得","Where can I get a ticket?","我在哪裡可以買到票？","",""
"450","024","find","v.","找到","I can't find the contract.","我找不到那份合約。","",""
"450","024","look","v.","看","Please look at the chart on page three.","請看第三頁的圖表。","",""
"450","024","see","v.","看見；理解","I see what you mean.","我懂你的意思。","",""
"450","024","hear","v.","聽見","I heard that the store is closing.","我聽說這家店要關了。","",""
"450","024","listen","v.","聽","Please listen carefully to the instructions.","請仔細聽指示。","",""
"450","024","speak","v.","說話","She speaks three languages.","她會說三種語言。","",""
"450","024","talk","v.","談話","Can I talk to you for a minute?","我可以跟你談一下嗎？","",""
"450","024","tell","v.","告訴","Please tell me when you are ready.","你準備好時請告訴我。","",""
"450","024","say","v.","說","What did the manager say?","經理說了什麼？","",""
"450","024","call","v.","打電話；稱呼","I'll call you this afternoon.","我今天下午會打電話給你。","",""
"450","024","write","v.","寫","Please write your name on the form.","請把你的名字寫在表格上。","",""
"450","024","read","v.","閱讀","Please read the instructions first.","請先閱讀說明。","",""
"450","024","learn","v.","學習","New employees learn the system in a week.","新進員工一週內學會這套系統。","",""
"450","024","teach","v.","教導","She teaches business English.","她教商用英文。","",""
"450","024","study","v.","研讀","He studied marketing at university.","他在大學讀行銷。","",""
"450","024","know","v.","知道","Do you know where the manager is?","你知道經理在哪裡嗎？","",""
"450","024","think","v.","認為；思考","I think we should postpone the event.","我認為我們應該把活動延後。","",""
"450","024","remember","v.","記得","Remember to lock the door.","記得鎖門。","",""
"450","024","forget","v.","忘記","Don't forget your umbrella.","別忘了你的雨傘。","",""
"450","024","understand","v.","了解","I don't understand the instructions.","我看不懂這些說明。","",""
"450","024","decide","v.","決定","We decided to hire two more people.","我們決定再僱兩個人。","",""
"450","024","choose","v.","選擇","You can choose from three colors.","你可以從三種顏色中選一種。","",""
"450","024","change","v.","改變；更換","I need to change my flight.","我需要更改我的班機。","",""
"450","024","move","v.","移動；搬家","The office will move to a new building.","辦公室將搬到新大樓。","",""
"450","024","turn","v.","轉；輪到","Turn left at the next corner.","在下一個轉角左轉。","",""
"450","024","stop","v.","停止","The bus stops in front of the hotel.","公車停在飯店前面。","",""
"450","024","try","v.","嘗試","Please try the new software.","請試用這套新軟體。","",""
"450","024","keep","v.","保持；保留","Please keep the receipt.","請保留收據。","",""
"450","024","show","v.","展示；出示","Please show your ticket at the gate.","請在登機門出示你的票。","",""
"450","024","put","v.","放置","Please put the files on my desk.","請把檔案放在我的桌上。","",""
"450","024","hold","v.","握住；舉行；（電話）等候","The seminar will be held in Room 3.","研討會將在三號室舉行。","Please hold the line.","請不要掛斷電話。"
"450","024","join","v.","加入","Would you like to join us for lunch?","你想加入我們一起吃午餐嗎？","",""
"450","024","follow","v.","跟隨；遵循","Please follow the signs to the exit.","請跟著標示走到出口。","",""
"450","024","begin","v.","開始","The performance begins at eight.","表演八點開始。","",""
"450","024","continue","v.","繼續","Please continue with your presentation.","請繼續你的簡報。","",""
"450","024","wear","v.","穿戴","Employees must wear a uniform.","員工必須穿制服。","",""
"450","024","wash","v.","清洗","Please wash your hands before eating.","用餐前請洗手。","",""
"450","024","clean","v.","打掃","The staff clean the office every night.","員工每天晚上打掃辦公室。","",""
"600","025","accessory","n.","配件","The store sells phone cases and other accessories.","這家店賣手機殼和其他配件。","",""
"600","025","acclaim","n.","讚譽","The film received critical acclaim.","這部電影獲得評論界讚譽。","",""
"600","025","accountant","n.","會計師","The accountant prepared the tax forms.","會計師準備了報稅表格。","",""
"600","025","accounting","n.","會計","She works in the accounting department.","她在會計部門工作。","",""
"600","025","adapt","v.","適應；改編","The firm adapted quickly to the new rules.","公司迅速適應了新規定。","",""
"600","025","adhesive","n.","黏著劑","Apply the adhesive evenly to both surfaces.","請把黏著劑均勻塗在兩個表面上。","",""
"600","025","adjacent","adj.","相鄰的","The hotel is adjacent to the convention center.","飯店緊鄰會議中心。","",""
"600","025","administration","n.","行政管理","She works in hospital administration.","她從事醫院行政工作。","",""
"600","025","admission fee","n.","入場費","The admission fee is ten dollars.","入場費是十美元。","",""
"600","025","advertising","n.","廣告業","He has worked in advertising for ten years.","他在廣告業工作了十年。","",""
"600","025","agent","n.","代理人；經紀人","A travel agent booked our tickets.","旅行社代理人訂了我們的票。","",""
"600","025","airfare","n.","機票費","Airfare is included in the tour price.","機票費包含在旅遊價格內。","",""
"600","025","aisle seat","n.","走道座位","I requested an aisle seat on the flight.","我要求飛機上坐走道的位子。","",""
"600","025","allowance","n.","津貼；零用錢","Staff get a daily meal allowance on trips.","員工出差時有每日餐費津貼。","",""
"600","025","announcement","n.","公告","An announcement will be made at noon.","中午會發布公告。","",""
"600","025","annual leave","n.","年假","Employees get twenty days of annual leave.","員工有二十天年假。","",""
"600","025","apparel","n.","服飾","The store specializes in sports apparel.","這家店專賣運動服飾。","",""
"600","025","arrangement","n.","安排","We made arrangements for the visitors' arrival.","我們為訪客抵達做了安排。","",""
"600","025","artwork","n.","藝術作品","The lobby displays artwork by local artists.","大廳展示當地藝術家的作品。","",""
"600","025","assembly line","n.","生產線","Workers on the assembly line wear safety gear.","生產線上的工人穿戴安全裝備。","",""
"600","025","assignment","n.","任務；作業","Her first assignment was to visit a client.","她的第一項任務是拜訪客戶。","",""
"600","025","assistance","n.","協助","Please call if you need assistance.","如需協助請來電。","",""
"600","025","associate degree","n.","副學士學位","He holds an associate degree in business.","他擁有商業副學士學位。","",""
"600","025","attendant","n.","服務員","A flight attendant served drinks.","空服員供應了飲料。","",""
"600","025","auditorium","n.","禮堂","The talk will be held in the main auditorium.","演講將在主禮堂舉行。","",""
"600","025","automatic","adj.","自動的","The doors open automatically.","這些門會自動開啟。","",""
"600","025","automobile","n.","汽車","The automobile industry is hiring engineers.","汽車業正在僱用工程師。","",""
"600","025","background","n.","背景","She has a background in finance.","她有財務背景。","",""
"600","025","backlog","n.","積壓的工作","We have a backlog of orders to process.","我們有積壓的訂單待處理。","",""
"600","025","baggage claim","n.","行李提領處","Meet me at baggage claim.","在行李提領處碰面。","",""
"600","025","balcony","n.","陽台","The room has a balcony with a sea view.","這間房有看得到海景的陽台。","",""
"600","025","banking","n.","銀行業務","Online banking is available around the clock.","網路銀行全天候可用。","",""
"600","025","bargain","n.","划算的東西","These shoes are a real bargain.","這雙鞋真的很划算。","",""
"600","025","batch","n.","一批","A new batch of products arrived today.","今天到了一批新產品。","",""
"600","025","beverage cart","n.","飲料推車","The beverage cart passes through the aisle.","飲料推車會經過走道。","",""
"600","025","billboard","n.","看板","A huge billboard advertised the new phone.","一面巨大的看板宣傳著新手機。","",""
"600","025","blank","adj.","空白的","Leave the last line blank.","最後一行請留白。","",""
"600","025","booking","n.","預訂","Bookings can be made online.","可以在網路上預訂。","",""
"600","025","bookkeeping","n.","記帳","She does the bookkeeping for several small firms.","她替幾家小公司記帳。","",""
"600","025","bound","adj.","前往…的；受約束的","This train is bound for Chicago.","這班火車開往芝加哥。","",""
"600","025","broadcast","v.","播送","The interview will be broadcast live.","這場訪問將現場直播。","",""
"600","025","bulletin","n.","公告；簡報","Notices are posted on the staff bulletin board.","公告張貼在員工公布欄上。","",""
"600","025","bundle","n.","套裝；一捆","The bundle includes a phone and a case.","這個套組包含一支手機和一個保護殼。","",""
"600","025","burden","n.","負擔","The new tax is a burden on small firms.","新稅對小公司是負擔。","",""
"600","025","cabin","n.","機艙；小屋","Please keep your seat belt fastened in the cabin.","在機艙內請繫好安全帶。","",""
"860","026","abide","v.","遵守","All tenants must abide by the building rules.","所有房客都必須遵守大樓規定。","",""
"860","026","abridge","v.","刪節","The report was abridged for the public.","這份報告為大眾做了刪節。","",""
"860","026","absolve","v.","免除責任","The audit absolved the manager of any blame.","審計免除了經理的所有責任。","",""
"860","026","abstain","v.","棄權；戒除","Two directors abstained from the vote.","兩位董事投票時棄權。","",""
"860","026","accede","v.","同意","The firm acceded to the customer's demands.","公司同意了顧客的要求。","",""
"860","026","acclimate","v.","適應環境","New staff need time to acclimate to the culture.","新進員工需要時間適應公司文化。","",""
"860","026","adept","adj.","熟練的","She is adept at handling difficult clients.","她擅長處理難搞的客戶。","",""
"860","026","adversary","n.","對手","The two firms are long-time adversaries.","這兩家公司是多年的對手。","",""
"860","026","adverse","adj.","不利的","Adverse weather delayed the shipment.","惡劣的天氣延誤了貨運。","",""
"860","026","advent","n.","出現；到來","The advent of e-commerce changed retail.","電子商務的出現改變了零售業。","",""
"860","026","affluent","adj.","富裕的","The store targets affluent shoppers.","這家店以富裕的購物者為目標。","",""
"860","026","aggregate","n.","總數；合計","The aggregate sales exceeded one million.","合計銷售額超過一百萬。","",""
"860","026","allegation","n.","指控","The firm denied the allegations of fraud.","公司否認詐欺的指控。","",""
"860","026","alleviate","v.","減輕","The new road will alleviate traffic congestion.","新路將緩解交通壅塞。","",""
"860","026","alliance","n.","聯盟","The two airlines formed a global alliance.","兩家航空公司組成了全球聯盟。","",""
"860","026","ample","adj.","充裕的","There is ample parking behind the building.","大樓後面有充足的停車位。","",""
"860","026","anecdote","n.","軼事","He opened the talk with a short anecdote.","他以一則小軼事開場演講。","",""
"860","026","annotate","v.","註解","Please annotate the draft with your comments.","請在草稿上加註你的意見。","",""
"860","026","appease","v.","安撫","The firm offered a refund to appease the customer.","公司提供退款來安撫顧客。","",""
"860","026","appraisal","n.","評鑑；考核；鑑價","Each employee receives an annual appraisal.","每位員工每年都會接受考核。","",""
"860","026","apprentice","n.","學徒","He started as an apprentice at a design firm.","他一開始是設計公司的學徒。","",""
"860","026","arbiter","n.","仲裁者","The court is the final arbiter of the dispute.","法院是這項爭議的最終裁決者。","",""
"860","026","ardent","adj.","熱切的","She is an ardent supporter of the plan.","她是這項計畫的熱切支持者。","",""
"860","026","ascend","v.","上升","Sales ascended steadily over the year.","銷售額全年穩步上升。","",""
"860","026","aspire","v.","渴望","She aspires to become a company director.","她渴望成為公司董事。","",""
"860","026","assert","v.","斷言；主張","The firm asserts that the product is safe.","公司主張這項產品安全。","",""
"860","026","attest","v.","證明","Documents attest to the firm's long history.","文件證明了公司悠久的歷史。","",""
"860","026","audacious","adj.","大膽的","The audacious plan surprised the board.","這個大膽的計畫讓董事會吃驚。","",""
"860","026","authenticate","v.","驗證","The system will authenticate your identity.","系統會驗證你的身分。","",""
"860","026","autonomy","n.","自主權","The branch has full autonomy over hiring.","這間分公司在僱用上有完全自主權。","",""
"860","026","bankrupt","adj.","破產的","The retailer went bankrupt last year.","這家零售商去年破產了。","",""
"860","026","barter","v.","以物易物","Villagers bartered goods at the weekend market.","村民在週末市集以物易物。","",""
"860","026","beneficiary","n.","受益人","She is the sole beneficiary of the policy.","她是這份保單的唯一受益人。","",""
"860","026","bountiful","adj.","豐富的","The region enjoyed a bountiful harvest.","這個地區迎來豐收。","",""
"860","026","bureau","n.","局；處","The tourist bureau offers free maps.","旅遊局提供免費地圖。","",""
"860","026","calculate","v.","計算","Please calculate the total cost of the trip.","請計算這趟旅程的總花費。","",""
"860","026","calibrate","v.","校準","Technicians calibrate the instruments every week.","技術人員每週校準儀器。","",""
"860","026","candor","n.","坦率","We appreciate your candor in this matter.","我們感謝你在此事上的坦率。","",""
"860","026","carry out","v.","執行","The team carried out a detailed survey.","團隊進行了一項詳細的調查。","",""
"860","026","cease","v.","停止","The factory ceased production in May.","工廠五月停產。","",""
"860","026","censure","v.","譴責","The board censured the director for misconduct.","董事會譴責該董事的不當行為。","",""
"860","026","chronic","adj.","長期的；慢性的","The firm suffers from chronic staff shortages.","公司長期人手不足。","",""
"860","026","circulation","n.","發行量；流通","The magazine has a circulation of fifty thousand.","這本雜誌發行量為五萬份。","",""
"860","026","clarity","n.","清晰","The report lacks clarity in places.","報告有些地方不夠清楚。","",""
"860","026","coerce","v.","強迫","Employees must not be coerced into overtime.","不得強迫員工加班。","",""
"860","026","cogent","adj.","有說服力的","She made a cogent argument for change.","她提出了有說服力的改革論點。","",""
"860","026","cognizant","adj.","知悉的","Managers should be cognizant of safety risks.","主管應該了解安全風險。","",""
"860","027","coherent","adj.","連貫的","The proposal presents a coherent strategy.","這份提案提出了連貫的策略。","",""
"860","027","collaborative","adj.","合作的","The project takes a collaborative approach.","這個專案採取合作的方式。","",""
"860","027","commemorate","v.","紀念","The event commemorates the company's founding.","這場活動紀念公司創立。","",""
"860","027","commendable","adj.","值得稱讚的","Her commitment to quality is commendable.","她對品質的堅持值得稱讚。","",""
"860","027","compelling","adj.","令人信服的","The report offers compelling evidence.","報告提供了令人信服的證據。","",""
"860","027","complement","v.","補足；相輔相成","The two products complement each other.","這兩項產品相輔相成。","",""
"860","027","compliant","adj.","符合規定的","All our vehicles are compliant with the new rules.","我們所有車輛都符合新規定。","",""
"860","027","composure","n.","鎮定","She kept her composure during the interview.","她在面試中保持鎮定。","",""
"860","027","comprise","v.","包含；組成","The committee comprises eight members.","這個委員會由八名成員組成。","",""
"860","027","compromise","n.","妥協","Both sides reached a compromise on pay.","雙方在薪資上達成妥協。","",""
"860","027","conceive","v.","構思","The campaign was conceived by a young designer.","這項活動是由一位年輕設計師構思的。","",""
"860","027","concise","adj.","簡潔的","Please keep your report clear and concise.","請讓你的報告清楚又簡潔。","",""
"860","027","concur","v.","同意","The two experts concur on the main findings.","兩位專家對主要發現看法一致。","",""
"860","027","condone","v.","寬恕；縱容","The company does not condone harassment.","公司不容忍任何騷擾行為。","",""
"860","027","confer","v.","商議；授予","The directors conferred before making a decision.","董事們在決定前先商議。","",""
"860","027","confine","v.","限制","Please confine your remarks to five minutes.","請把你的發言限制在五分鐘內。","",""
"860","027","congestion","n.","壅塞","Traffic congestion delays deliveries.","交通壅塞延誤了送貨。","",""
"860","027","consensus","n.","共識","The team reached a consensus on the design.","團隊在設計上達成共識。","",""
"860","027","consecutive","adj.","連續的","Sales rose for the fifth consecutive month.","銷售額連續第五個月成長。","",""
"860","027","conspicuous","adj.","顯眼的","Place the sign in a conspicuous spot.","請把標示放在顯眼的地方。","",""
"860","027","constitute","v.","構成","Women constitute half of the workforce.","女性占勞動力的一半。","",""
"860","027","contemplate","v.","考慮","The firm is contemplating a move overseas.","公司正在考慮遷往海外。","",""
"860","027","conventional","adj.","傳統的","The firm prefers conventional marketing methods.","公司偏好傳統的行銷方法。","",""
"860","027","convey","v.","傳達；運送","The message conveys a sense of urgency.","這則訊息傳達出急迫感。","",""
"860","027","credible","adj.","可信的","We need a credible source for this claim.","我們需要這項說法的可靠來源。","",""
"860","027","cumbersome","adj.","笨重的；繁瑣的","The approval process is cumbersome.","核准流程相當繁瑣。","",""
"860","027","cutting-edge","adj.","尖端的","The lab uses cutting-edge technology.","這間實驗室使用尖端科技。","",""
"860","027","debilitate","v.","使衰弱","Rising costs debilitated the small firm.","不斷上升的成本拖垮了這家小公司。","",""
"860","027","decipher","v.","解讀","No one could decipher the handwriting.","沒有人能辨認那筆跡。","",""
"860","027","deem","v.","認為","The plan was deemed too risky.","這項計畫被認為風險太高。","",""
"860","027","deficiency","n.","缺陷；不足","The audit found a deficiency in the controls.","審計發現管控上有缺失。","",""
"860","027","deplete","v.","耗盡","Overuse may deplete the natural resources.","過度使用可能耗盡自然資源。","",""
"860","027","deprive","v.","剝奪","Staff were deprived of their breaks.","員工被剝奪了休息時間。","",""
"860","027","derive","v.","取得；源自","The firm derives most of its income from exports.","公司大部分收入來自出口。","",""
"860","027","detract","v.","減損","Poor service detracts from the experience.","糟糕的服務會減損整體體驗。","",""
"860","027","deviate","v.","偏離","Do not deviate from the approved plan.","不要偏離已核准的計畫。","",""
"860","027","devise","v.","設計；想出","The team devised a new filing system.","團隊想出了一套新的歸檔系統。","",""
"860","027","dilemma","n.","兩難","The manager faced a difficult dilemma.","經理面臨一個艱難的兩難。","",""
"860","027","diminish","v.","減少","Interest in the product has diminished.","大家對這項產品的興趣已減退。","",""
"860","027","discern","v.","辨別","It is hard to discern any clear trend.","很難看出任何明確的趨勢。","",""
"860","027","discretion","n.","判斷力；裁量","Use your discretion when sharing information.","分享資訊時請自行斟酌。","",""
"860","027","disperse","v.","分散；疏散","The crowd dispersed after the show.","表演結束後人群散去。","",""
"860","027","dissolve","v.","解散；溶解","The partnership was dissolved in 2020.","這個合夥關係在 2020 年解散。","",""
"860","027","distinct","adj.","明顯不同的","The two brands have distinct identities.","這兩個品牌有截然不同的特色。","",""
"860","027","diversify","v.","多角化","The firm plans to diversify its product range.","公司打算讓產品線多元化。","",""
"860","027","dubious","adj.","可疑的","The report relies on dubious data.","這份報告依據的是可疑的數據。","",""
"860","027","durable goods","n.","耐久財","Sales of durable goods rose last quarter.","耐久財的銷售上一季成長。","",""
"900","028","ebb","v.","衰退","Enthusiasm for the project began to ebb.","大家對這個專案的熱情開始消退。","",""
"900","028","eccentric","adj.","古怪的","The founder was an eccentric but brilliant man.","創辦人是個古怪卻聰明的人。","",""
"900","028","efficacy","n.","效力","Tests confirmed the efficacy of the treatment.","測試證實了這項治療的效果。","",""
"900","028","egregious","adj.","極惡劣的","It was an egregious error of judgment.","那是一個嚴重的判斷錯誤。","",""
"900","028","elapse","v.","（時間）流逝","Two weeks elapsed before they replied.","過了兩週他們才回覆。","",""
"900","028","elusive","adj.","難以捉摸的","Profit remained elusive for the startup.","這家新創公司仍然難以獲利。","",""
"900","028","embezzle","v.","盜用公款","The clerk embezzled thousands of dollars.","這位職員盜用了數千美元公款。","",""
"900","028","emulate","v.","仿效","Many firms try to emulate her success.","許多公司試圖仿效她的成功。","",""
"900","028","enact","v.","制定（法律）","The council enacted a new parking law.","議會制定了新的停車法規。","",""
"900","028","encumber","v.","妨礙；加重負擔","The firm is encumbered by heavy debt.","這家公司背負沉重債務。","",""
"900","028","enduring","adj.","持久的","The brand has an enduring appeal.","這個品牌擁有持久的吸引力。","",""
"900","028","enmity","n.","敵意","Years of enmity separated the two rivals.","多年的敵意讓這兩個對手分隔。","",""
"900","028","ensue","v.","隨之發生","A heated debate ensued after the announcement.","公告之後隨即展開激烈辯論。","",""
"900","028","envisage","v.","設想","We envisage a gradual expansion.","我們設想逐步擴張。","",""
"900","028","epitome","n.","典範","The hotel is the epitome of luxury.","這家飯店是奢華的典範。","",""
"900","028","equivocal","adj.","模稜兩可的","The results of the trial were equivocal.","試驗結果並不明確。","",""
"900","028","erratic","adj.","不穩定的","The firm's earnings have been erratic.","公司的盈餘一直起伏不定。","",""
"900","028","eschew","v.","避免","The firm eschews risky investments.","公司避免高風險的投資。","",""
"900","028","espouse","v.","擁護","The company espouses sustainable practices.","公司擁護永續的做法。","",""
"900","028","evasive","adj.","迴避的","He gave an evasive answer to the question.","他對這個問題給了迴避的回答。","",""
"900","028","evoke","v.","喚起","The ad evokes memories of childhood.","這支廣告喚起了童年的回憶。","",""
"900","028","exemplify","v.","為…的典範","Her work exemplifies the firm's values.","她的工作體現了公司的價值觀。","",""
"900","028","exhaustive","adj.","詳盡的","An exhaustive review of the accounts followed.","隨後對帳目做了全面的審查。","",""
"900","028","exonerate","v.","免除罪責","The inquiry exonerated the manager.","調查還了經理清白。","",""
"900","028","explicit","adj.","明確的","The rules are explicit about late fees.","規定中對逾期費用有明確說明。","",""
"900","028","extant","adj.","現存的","Only a few copies of the book are still extant.","這本書只剩幾本還存世。","",""
"900","028","extraneous","adj.","無關的","Please remove any extraneous information.","請刪除任何無關的資訊。","",""
"900","028","facilitate","v.","促進；使便利","The software facilitates communication.","這套軟體能促進溝通。","",""
"900","028","fallacy","n.","謬誤","It is a fallacy that lower prices always win.","低價必勝是一種謬誤。","",""
"900","028","fastidious","adj.","挑剔的","The chef is fastidious about freshness.","這位主廚對新鮮度非常挑剔。","",""
"900","028","fervent","adj.","熱切的","He is a fervent supporter of the project.","他是這個專案的熱情支持者。","",""
"900","028","fiasco","n.","慘敗","The product launch was a complete fiasco.","這次產品發表會完全是一場慘敗。","",""
"900","028","fickle","adj.","善變的","Consumer tastes are fickle.","消費者的口味善變。","",""
"900","028","fiduciary","adj.","信託的","Directors have a fiduciary duty to shareholders.","董事對股東負有信託責任。","",""
"900","028","flagrant","adj.","明目張膽的","It was a flagrant breach of the contract.","這是公然違反合約。","",""
"900","028","flourish","v.","繁榮","Small businesses flourished in the region.","小型企業在這個地區蓬勃發展。","",""
"900","028","foresee","v.","預見","No one could foresee the sudden change.","沒有人能預見這個突然的變化。","",""
"900","028","forthcoming","adj.","即將到來的","Details of the forthcoming event will follow.","即將舉行的活動細節隨後公布。","",""
"900","028","fortuitous","adj.","偶然的；幸運的","Their meeting was entirely fortuitous.","他們的相遇純屬偶然。","",""
"900","028","frivolous","adj.","輕率的；無意義的","The court dismissed the frivolous claim.","法院駁回了這項毫無根據的訴求。","",""
"900","028","gauge","v.","評估","Surveys help gauge customer satisfaction.","調查有助於評估顧客滿意度。","",""
"900","028","genuine","adj.","真正的","This is a genuine leather bag.","這是真皮包。","",""
"900","028","gratuity","n.","小費","A gratuity is included in the bill.","帳單已含小費。","",""
"900","028","gregarious","adj.","合群的","She is a gregarious and friendly manager.","她是個合群又友善的經理。","",""
"900","028","hamper","v.","妨礙","Poor roads hampered the delivery of aid.","糟糕的道路阻礙了救援物資的運送。","",""
"900","028","harbor","v.","懷有；庇護","Some staff harbor doubts about the plan.","有些員工對計畫心存疑慮。","",""
"900","028","hazardous","adj.","危險的","Hazardous waste must be handled with care.","有害廢棄物必須小心處理。","",""
"900","028","hereby","adv.","特此","I hereby resign from my position.","我特此辭去職務。","",""
"900","029","hindsight","n.","後見之明；事後回顧","In hindsight, we should have acted sooner.","事後來看，我們應該早點行動。","",""
"900","029","hierarchy","n.","階層","The firm has a flat management hierarchy.","這家公司的管理層級很扁平。","",""
"900","029","homogeneous","adj.","同質的","The market is fairly homogeneous.","這個市場相當同質化。","",""
"900","029","hostile","adj.","敵意的","The firm faced a hostile takeover bid.","公司面臨惡意收購的出價。","",""
"900","029","hurdle","n.","障礙","Funding is the biggest hurdle for the startup.","資金是這家新創公司最大的障礙。","",""
"900","029","hypothetical","adj.","假設的","Consider a hypothetical scenario.","請想像一個假設的情境。","",""
"900","029","idle","adj.","閒置的","The factory stood idle during the strike.","罷工期間工廠停工閒置。","",""
"900","029","illuminate","v.","闡明；照亮","The study illuminates the causes of the decline.","這項研究闡明了衰退的原因。","",""
"900","029","illustrious","adj.","著名的","She had an illustrious career in law.","她在法律界有輝煌的職涯。","",""
"900","029","imminent","adj.","迫近的","The firm warned of an imminent shortage.","公司警告短缺迫在眉睫。","",""
"900","029","impartial","adj.","公正的","An impartial panel will review the claims.","一個公正的小組會審查這些申訴。","",""
"900","029","impede","v.","阻礙","Red tape can impede progress.","繁文縟節可能阻礙進展。","",""
"900","029","implicit","adj.","隱含的","There was an implicit threat in his words.","他的話裡隱含著威脅。","",""
"900","029","imply","v.","暗示","The results imply a need for change.","結果暗示需要改變。","",""
"900","029","impromptu","adj.","即席的","She gave an impromptu speech.","她發表了一場即席演說。","",""
"900","029","inadvertent","adj.","無意的","An inadvertent error delayed the shipment.","一個無心的錯誤延誤了貨運。","",""
"900","029","inaugurate","v.","開幕；就職","The new terminal will be inaugurated in May.","新航廈將在五月啟用。","",""
"900","029","incapacitate","v.","使喪失能力","A bad flu incapacitated half the staff.","嚴重流感讓一半員工無法工作。","",""
"900","029","incessant","adj.","不斷的","Incessant calls disrupted her work.","不停的來電干擾了她的工作。","",""
"900","029","incidental","adj.","附帶的","Incidental expenses are not covered.","附帶開銷不在補助範圍。","",""
"900","029","incorporate","v.","納入；成立公司","We incorporated your feedback into the design.","我們把你的意見納入設計。","",""
"900","029","incumbent","n.","現任者","The incumbent is seeking re-election.","現任者正尋求連任。","",""
"900","029","indefinitely","adv.","無限期地","The launch was postponed indefinitely.","上市日期被無限期延後。","",""
"900","029","indicative","adj.","顯示的","The figures are indicative of a slowdown.","這些數字顯示出成長放緩。","",""
"900","029","indispensable","adj.","不可或缺的","She has become indispensable to the team.","她已成為團隊中不可或缺的人。","",""
"900","029","induce","v.","誘使；引起","Discounts induce customers to buy more.","折扣誘使顧客買得更多。","",""
"900","029","indulge","v.","沉溺；縱容","Guests can indulge in a spa treatment.","賓客可以享受水療。","",""
"900","029","inherent","adj.","固有的","There are risks inherent in any investment.","任何投資都有其固有風險。","",""
"900","029","inhibit","v.","抑制","High fees may inhibit growth.","高額費用可能抑制成長。","",""
"900","029","innate","adj.","天生的","She has an innate talent for sales.","她有銷售的天賦。","",""
"900","029","insolvent","adj.","無力償債的","The firm was declared insolvent last week.","這家公司上週被宣告無力償債。","",""
"900","029","instigate","v.","煽動；發起","He instigated a review of the budget.","他發起了預算的檢討。","",""
"900","029","insurmountable","adj.","難以克服的","The delays proved insurmountable.","這些延誤被證明無法克服。","",""
"900","029","intangible","adj.","無形的","Brand value is an intangible asset.","品牌價值是一項無形資產。","",""
"900","029","integral","adj.","不可或缺的","Teamwork is integral to our approach.","團隊合作是我們做法中不可或缺的一環。","",""
"900","029","integrity","n.","正直","The firm is known for its integrity.","這家公司以正直聞名。","",""
"900","029","intermittent","adj.","間歇的","Intermittent rain slowed the work.","斷斷續續的雨拖慢了工作。","",""
"900","029","intervene","v.","介入","The manager intervened to settle the dispute.","經理介入調解爭議。","",""
"900","029","intimidate","v.","威嚇","Do not let the process intimidate you.","別讓這個流程嚇到你。","",""
"900","029","intrinsic","adj.","內在的","The work has intrinsic value beyond pay.","這份工作除了薪水外還有內在價值。","",""
"900","029","invaluable","adj.","無價的","Her advice was invaluable to us.","她的建議對我們非常寶貴。","",""
"900","029","irrevocable","adj.","不可撤銷的","The decision is final and irrevocable.","這項決定是最終且不可撤銷的。","",""
"900","029","jurisdiction","n.","管轄權","The case falls under federal jurisdiction.","此案屬於聯邦管轄。","",""
"900","029","justify","v.","證明合理","Can you justify the extra expense?","你能說明這筆額外開支的合理性嗎？","",""
"900","029","juxtapose","v.","並列對照","The exhibit juxtaposes old and new designs.","這場展覽把新舊設計並列對照。","",""
"900","029","keen","adj.","熱衷的；敏銳的","The firm is keen to expand overseas.","公司熱切想拓展海外。","",""
"900","029","lapse","n.","疏失；失效","A lapse in security allowed the breach.","安全上的疏失導致了入侵。","",""
"900","029","latent","adj.","潛在的","There is latent demand for such a service.","這類服務有潛在需求。","",""
"900","029","legitimate","adj.","合法的","We only deal with legitimate suppliers.","我們只與合法的供應商往來。","",""
"450","031","store","n.","商店；儲存","The store opens at nine every morning.","這家店每天早上九點開門。","",""
"450","031","mall","n.","購物中心","We met at the mall after work.","我們下班後在購物中心碰面。","",""
"450","031","shirt","n.","襯衫","He wears a white shirt to the office.","他穿白襯衫上班。","",""
"450","031","jacket","n.","外套","Please bring a warm jacket for the trip.","這趟旅行請帶一件保暖外套。","",""
"450","031","coat","n.","大衣","Leave your coat in the cloakroom.","請把大衣放在衣帽間。","",""
"450","031","shoes","n.","鞋子","Staff must wear safety shoes in the factory.","工廠裡員工必須穿安全鞋。","",""
"450","031","size","n.","尺寸","Do you have this shirt in a larger size?","這件襯衫有大一點的尺寸嗎？","",""
"450","031","color","n.","顏色","The new model comes in three colors.","新款有三種顏色。","",""
"450","031","cart","n.","推車；購物車","Please return your cart to the rack.","請把推車放回架上。","",""
"450","031","basket","n.","籃子","She put the fruit in a basket.","她把水果放進籃子裡。","",""
"450","031","bottle","n.","瓶子","Please recycle the empty bottle after use.","空瓶用完後請回收。","",""
"450","031","cup","n.","杯子","Would you like a cup of tea?","你想喝杯茶嗎？","",""
"450","031","plate","n.","盤子","The waiter put a plate on the table.","服務生在桌上放了一個盤子。","",""
"450","031","glass","n.","玻璃杯；玻璃","Please be careful with the glass.","請小心那個玻璃杯。","",""
"450","031","table","n.","桌子；表格","We reserved a table for four.","我們訂了四人桌。","",""
"450","031","chair","n.","椅子","Please bring another chair to the room.","請再搬一張椅子到房間裡。","",""
"450","031","sofa","n.","沙發","The lobby has a large sofa.","大廳有一張大沙發。","",""
"450","031","bed","n.","床","Each room has two single beds.","每間房有兩張單人床。","",""
"450","031","lamp","n.","檯燈","There is a lamp on every desk.","每張桌子上都有一盞檯燈。","",""
"450","031","clock","n.","時鐘","The clock on the wall is five minutes fast.","牆上的時鐘快了五分鐘。","",""
"450","031","camera","n.","相機；攝影機","Security cameras monitor the entrance.","監視器監控著入口。","",""
"450","031","battery","n.","電池","The battery lasts about ten hours.","這個電池可以用約十小時。","",""
"450","031","cable","n.","電纜；線","Please plug the cable into the back of the screen.","請把線插到螢幕後面。","",""
"450","031","charger","n.","充電器","I forgot my phone charger at the hotel.","我把手機充電器忘在飯店了。","",""
"450","031","laptop","n.","筆記型電腦","Each employee receives a laptop.","每位員工都會領到一台筆電。","",""
"450","031","tablet","n.","平板電腦；藥片","The sales team uses a tablet to show products.","業務團隊用平板展示產品。","",""
"450","031","television","n.","電視","There is a television in every room.","每間房都有電視。","",""
"450","031","radio","n.","收音機；廣播","I heard the news on the radio.","我在廣播上聽到這則新聞。","",""
"450","031","light","n.","燈；光","Please turn off the light when you leave.","離開時請關燈。","The room has plenty of natural light.","這個房間有充足的自然光。"
"450","031","fan","n.","電風扇；粉絲","Turn on the fan if the room feels warm.","房間覺得熱就開電風扇。","",""
"450","031","refrigerator","n.","冰箱","Keep the milk in the refrigerator.","牛奶請放冰箱。","",""
"450","031","oven","n.","烤箱","Preheat the oven to two hundred degrees.","烤箱請預熱到兩百度。","",""
"450","031","towel","n.","毛巾","Fresh towels are provided daily.","每天提供乾淨毛巾。","",""
"450","031","soap","n.","肥皂","Soap and shampoo are in the bathroom.","浴室裡有肥皂和洗髮精。","",""
"450","031","umbrella","n.","雨傘","Take an umbrella; it may rain this afternoon.","帶把傘吧，今天下午可能下雨。","",""
"450","031","wallet","n.","皮夾","He left his wallet on the bus.","他把皮夾忘在公車上。","",""
"450","031","watch","n.","手錶；觀看","She checked her watch and left the meeting.","她看了看手錶，離開會議。","Keep a close watch on the budget.","請密切留意預算。"
"450","031","glasses","n.","眼鏡","He needs glasses to read small print.","他看小字需要戴眼鏡。","",""
"450","031","pen","n.","筆","May I borrow your pen?","我可以借你的筆嗎？","",""
"450","031","pencil","n.","鉛筆","Please fill in the form with a pencil.","請用鉛筆填寫表格。","",""
"450","031","notebook","n.","筆記本","She wrote the details in her notebook.","她把細節寫在筆記本上。","",""
"450","031","calculator","n.","計算機","Use a calculator to add up the total.","用計算機算出總數。","",""
"450","031","stapler","n.","釘書機","The stapler is in the top drawer.","釘書機在最上層抽屜裡。","",""
"450","031","scissors","n.","剪刀","Could you pass me the scissors?","可以把剪刀遞給我嗎？","",""
"450","031","tape","n.","膠帶；錄音帶","We need tape to seal the boxes.","我們需要膠帶封箱。","",""
"450","031","ruler","n.","尺；統治者","Use a ruler to draw a straight line.","用尺畫一條直線。","",""
"450","031","drawer","n.","抽屜","The keys are in the second drawer.","鑰匙在第二個抽屜裡。","",""
"450","031","shelf","n.","架子","The books are on the top shelf.","書在最上層架子上。","",""
"450","031","mirror","n.","鏡子","There is a mirror in the lobby.","大廳裡有一面鏡子。","",""
"450","031","carpet","n.","地毯","The carpet will be replaced next month.","地毯下個月會更換。","",""
"450","032","ask","v.","詢問；要求","Please ask the receptionist for directions.","請向櫃台人員問路。","",""
"450","032","add","v.","增加；加入","Add your name to the list.","請把你的名字加到名單上。","",""
"450","032","bake","v.","烘焙","The shop bakes fresh bread every morning.","這家店每天早上烘焙新鮮麵包。","",""
"450","032","borrow","v.","借（入）","May I borrow your car for the day?","我可以借你的車用一天嗎？","",""
"450","032","lend","v.","借（出）","Could you lend me your charger?","你可以借我你的充電器嗎？","",""
"450","032","build","v.","建造","They plan to build a new factory.","他們打算蓋一座新工廠。","",""
"450","032","catch","v.","抓住；趕上","We have to catch the eight o'clock train.","我們得趕上八點的火車。","",""
"450","032","cook","v.","烹煮","The chef cooks for over a hundred guests.","主廚為一百多位客人烹煮。","",""
"450","032","cut","v.","切；削減","The firm will cut costs this year.","公司今年會削減成本。","Please cut the paper in half.","請把紙剪成兩半。"
"450","032","drive","v.","開車","She drives to work every day.","她每天開車上班。","",""
"450","032","drop","v.","掉落；放下","Please drop the package at the front desk.","請把包裹放在櫃台。","",""
"450","032","eat","v.","吃","We usually eat lunch in the cafeteria.","我們通常在餐廳吃午餐。","",""
"450","032","enjoy","v.","享受；喜歡","I enjoy working with this team.","我喜歡和這個團隊一起工作。","",""
"450","032","enter","v.","進入；輸入","Please enter your password.","請輸入你的密碼。","",""
"450","032","fill","v.","填滿；填寫","Fill out the form and return it today.","請填好表格今天交回。","",""
"450","032","fix","v.","修理；固定","The technician will fix the printer.","技術人員會修好印表機。","",""
"450","032","fold","v.","摺疊","Please fold the paper in half.","請把紙對折。","",""
"450","032","hurry","v.","趕緊","Hurry up, or we will miss the bus.","快一點，不然會錯過公車。","",""
"450","032","invite","v.","邀請","We would like to invite you to the opening.","我們想邀請你參加開幕。","",""
"450","032","laugh","v.","笑","Everyone laughed at the joke.","大家都被那個笑話逗笑了。","",""
"450","032","lift","v.","舉起；抬起","Please do not lift heavy boxes alone.","請不要獨自搬重箱子。","",""
"450","032","mix","v.","混合","Mix the ingredients in a large bowl.","把食材在大碗裡混合。","",""
"450","032","offer","v.","提供；提出","The hotel offers free breakfast.","飯店提供免費早餐。","",""
"450","032","pack","v.","打包","Please pack your bags before checkout.","退房前請打包好行李。","",""
"450","032","pass","v.","通過；傳遞","Please pass me the report.","請把報告遞給我。","",""
"450","032","pick","v.","挑選；拿起","Please pick a time that suits you.","請挑一個適合你的時間。","",""
"450","032","plant","n.","工廠；植物","The plant employs about three hundred workers.","這間工廠僱用約三百名工人。","Water the plant twice a week.","這盆植物每週澆兩次水。"
"450","032","pour","v.","倒","She poured coffee for everyone.","她為每個人倒了咖啡。","",""
"450","032","practice","v.","練習","You should practice your presentation.","你應該練習你的簡報。","",""
"450","032","prepare","v.","準備","Please prepare the documents for tomorrow.","請準備明天要用的文件。","",""
"450","032","print","v.","列印","Please print two copies of the form.","請列印兩份表格。","",""
"450","032","pull","v.","拉","Pull the door to open it.","拉門就能打開。","",""
"450","032","push","v.","推","Push the button to call the elevator.","按下按鈕叫電梯。","",""
"450","032","rest","v.","休息","You should rest after the long flight.","長途飛行後你應該休息。","",""
"450","032","ride","v.","搭乘；騎","I ride the subway to work.","我搭地鐵上班。","",""
"450","032","ring","v.","響；打電話","The phone rang three times.","電話響了三聲。","",""
"450","032","run","v.","跑；經營；運行","She runs a small travel agency.","她經營一家小旅行社。","The program runs on any laptop.","這個程式可在任何筆電上執行。"
"450","032","sit","v.","坐","Please sit here and wait.","請坐在這裡等候。","",""
"450","032","smile","v.","微笑","The receptionist smiled and greeted us.","櫃台人員微笑著向我們問好。","",""
"450","032","stand","v.","站立；忍受","Please stand behind the yellow line.","請站在黃線後面。","I cannot stand the noise.","我受不了這種噪音。"
"450","032","stay","v.","停留；住宿","We will stay at the hotel for two nights.","我們會在飯店住兩晚。","",""
"450","032","swim","v.","游泳","The hotel has a pool where you can swim.","飯店有可以游泳的泳池。","",""
"450","032","travel","v.","旅行","She travels to Asia every quarter.","她每季都到亞洲出差。","",""
"450","032","wake","v.","醒來","I wake up at six every morning.","我每天早上六點起床。","",""
"450","032","walk","v.","走路","It takes ten minutes to walk to the station.","走到車站要十分鐘。","",""
"450","032","worry","v.","擔心","Don't worry; we will fix it today.","別擔心，我們今天會修好。","",""
"450","032","wrap","v.","包裝","Could you wrap this as a gift?","你可以把這個包成禮物嗎？","",""
"450","032","turn on","v.","打開（電源）","Please turn on the air conditioner.","請打開冷氣。","",""
"450","032","turn off","v.","關掉","Turn off your phone during the show.","表演期間請關掉手機。","",""
"450","033","able","adj.","能夠的","She is able to speak three languages.","她能說三種語言。","",""
"450","033","bad","adj.","壞的","The weather was bad all week.","整個星期天氣都很差。","",""
"450","033","beautiful","adj.","美麗的","The hotel has a beautiful garden.","這家飯店有座漂亮的花園。","",""
"450","033","big","adj.","大的","We need a bigger meeting room.","我們需要更大的會議室。","",""
"450","033","bright","adj.","明亮的","The office is bright and spacious.","辦公室明亮又寬敞。","",""
"450","033","busy","adj.","忙碌的","The manager is busy until noon.","經理忙到中午。","",""
"450","033","careful","adj.","小心的","Be careful with the glass.","請小心玻璃。","",""
"450","033","cold","adj.","冷的","The room is too cold; please turn up the heat.","房間太冷了，請把暖氣調高。","",""
"450","033","comfortable","adj.","舒適的","The seats are very comfortable.","這些座位很舒適。","",""
"450","033","correct","adj.","正確的","Please check that the address is correct.","請確認地址正確。","",""
"450","033","crowded","adj.","擁擠的","The train was crowded this morning.","今天早上火車很擁擠。","",""
"450","033","dangerous","adj.","危險的","It is dangerous to enter the site without a helmet.","沒戴安全帽進入工地很危險。","",""
"450","033","dark","adj.","黑暗的","It gets dark early in winter.","冬天天黑得早。","",""
"450","033","difficult","adj.","困難的","This question is difficult to answer.","這個問題很難回答。","",""
"450","033","dirty","adj.","髒的","The floor is dirty and needs cleaning.","地板很髒，需要清潔。","",""
"450","033","easy","adj.","容易的","The software is easy to use.","這套軟體很容易使用。","",""
"450","033","empty","adj.","空的","The conference room is empty now.","會議室現在是空的。","",""
"450","033","famous","adj.","有名的","The restaurant is famous for its seafood.","這家餐廳以海鮮聞名。","",""
"450","033","fast","adj.","快的","We offer fast and reliable delivery.","我們提供快速可靠的送貨服務。","",""
"450","033","favorite","adj.","最喜愛的","This is our customers' favorite item.","這是我們顧客最愛的商品。","",""
"450","033","free","adj.","免費的；空閒的","Admission is free for children.","兒童免費入場。","",""
"450","033","full","adj.","滿的","The parking lot is full.","停車場滿了。","",""
"450","033","good","adj.","好的","We had a good meeting yesterday.","我們昨天開了場很好的會。","",""
"450","033","great","adj.","很棒的","It was a great opportunity to learn.","那是個很棒的學習機會。","",""
"450","033","happy","adj.","快樂的","We are happy to help you.","我們很樂意幫你。","",""
"450","033","heavy","adj.","重的","The box is too heavy to lift alone.","這個箱子太重，無法獨自搬。","",""
"450","033","high","adj.","高的","Prices are high during the holiday season.","假期旺季價格偏高。","",""
"450","033","hot","adj.","熱的","It was hot in the conference room.","會議室裡很熱。","",""
"450","033","important","adj.","重要的","It is important to arrive on time.","準時到達很重要。","",""
"450","033","interesting","adj.","有趣的","The seminar was very interesting.","這場研討會很有趣。","",""
"450","033","large","adj.","大的","The firm has a large client base.","公司有龐大的客群。","",""
"450","033","long","adj.","長的","It was a long flight from Taipei.","從台北過來是段很長的航程。","",""
"450","033","loud","adj.","大聲的","The music was too loud.","音樂太大聲了。","",""
"450","033","low","adj.","低的","The store offers low prices on all goods.","這家店所有商品價格都很低。","",""
"450","033","new","adj.","新的","We moved into a new office last month.","我們上個月搬進新辦公室。","",""
"450","033","nice","adj.","好的；愉快的","It was nice meeting you.","很高興認識你。","",""
"450","033","noisy","adj.","吵鬧的","The street outside is very noisy.","外面的街道很吵。","",""
"450","033","old","adj.","舊的；老的","The old printer needs to be replaced.","舊印表機該換了。","",""
"450","033","polite","adj.","有禮貌的","The staff are polite and helpful.","員工有禮貌又樂於助人。","",""
"450","033","popular","adj.","受歡迎的","This model is very popular with students.","這款在學生之間很受歡迎。","",""
"450","033","quick","adj.","快速的","Thank you for your quick reply.","謝謝你的快速回覆。","",""
"450","033","quiet","adj.","安靜的","Please keep the room quiet.","請保持房間安靜。","",""
"450","033","ready","adj.","準備好的","Your order will be ready in ten minutes.","你的餐點十分鐘後就好。","",""
"450","033","rich","adj.","富有的；豐富的","The region is rich in natural resources.","這個地區天然資源豐富。","",""
"450","033","safe","adj.","安全的","Please keep your valuables in a safe place.","請把貴重物品放在安全的地方。","",""
"450","033","short","adj.","短的","We had a short break at noon.","我們中午有一小段休息。","",""
"450","033","simple","adj.","簡單的","The form is simple to fill out.","這份表格很容易填寫。","",""
"450","033","slow","adj.","慢的","The internet connection is slow today.","今天網路很慢。","",""
"450","033","small","adj.","小的","It is a small company with ten employees.","這是一家十個員工的小公司。","",""
"450","033","strong","adj.","強壯的；強勁的","The firm reported strong sales.","公司公布了強勁的銷售成績。","",""
"450","033","tall","adj.","高的","The hotel is the tallest building in the city.","這家飯店是市內最高的建築。","",""
"450","033","tired","adj.","疲倦的","Passengers were tired after the long flight.","乘客在長途飛行後很疲倦。","",""
"450","033","useful","adj.","有用的","The manual contains useful tips.","這本手冊有很多實用的訣竅。","",""
"450","033","wrong","adj.","錯誤的","You have the wrong address.","你的地址寫錯了。","",""
"600","034","abundant","adj.","豐富的","The region has abundant natural resources.","這個地區有豐富的天然資源。","",""
"600","034","accessible","adj.","可到達的；易取得的","The building is accessible by wheelchair.","這棟建築輪椅可進入。","",""
"600","034","accomplishment","n.","成就","Finishing the project early was a great accomplishment.","提早完成專案是很大的成就。","",""
"600","034","acquaintance","n.","認識的人","He is a business acquaintance of mine.","他是我的商務上認識的人。","",""
"600","034","administer","v.","管理；施行","She administers the company's pension plan.","她負責管理公司的退休金計畫。","",""
"600","034","advisable","adj.","明智的；可取的","It is advisable to book early.","及早預訂是明智的。","",""
"600","034","aim","v.","目標是；瞄準","We aim to double sales next year.","我們的目標是明年業績倍增。","",""
"600","034","applaud","v.","鼓掌；稱讚","The audience applauded the speaker.","聽眾為講者鼓掌。","",""
"600","034","apparatus","n.","設備；裝置","The laboratory has modern testing apparatus.","實驗室有現代化的測試設備。","",""
"600","034","aptitude","n.","資質；天分","She has an aptitude for sales.","她有業務方面的天分。","",""
"600","034","artisan","n.","工匠","Local artisans sell their crafts at the market.","當地工匠在市集販售手工藝品。","",""
"600","034","attire","n.","服裝","Business attire is required for the dinner.","晚宴需穿著商務服裝。","",""
"600","034","auditor","n.","審計員","The auditor checked all the accounts.","審計員查核了所有帳目。","",""
"600","034","authorization","n.","授權；批准","You need authorization to enter this area.","進入這個區域需要授權。","",""
"600","034","avail","v.","有益於；利用","Customers can avail themselves of free parking.","顧客可以利用免費停車。","",""
"600","034","award","n.","獎；獎項","The firm won an award for customer service.","公司獲得客戶服務獎。","",""
"600","034","barrier","n.","障礙","Language can be a barrier to trade.","語言可能成為貿易的障礙。","",""
"600","034","booklet","n.","小冊子","A booklet is included with the product.","產品附有一本小冊子。","",""
"600","034","breakdown","n.","故障；細目","The breakdown of costs is shown in the table.","成本明細列在表格裡。","",""
"600","034","briefing","n.","簡報；說明會","A briefing will be held at nine a.m.","說明會將在早上九點舉行。","",""
"600","034","broker","n.","經紀人","A broker arranged the sale of the building.","經紀人安排了這棟大樓的買賣。","",""
"600","034","browse","v.","瀏覽","Customers can browse the catalog online.","顧客可以在線上瀏覽型錄。","",""
"600","034","caution","n.","小心；警告","Please use caution when crossing the road.","過馬路時請小心。","",""
"600","034","chart","n.","圖表","The chart shows sales by region.","這張圖表顯示各地區的銷售。","",""
"600","034","clearance","n.","清倉；許可","The clearance sale starts on Friday.","清倉特賣週五開始。","",""
"600","034","clue","n.","線索","The data gave us a clue about the problem.","數據給了我們問題的線索。","",""
"600","034","coincide","v.","同時發生","The launch will coincide with the trade show.","產品上市會與貿易展同時進行。","",""
"600","034","collapse","v.","倒塌；崩潰","The old bridge collapsed during the storm.","舊橋在暴風雨中倒塌。","",""
"600","034","column","n.","專欄；欄位","She writes a weekly business column.","她每週寫一個商業專欄。","",""
"600","034","combine","v.","結合","The firm will combine the two departments.","公司將合併這兩個部門。","",""
"600","034","commerce","n.","商業","The city is a center of trade and commerce.","這座城市是貿易與商業的中心。","",""
"600","034","community","n.","社區","The company supports the local community.","公司支持當地社區。","",""
"600","034","compartment","n.","隔間；車廂","Please place your bag in the overhead compartment.","請把包包放在頭頂置物櫃。","",""
"600","034","competence","n.","能力；勝任","The test measures basic competence in English.","這項測驗衡量基本的英語能力。","",""
"600","034","component","n.","零件；成分","The factory makes components for cars.","這間工廠生產汽車零件。","",""
"600","034","concept","n.","概念","The concept behind the product is simple.","這項產品背後的概念很簡單。","",""
"600","034","conclusion","n.","結論","The report reached a clear conclusion.","報告得出了明確的結論。","",""
"600","034","conflict","n.","衝突；牴觸","There is a conflict between the two schedules.","這兩個時程互相衝突。","",""
"600","034","conform","v.","符合；遵從","All products must conform to safety standards.","所有產品都必須符合安全標準。","",""
"600","034","connect","v.","連接","Please connect the printer to the network.","請把印表機連上網路。","",""
"600","034","conservation","n.","保育；節約","The firm is committed to energy conservation.","公司致力於節能。","",""
"600","034","consideration","n.","考慮；體諒","Thank you for your consideration.","感謝您的考慮。","",""
"600","034","consist","v.","由…組成","The committee consists of seven members.","委員會由七名成員組成。","",""
"600","034","construct","v.","建造","The firm will construct a new bridge.","公司將建造一座新橋。","",""
"600","034","consumption","n.","消耗；消費","Energy consumption has fallen this year.","今年能源消耗下降了。","",""
"600","034","container","n.","容器；貨櫃","The goods were shipped in a large container.","貨物用大貨櫃運送。","",""
"600","034","content","n.","內容","The content of the website is updated weekly.","網站內容每週更新。","",""
"600","034","convention","n.","大會；慣例","The annual convention will be held in Osaka.","年度大會將在大阪舉行。","",""
"600","034","cope","v.","應付","The staff had to cope with a heavy workload.","員工得應付繁重的工作量。","",""
"600","034","corporate","adj.","公司的","The corporate office is in the city center.","公司總辦公室在市中心。","",""
"600","034","council","n.","議會；委員會","The city council approved the plan.","市議會通過了這項計畫。","",""
"600","035","counter","n.","櫃台；計數器","Please pay at the counter.","請到櫃台付款。","",""
"600","035","craft","n.","工藝；手藝","The shop sells traditional crafts.","這家店販售傳統工藝品。","",""
"600","035","credit card","n.","信用卡","Please enter your credit card number below.","請在下方輸入您的信用卡號碼。","",""
"600","035","criticism","n.","批評","The proposal received some criticism.","這項提案受到一些批評。","",""
"600","035","curriculum","n.","課程","The curriculum includes business writing.","課程包含商務寫作。","",""
"600","035","custom","n.","習俗；慣例","It is the custom to exchange business cards.","交換名片是慣例。","",""
"600","035","cycle","n.","週期；循環","The product cycle lasts about two years.","產品週期約兩年。","",""
"600","035","damaged","adj.","受損的","Please report any damaged goods.","請回報任何受損的商品。","",""
"600","035","dash","v.","衝刺；匆忙","We had to dash to catch the last train.","我們得趕緊去搭末班車。","",""
"600","035","data","n.","資料；數據","All data is stored on a secure server.","所有資料都存放在安全的伺服器。","",""
"600","035","dealership","n.","經銷店","The car dealership is on Main Street.","汽車經銷店在緬因街上。","",""
"600","035","decorate","v.","裝飾","They decorated the lobby for the event.","他們為活動布置了大廳。","",""
"600","035","dedicate","v.","奉獻；致力","She dedicated her career to teaching.","她把職涯奉獻給教學。","",""
"600","035","delighted","adj.","很高興的","We are delighted to welcome you.","我們很高興歡迎你。","",""
"600","035","detailed","adj.","詳細的","Please send a detailed report.","請寄一份詳細的報告。","",""
"600","035","detect","v.","偵測；察覺","The system can detect errors automatically.","系統能自動偵測錯誤。","",""
"600","035","devote","v.","投入；奉獻","The firm devotes time to staff training.","公司投入時間在員工訓練上。","",""
"600","035","diagram","n.","圖解","The diagram shows how to assemble the desk.","圖解顯示如何組裝這張桌子。","",""
"600","035","digital","adj.","數位的","The firm is moving to digital records.","公司正轉向數位紀錄。","",""
"600","035","dimension","n.","尺寸；面向","Please check the dimensions of the box.","請確認箱子的尺寸。","",""
"600","035","disability","n.","身心障礙","The building has access for people with disabilities.","這棟建築為身心障礙者提供無障礙通道。","",""
"600","035","disappointed","adj.","失望的","Customers were disappointed by the delay.","顧客對延誤感到失望。","",""
"600","035","discard","v.","丟棄","Please discard any damaged items.","請丟棄任何受損的物品。","",""
"600","035","discipline","n.","紀律","The job requires discipline and focus.","這份工作需要紀律與專注。","",""
"600","035","discount rate","n.","折扣率；貼現率","The discount rate is five percent.","折扣率是百分之五。","",""
"600","035","dismissal","n.","解僱","The firm explained the reason for his dismissal.","公司說明了他被解僱的原因。","",""
"600","035","distant","adj.","遙遠的","The factory is in a distant region.","工廠位於遙遠的地區。","",""
"600","035","disturb","v.","打擾","Please do not disturb the staff at work.","請勿打擾正在工作的員工。","",""
"600","035","dozen","n.","一打；十二個","Please order two dozen pens.","請訂兩打筆。","",""
"600","035","drawback","n.","缺點","The main drawback of the plan is its cost.","這個計畫的主要缺點是成本。","",""
"600","035","dress code","n.","服裝規定","The company has a casual dress code.","公司的服裝規定很休閒。","",""
"600","035","drought","n.","乾旱","The drought hurt this year's harvest.","乾旱影響了今年的收成。","",""
"600","035","earnest","adj.","認真的","He made an earnest effort to improve.","他認真地努力改進。","",""
"600","035","economic","adj.","經濟的","The economic outlook is positive.","經濟前景樂觀。","",""
"600","035","edition","n.","版本；期","The new edition includes updated prices.","新版包含更新後的價格。","",""
"600","035","educate","v.","教育","The campaign aims to educate consumers.","這項活動旨在教育消費者。","",""
"600","035","electrical","adj.","電的","Electrical equipment must be checked yearly.","電氣設備必須每年檢查。","",""
"600","035","element","n.","要素；元素","Trust is a key element of good service.","信任是優質服務的關鍵要素。","",""
"600","035","embrace","v.","擁抱；欣然接受","The firm embraced the new technology.","公司欣然接受了新技術。","",""
"600","035","emission","n.","排放","The factory reduced its carbon emissions.","工廠減少了碳排放。","",""
"600","035","emotion","n.","情緒","Good ads appeal to emotion.","好廣告會訴諸情感。","",""
"600","035","energy","n.","能源；精力","The building uses solar energy.","這棟大樓使用太陽能。","",""
"600","035","engineer","n.","工程師","The engineer inspected the machine.","工程師檢查了機器。","",""
"600","035","enormous","adj.","巨大的","The project requires an enormous budget.","這個專案需要龐大的預算。","",""
"600","036","entitle","v.","使有資格","This card will entitle you to a ten percent discount.","這張卡讓你享有九折優惠。","",""
"600","036","entrepreneur","n.","創業家","The young entrepreneur opened her first shop last year.","這位年輕創業家去年開了第一間店。","",""
"600","036","environment","n.","環境","The firm works to protect the environment.","公司致力於保護環境。","",""
"600","036","equip","v.","配備","We need to equip the lab with new machines.","我們需要為實驗室配備新機器。","",""
"600","036","erase","v.","擦除；刪除","Please erase the old files from the drive.","請把舊檔案從硬碟中刪除。","",""
"600","036","estate","n.","不動產；莊園","She works for a real estate agency.","她在一家不動產仲介公司工作。","",""
"600","036","ethics","n.","倫理；道德規範","The company has a strict code of ethics.","公司有嚴格的道德規範。","",""
"600","036","evident","adj.","明顯的","It was evident that the plan needed changes.","很明顯這個計畫需要修改。","",""
"600","036","evolve","v.","演變；進化","The industry continues to evolve quickly.","這個產業持續快速演變。","",""
"600","036","exceed","v.","超過","Sales exceed our expectations this quarter.","本季銷售超出我們的預期。","",""
"600","036","excel","v.","表現優異","She continues to excel in her role.","她在職務上持續表現優異。","",""
"600","036","exception","n.","例外","We cannot make an exception to this rule.","我們無法對這項規定破例。","",""
"600","036","exclude","v.","排除","The price excludes tax.","這個價格不含稅。","",""
"600","036","execute","v.","執行","The team will execute the plan next week.","團隊下週將執行這項計畫。","",""
"600","036","exert","v.","施加；發揮","We must exert more effort to meet the deadline.","我們必須更加努力才能趕上期限。","",""
"600","036","exhaust","v.","耗盡；使筋疲力盡","The long trip will exhaust everyone.","這趟長途旅行會讓大家筋疲力盡。","",""
"600","036","expansion","n.","擴張","The expansion of the airport will take three years.","機場擴建需要三年。","",""
"600","036","expectation","n.","期望","The results met our expectations.","結果符合我們的期望。","",""
"600","036","experiment","n.","實驗","The team ran an experiment to test the new design.","團隊做了實驗來測試新設計。","",""
"600","036","expiration","n.","到期","Check the expiration date on the package.","請確認包裝上的到期日。","",""
"600","036","exposure","n.","曝光；接觸","The campaign gave the brand more exposure.","這項活動讓品牌獲得更多曝光。","",""
"600","036","extension","n.","延長；分機","Please dial extension 305 to reach me.","請撥分機 305 找我。","",""
"600","036","external","adj.","外部的","External auditors will review the accounts.","外部審計員會審查帳目。","",""
"600","036","extract","v.","提取","The software can extract data from reports.","這套軟體可以從報告中提取資料。","",""
"600","036","extreme","adj.","極端的","Extreme weather delayed the flights.","極端天氣延誤了航班。","",""
"600","036","fabric","n.","布料","The jacket is made of waterproof fabric.","這件外套是防水布料做的。","",""
"600","036","faculty","n.","教職員；能力","The faculty welcomed the new students.","教職員歡迎新生。","",""
"600","036","fault","n.","過錯；故障","The delay was not our fault.","延誤不是我們的錯。","",""
"600","036","favorable","adj.","有利的；贊成的","The review was very favorable.","這則評論非常正面。","",""
"600","036","federal","adj.","聯邦的","The firm must follow federal regulations.","公司必須遵守聯邦法規。","",""
"600","036","filter","n.","濾網；過濾器","Replace the filter every three months.","請每三個月更換一次濾網。","",""
"600","036","finalize","v.","最後確定","We will finalize the contract on Friday.","我們週五會敲定合約。","",""
"600","036","finance","n.","財務；金融","She works in finance at a large bank.","她在一家大銀行做財務。","",""
"600","036","firm","n.","公司","The law firm hired three new lawyers.","這間律師事務所僱了三位新律師。","",""
"600","036","flaw","n.","瑕疵；缺陷","The test revealed a serious flaw in the design.","測試發現設計有嚴重缺陷。","",""
"600","036","flavor","n.","口味","The ice cream comes in ten flavors.","這款冰淇淋有十種口味。","",""
"600","036","flood","n.","洪水","Heavy rain caused a flood in the area.","大雨導致這個地區淹水。","",""
"600","036","fluid","n.","液體","Check the brake fluid before the trip.","旅行前請檢查煞車油。","",""
"600","036","focus","v.","專注；聚焦","Let's focus on the main issue.","我們專注在主要問題上吧。","",""
"600","036","formal","adj.","正式的","The dinner is a formal event.","這場晚宴是正式活動。","",""
"600","036","format","n.","格式","Please send the file in PDF format.","請用 PDF 格式寄出檔案。","",""
"600","036","former","adj.","前任的；先前的","Her former employer wrote the reference.","她前雇主寫了推薦信。","",""
"600","036","fortune","n.","財富；運氣","The firm made a fortune from exports.","這家公司靠出口賺了一大筆財富。","",""
"600","036","forward","v.","轉寄","Please forward the email to the team.","請把郵件轉寄給團隊。","",""
"600","036","fraud","n.","詐欺","The bank detected fraud on the account.","銀行發現這個帳戶有詐欺行為。","",""
"600","036","fuel","n.","燃料","The price of fuel rose sharply.","燃料價格大幅上漲。","",""
"600","036","function","n.","功能；職能","The new function saves a lot of time.","這個新功能省下很多時間。","",""
"600","036","fund","n.","基金；資金","The fund supports young artists.","這項基金支持年輕藝術家。","",""
"600","036","gadget","n.","小工具","The store sells all kinds of kitchen gadgets.","這家店賣各種廚房小工具。","",""
"600","036","generate","v.","產生","The new plant will generate more power.","新電廠會產生更多電力。","",""
"600","037","generous","adj.","慷慨的","The firm made a generous donation.","公司做了慷慨的捐贈。","",""
"600","037","glance","n.","瞥一眼","At first glance, the figures look fine.","乍看之下數字沒問題。","",""
"600","037","globe","n.","地球；球體","The firm has offices around the globe.","公司在全球各地都有辦公室。","",""
"600","037","govern","v.","管理；統治","Strict rules govern the use of company funds.","公司資金的使用受嚴格規定管理。","",""
"600","037","gradual","adj.","逐漸的","There has been a gradual improvement in sales.","銷售逐步好轉。","",""
"600","037","grant","n.","補助金","The school received a grant for new equipment.","學校獲得購置新設備的補助金。","",""
"600","037","grasp","v.","掌握；理解","It took time to grasp the new system.","花了些時間才掌握新系統。","",""
"600","037","grateful","adj.","感激的","We are grateful for your support.","我們感謝你的支持。","",""
"600","037","greet","v.","問候；迎接","The receptionist will greet visitors at the door.","櫃台人員會在門口迎接訪客。","",""
"600","037","guidance","n.","指導","New staff receive guidance from a mentor.","新進員工會得到導師的指導。","",""
"600","037","habit","n.","習慣","Checking email first is a bad habit.","一開始就查看郵件是個壞習慣。","",""
"600","037","handle","v.","處理","Who will handle customer complaints?","誰會處理客訴？","",""
"600","037","hardly","adv.","幾乎不","We could hardly hear the speaker.","我們幾乎聽不到講者說話。","",""
"600","037","harm","n.","傷害","The new policy will do no harm.","新政策不會有害處。","",""
"600","037","harvest","n.","收成","The harvest was larger than expected.","收成比預期的多。","",""
"600","037","heritage","n.","遺產；傳統","The museum protects the nation's heritage.","博物館保護著國家的文化遺產。","",""
"600","037","highlight","v.","強調；標示重點","The report will highlight the main findings.","報告會強調主要發現。","",""
"600","037","hospitality","n.","款待；餐旅業","She works in the hospitality industry.","她在餐旅業工作。","",""
"600","037","humid","adj.","潮濕的","The weather in summer is hot and humid.","夏天的天氣又熱又潮濕。","",""
"600","037","identify","v.","辨識；找出","We need to identify the cause of the problem.","我們需要找出問題的原因。","",""
"600","037","ignore","v.","忽視","Please do not ignore the safety warnings.","請不要忽視安全警告。","",""
"600","037","illustrate","v.","說明；繪製插圖","The chart will illustrate the trend clearly.","這張圖表會清楚說明趨勢。","",""
"600","037","image","n.","形象；影像","The campaign improved the firm's public image.","這項活動改善了公司的公眾形象。","",""
"600","037","immigration","n.","入境；移民","Please show your passport at immigration.","請在入境處出示護照。","",""
"600","037","implication","n.","影響；含意","The ruling has serious implications for small firms.","這項裁決對小公司有嚴重影響。","",""
"600","037","import","v.","進口","The firm will import coffee from Brazil.","公司將從巴西進口咖啡。","",""
"600","037","impose","v.","強加；徵收","The government will impose a new tax.","政府將徵收新稅。","",""
"600","037","impression","n.","印象","She made a good impression at the interview.","她在面試中留下好印象。","",""
"600","037","inaccurate","adj.","不準確的","The report contained inaccurate figures.","報告裡有不準確的數字。","",""
"600","037","individual","n.","個人","Each individual is responsible for their own work.","每個人都要對自己的工作負責。","",""
"600","037","industrial","adj.","工業的","The city has a large industrial area.","這座城市有一大片工業區。","",""
"600","037","ingenious","adj.","巧妙的","The engineer found an ingenious solution.","工程師想出了巧妙的解決辦法。","",""
"600","037","initial","adj.","最初的","The initial results look promising.","初步結果看來很有希望。","",""
"600","037","injury","n.","受傷","The accident caused no serious injury.","這起事故沒有造成嚴重傷害。","",""
"600","037","innovation","n.","創新","The firm is known for product innovation.","公司以產品創新聞名。","",""
"600","037","input","n.","意見；輸入","We welcome your input on the plan.","我們歡迎你對計畫的意見。","",""
"600","037","insist","v.","堅持","He insisted on paying for the meal.","他堅持要付這頓飯的錢。","",""
"600","037","insight","n.","洞察","The survey gives us insight into customer needs.","這項調查讓我們洞察顧客需求。","",""
"600","037","inspire","v.","激勵","The speaker inspired the whole audience.","講者激勵了所有聽眾。","",""
"600","037","institute","n.","機構；學會","She works at a research institute.","她在一間研究機構工作。","",""
"600","037","instrument","n.","儀器；樂器","The lab calibrates every instrument weekly.","實驗室每週校準每一台儀器。","",""
"600","037","intend","v.","打算","We intend to open a branch next year.","我們打算明年開一間分店。","",""
"600","037","intense","adj.","激烈的；強烈的","Competition in the market is intense.","市場競爭很激烈。","",""
"600","037","interact","v.","互動","Staff interact with customers all day.","員工整天都在和顧客互動。","",""
"600","037","interfere","v.","干擾；干涉","Please do not interfere with the equipment.","請不要干擾設備。","",""
"600","037","interior","n.","內部；室內","The interior of the hotel is elegant.","飯店的室內裝潢很典雅。","",""
"600","037","interpret","v.","解讀；口譯","Experts interpret the data differently.","專家對數據的解讀不同。","",""
"600","037","interrupt","v.","打斷","Sorry to interrupt, but the client is on the line.","抱歉打斷一下，客戶在線上。","",""
"600","037","interval","n.","間隔","Trains run at ten-minute intervals.","火車每隔十分鐘一班。","",""
"600","038","introduce","v.","介紹；引進","Let me introduce our new manager.","讓我介紹我們的新經理。","",""
"600","038","invent","v.","發明","The engineer helped invent a new type of battery.","這位工程師協助發明了新型電池。","",""
"600","038","involve","v.","涉及；牽涉","The job involves a lot of travel.","這份工作需要經常出差。","",""
"600","038","isolate","v.","隔離；孤立","The engineers tried to isolate the problem.","工程師試著找出問題所在。","",""
"600","038","item","n.","項目；物品","Please check each item on the list.","請檢查清單上的每個項目。","",""
"600","038","junction","n.","交叉口","Turn left at the next junction.","在下個路口左轉。","",""
"600","038","kit","n.","工具組；套件","Every room has a first-aid kit.","每個房間都有急救包。","",""
"600","038","lack","n.","缺乏","A lack of funds delayed the project.","資金不足延誤了專案。","",""
"600","038","landscape","n.","風景；格局","The business landscape is changing fast.","商業格局正在快速改變。","",""
"600","038","lane","n.","車道","Please stay in the left lane.","請待在左側車道。","",""
"600","038","layer","n.","層","Add a layer of protection to the screen.","在螢幕上加一層保護。","",""
"600","038","lead","v.","領導；帶領","She will lead the project team.","她將帶領專案團隊。","Who will lead the meeting?","誰來主持會議？"
"600","038","league","n.","聯盟；聯賽","The company sponsors the local league.","公司贊助當地聯賽。","",""
"600","038","leak","n.","漏洞；洩漏","There is a leak in the roof.","屋頂有個漏水處。","",""
"600","038","ledger","n.","帳簿","All payments are recorded in the ledger.","所有款項都記錄在帳簿上。","",""
"600","038","legislation","n.","立法；法規","New legislation will affect the industry.","新法規將影響這個產業。","",""
"600","038","leisure","n.","休閒","The hotel offers many leisure activities.","飯店提供許多休閒活動。","",""
"600","038","length","n.","長度","Please check the length of the cable.","請檢查電纜的長度。","",""
"600","038","likelihood","n.","可能性","There is a strong likelihood of rain tonight.","今晚很可能下雨。","",""
"600","038","limit","n.","限制","There is a limit of two bags per passenger.","每位乘客限帶兩件行李。","",""
"600","038","liquid","n.","液體","Liquids over one hundred milliliters are not allowed.","超過一百毫升的液體不得攜帶。","",""
"600","038","literature","n.","文獻；文學","Please read the product literature carefully.","請仔細閱讀產品說明資料。","",""
"600","038","load","n.","負荷；裝載","The truck carries a heavy load of timber.","這輛卡車載著一大批木材。","",""
"600","038","local","adj.","當地的","We use local suppliers whenever possible.","我們盡可能用當地供應商。","",""
"600","038","locate","v.","找出；位於","The office is located near the station.","辦公室位於車站附近。","",""
"600","038","lodge","v.","投宿；提出","Customers can lodge a complaint online.","顧客可以在線上提出投訴。","",""
"600","038","logic","n.","邏輯","The logic behind the plan is sound.","這項計畫背後的邏輯很合理。","",""
"600","038","luxury","n.","奢華","The hotel offers luxury and comfort.","這家飯店提供奢華與舒適。","",""
"600","038","magnitude","n.","規模；重要性","Nobody expected the magnitude of the problem.","沒有人預期問題會這麼嚴重。","",""
"600","038","mainstream","adj.","主流的","The product has entered the mainstream market.","這項產品已進入主流市場。","",""
"600","038","manage","v.","管理；設法","She manages a team of fifteen people.","她管理一個十五人的團隊。","",""
"600","038","manipulate","v.","操縱","The data had been manipulated.","這些數據被動過手腳。","",""
"600","038","margin","n.","利潤率；邊緣","The firm has a thin profit margin.","公司的利潤率很薄。","",""
"600","038","marine","adj.","海洋的","The company makes marine equipment.","公司生產海洋設備。","",""
"600","038","mass","n.","大量；群眾","The firm sells mass market goods.","公司販售大眾市場的商品。","",""
"600","038","massive","adj.","巨大的","The company launched a massive ad campaign.","公司推出了大規模的廣告活動。","",""
"600","038","master","v.","精通","It takes years to master this skill.","精通這項技能要花好幾年。","",""
"600","038","match","v.","符合；配對","Your skills match the job requirements.","你的技能符合這份工作的要求。","The colors do not match.","這些顏色不搭。"
"600","038","material","n.","材料","The factory uses recycled material.","工廠使用再生材料。","",""
"600","038","maximum","n.","最大值","The maximum load is five hundred kilograms.","最大載重是五百公斤。","",""
"600","038","mean","v.","意思是","What does this word mean?","這個字是什麼意思？","",""
"600","038","mechanism","n.","機制","The safety mechanism stopped the machine.","安全機制讓機器停了下來。","",""
"600","038","medium","adj.","中等的","I would like a medium coffee.","我想要一杯中杯咖啡。","",""
"600","038","merchant","n.","商人","Local merchants joined the festival.","當地商家參加了這個節慶。","",""
"600","038","merit","n.","優點；價值","Each proposal will be judged on its merit.","每項提案都將依其價值評判。","",""
"600","038","method","n.","方法","We use a new method to test the product.","我們用新方法測試產品。","",""
"600","038","migrate","v.","遷移","Many workers migrate to cities for jobs.","許多工人為了工作遷往城市。","",""
"600","038","minimal","adj.","極少的","The repair caused minimal delay.","維修只造成極小的延誤。","",""
"600","038","minimum","n.","最小值","The minimum order is fifty units.","最低訂購量是五十個。","",""
"600","038","minor","adj.","次要的","Only minor repairs are needed.","只需要小幅度維修。","",""
"730","039","modest","adj.","適度的；謙虛的","The firm reported modest growth this year.","公司今年的成長幅度不大。","",""
"730","039","moisture","n.","濕氣","Keep the product away from moisture.","請讓產品遠離濕氣。","",""
"730","039","monetary","adj.","貨幣的","The central bank controls monetary policy.","中央銀行掌控貨幣政策。","",""
"730","039","monopoly","n.","壟斷","The firm held a monopoly on the local market.","這家公司壟斷了當地市場。","",""
"730","039","morale","n.","士氣","The bonus improved staff morale.","獎金提升了員工士氣。","",""
"730","039","motivate","v.","激勵","Good managers know how to motivate their teams.","好主管懂得如何激勵團隊。","",""
"730","039","motive","n.","動機","The motive for the change was to cut costs.","改變的動機是降低成本。","",""
"730","039","municipal","adj.","市政的","The municipal government approved the budget.","市政府通過了預算。","",""
"730","039","mutual","adj.","相互的","The two firms signed a mutual agreement.","兩家公司簽了互惠協議。","",""
"730","039","narrative","n.","敘述","The report presents a clear narrative.","報告提出了清楚的敘述。","",""
"730","039","navigate","v.","導航；順利通過","The app helps tourists navigate the city.","這個應用程式幫助遊客在城市導航。","",""
"730","039","neutral","adj.","中立的","The manager stayed neutral in the dispute.","經理在爭議中保持中立。","",""
"730","039","nominate","v.","提名","She was nominated for the sales award.","她被提名角逐銷售獎。","",""
"730","039","nonprofit","adj.","非營利的","The nonprofit group runs a food bank.","這個非營利團體經營食物銀行。","",""
"730","039","norm","n.","常態；規範","Remote work has become the norm.","遠距工作已成常態。","",""
"730","039","notion","n.","觀念","The notion of flexible hours is popular.","彈性工時的觀念很受歡迎。","",""
"730","039","novel","adj.","新穎的","The firm took a novel approach to marketing.","公司採用了新穎的行銷方式。","",""
"730","039","nuclear","adj.","核能的","The nuclear plant provides power to the region.","核電廠為該地區供電。","",""
"730","039","numerous","adj.","許多的","Numerous customers have praised the service.","許多顧客都稱讚這項服務。","",""
"730","039","observe","v.","觀察；遵守","All staff must observe the safety rules.","所有員工都必須遵守安全規定。","",""
"730","039","obstacle","n.","障礙","Funding is the main obstacle to growth.","資金是成長的主要障礙。","",""
"730","039","occasion","n.","場合","The hall is rented out for special occasions.","這個大廳可租用於特殊場合。","",""
"730","039","occupy","v.","占用","The firm occupies three floors of the building.","這家公司占用大樓三層樓。","",""
"730","039","occur","v.","發生","The error occurs when you log in.","登入時會發生這個錯誤。","",""
"730","039","offset","v.","抵銷","The savings will offset the extra cost.","節省的費用會抵銷額外的成本。","",""
"730","039","ongoing","adj.","持續進行的","The firm has an ongoing training program.","公司有持續進行的訓練計畫。","",""
"730","039","operational","adj.","可運作的；營運的","The new plant will be operational in May.","新廠將在五月開始運作。","",""
"730","039","opponent","n.","對手；反對者","The firm outsold its main opponent.","這家公司的銷量勝過主要對手。","",""
"730","039","optimal","adj.","最佳的","This setting gives optimal performance.","這個設定能發揮最佳效能。","",""
"730","039","organic","adj.","有機的","The store sells organic vegetables.","這家店賣有機蔬菜。","",""
"730","039","origin","n.","來源；起源","Please state the country of origin.","請註明原產國。","",""
"730","039","outdated","adj.","過時的","The old software is outdated.","舊軟體已經過時。","",""
"730","039","outlook","n.","前景；展望","The outlook for next quarter is encouraging.","下一季的前景令人鼓舞。","",""
"730","039","outsource","v.","外包","The firm decided to outsource its payroll.","公司決定把薪資作業外包。","",""
"730","039","overall","adj.","整體的","The overall result was better than expected.","整體結果比預期好。","",""
"730","039","overcome","v.","克服","The team worked hard to overcome the challenge.","團隊努力克服了這項挑戰。","",""
"730","039","overlook","v.","忽略；俯瞰","We must not overlook small details.","我們不能忽略小細節。","",""
"730","039","oversight","n.","疏忽；監督","The error was caused by an oversight.","這個錯誤是疏忽造成的。","",""
"730","039","overwhelm","v.","使不知所措","Too much work can overwhelm new staff.","太多工作會讓新進員工不知所措。","",""
"730","039","pace","n.","步調","The team works at a fast pace.","團隊工作步調很快。","",""
"730","039","panel","n.","小組；面板","A panel of experts will review the plan.","一個專家小組會審查這項計畫。","",""
"730","039","parallel","adj.","平行的；類似的","The two projects run in parallel.","這兩個專案同時進行。","",""
"730","039","parameter","n.","參數；範圍","Please set the parameters for the test.","請設定測試的參數。","",""
"730","039","particular","adj.","特定的","Is there a particular date you prefer?","你有偏好的特定日期嗎？","",""
"730","039","passenger","n.","乘客","Passengers must show their tickets.","乘客必須出示車票。","",""
"730","039","passion","n.","熱情","She has a passion for design.","她對設計充滿熱情。","",""
"730","039","patent","n.","專利","The firm holds several patents.","公司擁有幾項專利。","",""
"730","039","pattern","n.","模式；圖案","The data shows a clear pattern.","數據顯示出明顯的模式。","",""
"730","039","pause","v.","暫停","Let's pause the meeting for a break.","我們暫停會議休息一下。","",""
"730","039","payroll","n.","薪資單；薪資總額","The payroll is processed on the 25th.","薪資在每月 25 日處理。","",""
"730","040","peak","n.","高峰","Sales reach their peak in December.","銷售在十二月達到高峰。","",""
"730","040","perceive","v.","察覺；認為","Customers perceive the brand as reliable.","顧客認為這個品牌很可靠。","",""
"730","040","perception","n.","看法","Public perception of the firm has improved.","大眾對公司的看法已有改善。","",""
"730","040","perform","v.","執行；表現","The machine can perform several tasks at once.","這台機器可以同時執行好幾項任務。","",""
"730","040","period","n.","期間","The offer is valid for a limited period.","這項優惠限期有效。","",""
"730","040","periodic","adj.","定期的","Periodic inspections keep the plant safe.","定期檢查讓工廠保持安全。","",""
"730","040","perspective","n.","觀點","We need a fresh perspective on the problem.","我們需要用新的觀點看這個問題。","",""
"730","040","pharmaceutical","adj.","製藥的","She works for a pharmaceutical company.","她在一家製藥公司工作。","",""
"730","040","phase","n.","階段","The first phase of the project is complete.","專案的第一階段已完成。","",""
"730","040","phenomenon","n.","現象","Online shopping is a global phenomenon.","網路購物是全球現象。","",""
"730","040","philosophy","n.","理念；哲學","The firm's philosophy is to put customers first.","公司的理念是顧客至上。","",""
"730","040","pilot","n.","試辦；飛行員","The firm ran a pilot program in two cities.","公司在兩個城市試辦了這項計畫。","",""
"730","040","pioneer","n.","先驅","The firm was a pioneer in online banking.","這家公司是網路銀行的先驅。","",""
"730","040","plunge","v.","驟降","Share prices plunged after the announcement.","公告後股價驟降。","",""
"730","040","portfolio","n.","投資組合；作品集","Please bring your portfolio to the interview.","請帶你的作品集來面試。","",""
"730","040","portion","n.","部分；份量","A large portion of the budget goes to salaries.","預算有很大部分用在薪資上。","",""
"730","040","portray","v.","描繪","The ad portrays the product as luxurious.","這支廣告把產品描繪得很奢華。","",""
"730","040","pose","v.","造成；擺姿勢","The delay could pose a risk to the schedule.","延誤可能對時程造成風險。","",""
"730","040","possess","v.","擁有","The firm possesses valuable patents.","公司擁有有價值的專利。","",""
"730","040","postage","n.","郵資","Postage is included in the price.","郵資包含在價格內。","",""
"730","040","poverty","n.","貧窮","The charity works to reduce poverty.","這個慈善機構致力於減少貧窮。","",""
"730","040","practical","adj.","實用的","The training offers practical advice.","這項訓練提供實用的建議。","",""
"730","040","precision","n.","精確度","The machine cuts with great precision.","這台機器切割非常精準。","",""
"730","040","predict","v.","預測","Experts predict a rise in prices.","專家預測價格會上漲。","",""
"730","040","preference","n.","偏好","Please state your seating preference.","請說明你偏好的座位。","",""
"730","040","premier","adj.","首要的；頂級的","The hotel is the city's premier venue.","這家飯店是市內頂級的場地。","",""
"730","040","preserve","v.","保存","The museum works to preserve old documents.","博物館致力於保存舊文件。","",""
"730","040","prestige","n.","聲望","The award brought prestige to the firm.","這個獎為公司帶來聲望。","",""
"730","040","presume","v.","推測","I presume the shipment arrived on time.","我推測貨物準時到了。","",""
"730","040","prevent","v.","預防","Regular checks prevent accidents.","定期檢查可以預防事故。","",""
"730","040","principal","adj.","主要的","The principal reason for the delay was the weather.","延誤的主要原因是天氣。","",""
"730","040","principle","n.","原則","The firm operates on the principle of fairness.","公司以公平為原則運作。","",""
"730","040","prior","adj.","先前的","Prior experience is required for this position.","這個職位需要先前的經驗。","",""
"730","040","privacy","n.","隱私","We take your privacy seriously.","我們很重視你的隱私。","",""
"730","040","privilege","n.","特權；榮幸","Members enjoy special privileges.","會員享有特殊權益。","",""
"730","040","procurement","n.","採購","She heads the procurement department.","她主管採購部門。","",""
"730","040","profession","n.","職業；專業","Teaching is a respected profession.","教書是個受尊敬的職業。","",""
"730","040","profound","adj.","深遠的","The change had a profound effect on staff.","這項改變對員工有深遠的影響。","",""
"730","040","progress","n.","進展","The team is making good progress.","團隊進展良好。","",""
"730","040","promising","adj.","有前途的","She is a promising young engineer.","她是位有前途的年輕工程師。","",""
"730","040","proportion","n.","比例","A large proportion of customers are students.","很大比例的顧客是學生。","",""
"730","040","prosper","v.","繁榮","Small businesses prosper in this region.","小型企業在這個地區蓬勃發展。","",""
"730","040","protocol","n.","規程；協定","Staff must follow the safety protocol.","員工必須遵守安全規程。","",""
"730","040","provision","n.","規定；供應","The contract has a provision for early exit.","合約有提前終止的條款。","",""
"730","040","publicize","v.","宣傳","The firm will publicize the event online.","公司會在網路上宣傳這項活動。","",""
"730","040","pursue","v.","追求","She decided to pursue a career in law.","她決定從事法律工作。","",""
"730","040","quota","n.","配額","Each salesperson has a monthly quota.","每位業務員都有每月配額。","",""
"730","040","radical","adj.","徹底的；激進的","The firm made radical changes to its strategy.","公司對策略做了徹底的改變。","",""
"730","040","random","adj.","隨機的","Winners will be chosen at random.","得獎者將隨機抽出。","",""
"730","040","rapid","adj.","快速的","The city has seen rapid growth.","這座城市經歷了快速成長。","",""
"730","040","rational","adj.","理性的","We need a rational approach to the problem.","我們需要用理性的方式處理問題。","",""
"860","041","affirm","v.","確認；斷言","The CEO will affirm the firm's commitment to quality.","執行長將重申公司對品質的承諾。","",""
"860","041","agile","adj.","敏捷的","An agile team can respond quickly to change.","敏捷的團隊能快速因應變化。","",""
"860","041","ambivalent","adj.","矛盾的；猶豫的","Staff felt ambivalent about the new policy.","員工對新政策感到矛盾。","",""
"860","041","amplify","v.","放大；增強","Social media can amplify a brand's message.","社群媒體能放大品牌的訊息。","",""
"860","041","anomaly","n.","異常","The audit found an anomaly in the accounts.","審計發現帳目有異常。","",""
"860","041","antiquated","adj.","過時的","The firm still uses an antiquated filing system.","公司還在用過時的歸檔系統。","",""
"860","041","apathy","n.","冷漠","Staff apathy is a growing concern.","員工的冷漠是日益嚴重的問題。","",""
"860","041","appendix","n.","附錄","The full data is included in the appendix.","完整數據放在附錄裡。","",""
"860","041","arbitrate","v.","仲裁","A neutral party will arbitrate the dispute.","中立的第三方將仲裁這項爭議。","",""
"860","041","archive","n.","檔案庫","Old records are kept in the archive.","舊紀錄保存在檔案庫裡。","",""
"860","041","array","n.","一系列；陣列","The store offers a wide array of products.","這家店提供種類繁多的商品。","",""
"860","041","ascribe","v.","歸因於","Analysts ascribe the growth to lower costs.","分析師把成長歸因於成本降低。","",""
"860","041","aspiration","n.","抱負","Her aspiration is to lead the firm one day.","她的抱負是有一天領導這家公司。","",""
"860","041","assimilate","v.","吸收；同化","New staff need time to assimilate the procedures.","新進員工需要時間吸收這些流程。","",""
"860","041","attentive","adj.","殷勤的；專注的","The staff were attentive to every guest.","員工對每位賓客都很殷勤。","",""
"860","041","authoritative","adj.","權威的","The report is an authoritative guide to the industry.","這份報告是產業的權威指南。","",""
"860","041","avert","v.","避免","Quick action helped avert a crisis.","迅速的行動幫助避免了危機。","",""
"860","041","bias","n.","偏見","The survey was free from bias.","這項調查沒有偏見。","",""
"860","041","bilateral","adj.","雙邊的","The two nations signed a bilateral trade deal.","兩國簽署了雙邊貿易協定。","",""
"860","041","boycott","v.","抵制","Customers threatened to boycott the brand.","顧客威脅要抵制這個品牌。","",""
"860","041","brisk","adj.","活絡的；輕快的","Sales were brisk during the holiday.","假期期間銷售十分熱絡。","",""
"860","041","buffer","n.","緩衝","Extra funds act as a buffer against losses.","額外資金可以當作虧損的緩衝。","",""
"860","041","bulky","adj.","笨重的","Bulky items cost more to ship.","笨重的物品運費較高。","",""
"860","041","buyout","n.","收購","The management buyout was completed in May.","管理階層收購案在五月完成。","",""
"860","041","cascade","v.","連鎖傳遞","The news will cascade through the organization.","這個消息會在組織裡一層層傳下去。","",""
"860","041","catalyst","n.","催化劑；促成因素","The new law was a catalyst for change.","新法是促成改變的催化劑。","",""
"860","041","caveat","n.","附帶條件；警告","The offer comes with one caveat.","這項優惠附有一個但書。","",""
"860","041","charter","v.","包租","The firm will charter a plane for the event.","公司將包下一架飛機供活動使用。","",""
"860","041","cherish","v.","珍視","We cherish our long-standing relationships.","我們珍視長久以來的關係。","",""
"860","041","clause","n.","條款","The contract includes a clause on late payment.","合約有一項關於逾期付款的條款。","",""
"860","041","cluster","n.","群集","A cluster of tech firms opened offices downtown.","一群科技公司在市中心開了辦公室。","",""
"860","041","collide","v.","碰撞；衝突","The interests of the two firms collide.","這兩家公司的利益互相衝突。","",""
"860","041","concede","v.","讓步；承認","The firm had to concede the point.","公司不得不承認這一點。","",""
"860","041","condense","v.","濃縮","Please condense the report into one page.","請把報告濃縮成一頁。","",""
"860","041","configuration","n.","配置","Check the system configuration before installing.","安裝前請檢查系統配置。","",""
"860","041","consortium","n.","聯合組織","A consortium of banks funded the project.","一個銀行聯盟資助了這個專案。","",""
"860","041","constituent","n.","成分；選民","Each constituent of the mixture is tested.","混合物的每種成分都經過測試。","",""
"860","041","contaminate","v.","污染","Spills can contaminate the water supply.","洩漏可能污染水源。","",""
"860","041","contemporary","adj.","當代的","The gallery shows contemporary art.","這間畫廊展出當代藝術。","",""
"860","041","convoluted","adj.","錯綜複雜的","The approval process is convoluted.","審批流程錯綜複雜。","",""
"860","041","copyright","n.","版權","The photo is protected by copyright.","這張照片受版權保護。","",""
"860","041","cordial","adj.","熱忱友好的","The two leaders held a cordial meeting.","兩位領導人舉行了友好的會面。","",""
"860","041","counterpart","n.","對應的人或物","She met her counterpart at the partner firm.","她見了合作公司的對口人員。","",""
"860","041","covenant","n.","契約；盟約","The lease includes a covenant on maintenance.","租約包含一項維護的約定。","",""
"860","041","credibility","n.","可信度","The scandal damaged the firm's credibility.","這起醜聞損害了公司的可信度。","",""
"860","041","criterion","n.","標準（單數）","Price is the main criterion for selection.","價格是遴選的主要標準。","",""
"860","041","decree","n.","法令；命令","The government issued a decree on imports.","政府頒布了進口法令。","",""
"860","041","deduce","v.","推斷","We can deduce the cause from the data.","我們可以從數據推斷原因。","",""
"860","041","deference","n.","尊重；順從","Out of deference to the client, we changed the date.","為了尊重客戶，我們改了日期。","",""
"860","041","defy","v.","違抗；挑戰","The firm's growth defies expectations.","公司的成長出乎預期。","",""
"860","041","deliberate","adj.","蓄意的；審慎的","It was a deliberate decision to delay the launch.","延後上市是審慎的決定。","",""
"860","041","demographic","n.","人口統計族群","The ad targets a young demographic.","這支廣告鎖定年輕族群。","",""
"860","042","denounce","v.","公開譴責","The union will denounce the layoffs.","工會將公開譴責這次裁員。","",""
"860","042","depict","v.","描繪","The report depicts a market in decline.","報告描繪出一個衰退的市場。","",""
"860","042","deploy","v.","部署；調度","The firm will deploy new software next month.","公司下個月將部署新軟體。","",""
"860","042","descend","v.","下降","Prices began to descend after the holiday.","假期過後價格開始下降。","",""
"860","042","deter","v.","阻止","High fees may deter new customers.","高額費用可能阻止新客戶上門。","",""
"860","042","devastate","v.","摧毀","The storm will devastate the harvest.","這場風暴會摧毀收成。","",""
"860","042","dictate","v.","規定；口述","Market conditions dictate our pricing.","市場狀況決定了我們的定價。","",""
"860","042","digress","v.","離題","Let me digress for a moment.","讓我離題一下。","",""
"860","042","dilute","v.","稀釋；削弱","Too many options can dilute the message.","太多選項可能削弱訊息。","",""
"860","042","discreet","adj.","謹慎的","Please be discreet when discussing the merger.","討論合併案時請謹慎。","",""
"860","042","dispel","v.","消除（疑慮）","The report helped dispel concerns about safety.","報告有助於消除對安全的疑慮。","",""
"860","042","dissent","n.","異議","There was little dissent among the board.","董事會內幾乎沒有異議。","",""
"860","042","distort","v.","扭曲","The graph distorts the real figures.","這張圖扭曲了真實的數字。","",""
"860","042","diversion","n.","轉移；消遣","Traffic diversion caused delays on the highway.","交通改道造成高速公路延誤。","",""
"860","042","divulge","v.","洩漏","Staff must not divulge client information.","員工不得洩漏客戶資訊。","",""
"860","042","dominate","v.","主導","The firm dominates the local market.","這家公司主導當地市場。","",""
"860","042","downturn","n.","衰退","The firm survived the economic downturn.","公司撐過了經濟衰退。","",""
"860","042","drastic","adj.","劇烈的","The firm took drastic measures to cut costs.","公司採取了激烈的措施削減成本。","",""
"860","042","dynamic","adj.","有活力的","She leads a dynamic team.","她帶領一個有活力的團隊。","",""
"860","042","eclipse","v.","使黯然失色","Online sales may eclipse store sales this year.","今年網路銷售可能超越實體店銷售。","",""
"860","042","elevate","v.","提升","The campaign helped elevate the brand.","這項活動有助於提升品牌。","",""
"860","042","eloquent","adj.","雄辯的","She gave an eloquent speech.","她發表了一場雄辯的演說。","",""
"860","042","elude","v.","躲避；難以理解","The solution continues to elude us.","解決方案一直找不到。","",""
"860","042","embody","v.","體現","The new logo embodies the firm's values.","新標誌體現了公司的價值觀。","",""
"860","042","eminent","adj.","卓越的","An eminent economist will give the lecture.","一位卓越的經濟學家將發表演講。","",""
"860","042","empower","v.","賦權","The program aims to empower employees.","這項計畫旨在賦予員工更多權限。","",""
"860","042","encroach","v.","侵占","New rivals began to encroach on our market.","新的對手開始侵蝕我們的市場。","",""
"860","042","endow","v.","賦予；捐贈","The founder endowed the school with a large gift.","創辦人向學校捐了一大筆錢。","",""
"860","042","enlist","v.","爭取；徵召","We plan to enlist volunteers for the event.","我們打算為活動招募志工。","",""
"860","042","enrich","v.","使豐富","The course will enrich your vocabulary.","這門課會豐富你的字彙。","",""
"860","042","entity","n.","實體","The firm is a separate legal entity.","這家公司是獨立的法律實體。","",""
"860","042","envision","v.","想像；設想","We envision a greener future for the industry.","我們設想這個產業有更環保的未來。","",""
"860","042","epidemic","n.","流行病","The epidemic slowed travel across the region.","疫情減緩了整個地區的旅遊。","",""
"860","042","equate","v.","等同","Don't equate high price with high quality.","別把高價等同於高品質。","",""
"860","042","erode","v.","侵蝕","Rising costs erode our profit margins.","不斷上升的成本侵蝕了我們的利潤。","",""
"860","042","escalate","v.","升級；惡化","The dispute may escalate into a lawsuit.","這項爭議可能升級成訴訟。","",""
"860","042","essence","n.","本質","The essence of good service is respect.","好服務的本質是尊重。","",""
"860","042","evade","v.","躲避","The firm tried to evade the new tax.","公司試圖逃避新稅。","",""
"860","042","exaggerate","v.","誇大","The ad tends to exaggerate the benefits.","這則廣告傾向誇大好處。","",""
"860","042","excerpt","n.","摘錄","The magazine printed an excerpt from the report.","雜誌刊登了報告的摘錄。","",""
"860","042","exemption","n.","免除","The charity applied for a tax exemption.","這個慈善機構申請了免稅。","",""
"860","042","exodus","n.","大批離開","The firm suffered an exodus of skilled staff.","公司面臨技術人員大量出走。","",""
"860","042","expel","v.","驅逐；開除","The member was expelled for misconduct.","這名成員因不當行為被開除。","",""
"860","042","exquisite","adj.","精緻的","The hotel serves exquisite dishes.","這家飯店供應精緻的料理。","",""
"860","042","extravagant","adj.","奢侈的；過度的","The firm cut extravagant spending.","公司削減了奢侈的開銷。","",""
"860","042","fabricate","v.","捏造；製造","He was accused of fabricating the figures.","他被指控捏造數字。","",""
"860","042","fluctuating","adj.","波動的","Fluctuating prices make planning hard.","價格波動讓規劃變難。","",""
"860","042","forge","v.","建立；偽造","The firms hope to forge a long-term partnership.","兩家公司希望建立長期合作關係。","",""
"900","043","acumen","n.","敏銳度","Her business acumen made the firm profitable.","她的商業敏銳度讓公司獲利。","",""
"900","043","adamant","adj.","堅決的","The CEO was adamant that the date would not change.","執行長堅決表示日期不會更動。","",""
"900","043","adage","n.","諺語","The old adage says time is money.","老話說時間就是金錢。","",""
"900","043","aloof","adj.","冷淡的；疏遠的","The manager remained aloof from the dispute.","經理對這場爭議保持距離。","",""
"900","043","altruistic","adj.","利他的","The donation was an altruistic act.","這筆捐款是利他的行為。","",""
"900","043","amalgamate","v.","合併","The two firms plan to amalgamate next year.","這兩家公司打算明年合併。","",""
"900","043","ambiguity","n.","模糊不清","The ambiguity in the contract caused a dispute.","合約中的模糊之處引發爭議。","",""
"900","043","annihilate","v.","徹底摧毀","The new rival could annihilate our market share.","新對手可能徹底吞掉我們的市占。","",""
"900","043","antecedent","n.","先例；前身","The ruling has no antecedent in this industry.","這項裁決在這個產業沒有先例。","",""
"900","043","archaic","adj.","古老的；過時的","The firm uses archaic accounting methods.","公司使用過時的會計方法。","",""
"900","043","ardor","n.","熱情","She pursued the project with great ardor.","她滿懷熱情地推動這個專案。","",""
"900","043","assuage","v.","緩和；平息","The refund helped assuage the customer's anger.","退款幫助平息了顧客的怒氣。","",""
"900","043","atone","v.","彌補；贖罪","The firm tried to atone for its mistake.","公司試圖彌補它的錯誤。","",""
"900","043","austere","adj.","樸素的；嚴峻的","The office has an austere design.","這間辦公室的設計很樸素。","",""
"900","043","avarice","n.","貪婪","Corporate avarice led to the scandal.","企業的貪婪導致了這起醜聞。","",""
"900","043","banal","adj.","陳腔濫調的","The slogan was banal and forgettable.","這句口號平庸又容易被忘記。","",""
"900","043","bequeath","v.","遺贈","He bequeathed his shares to the charity.","他把股份遺贈給慈善機構。","",""
"900","043","bureaucratic","adj.","官僚的","Bureaucratic delays slowed the permit.","官僚作風的延誤拖慢了許可證。","",""
"900","043","burnish","v.","擦亮；提升（形象）","The campaign aims to burnish the firm's image.","這項活動旨在擦亮公司形象。","",""
"900","043","capricious","adj.","善變的","Consumer demand can be capricious.","消費者需求可能善變。","",""
"900","043","cede","v.","割讓；讓出","The firm had to cede control of the market.","公司不得不讓出市場的控制權。","",""
"900","043","chagrin","n.","懊惱","To our chagrin, the deal fell through.","令我們懊惱的是，交易破局了。","",""
"900","043","clandestine","adj.","秘密的","The two firms held clandestine talks.","兩家公司進行了秘密會談。","",""
"900","043","coalesce","v.","聯合；凝聚","The teams began to coalesce around one plan.","各團隊開始凝聚到同一個計畫上。","",""
"900","043","commiserate","v.","同情；慰問","Colleagues came to commiserate with her.","同事們來慰問她。","",""
"900","043","complacency","n.","自滿","Complacency can cost a firm its lead.","自滿可能讓公司失去領先地位。","",""
"900","043","conciliate","v.","安撫；調解","The manager tried to conciliate the angry client.","經理試圖安撫憤怒的客戶。","",""
"900","043","conjecture","n.","推測","The report is based on conjecture, not facts.","這份報告是根據推測，而不是事實。","",""
"900","043","consternation","n.","驚愕","The news caused consternation among staff.","這個消息讓員工驚愕不已。","",""
"900","043","contentious","adj.","有爭議的","The contentious proposal divided the board.","這項有爭議的提案讓董事會意見分歧。","",""
"900","043","contrite","adj.","悔恨的","The firm issued a contrite apology.","公司發出了誠懇悔過的道歉。","",""
"900","043","conundrum","n.","難題","The pricing conundrum remains unsolved.","定價難題仍未解決。","",""
"900","043","convivial","adj.","歡樂的","The dinner had a convivial atmosphere.","晚宴氣氛歡樂。","",""
"900","043","copious","adj.","大量的","She took copious notes at the seminar.","她在研討會上做了大量筆記。","",""
"900","043","cursory","adj.","草率的","He gave the report only a cursory glance.","他只草草看了一下報告。","",""
"900","043","dearth","n.","缺乏","There is a dearth of skilled workers.","熟練工人十分缺乏。","",""
"900","043","debacle","n.","慘敗","The product launch was a debacle.","這次產品發表是一場慘敗。","",""
"900","043","decorum","n.","禮節","Staff are expected to show decorum at the dinner.","員工在晚宴上應表現得宜。","",""
"900","043","deleterious","adj.","有害的","Long hours have a deleterious effect on health.","長時間工作對健康有害。","",""
"900","043","demure","adj.","端莊的","She gave a demure reply.","她給了含蓄的回答。","",""
"900","043","denigrate","v.","詆毀","Competitors tried to denigrate the product.","競爭對手試圖詆毀這項產品。","",""
"900","043","deride","v.","嘲笑","Critics derided the firm's new slogan.","評論家嘲笑公司的新口號。","",""
"900","043","desultory","adj.","散漫的","The talks were desultory and went nowhere.","談判散漫無果。","",""
"900","043","diatribe","n.","長篇抨擊","He launched into a diatribe against the policy.","他長篇大論地抨擊這項政策。","",""
"900","043","didactic","adj.","說教的","The training video was too didactic.","這支訓練影片太說教。","",""
"900","043","discord","n.","不和","Discord within the board slowed decisions.","董事會內部不和拖慢了決策。","",""
"900","043","disparage","v.","貶低","Do not disparage your competitors.","不要貶低你的競爭對手。","",""
"900","043","dogmatic","adj.","教條的","His dogmatic style made teamwork hard.","他教條式的作風讓團隊合作變難。","",""
"900","043","ebullient","adj.","熱情洋溢的","The ebullient host welcomed every guest.","熱情洋溢的主人歡迎每位賓客。","",""
"900","043","eclectic","adj.","兼容並蓄的","The store sells an eclectic mix of goods.","這家店販售種類混雜的商品。","",""
"900","043","efface","v.","抹去","Time cannot efface the memory of the event.","時間無法抹去這件事的記憶。","",""
"900","043","egalitarian","adj.","平等主義的","The firm has an egalitarian culture.","公司有平等主義的文化。","",""
"900","043","eloquence","n.","口才","Her eloquence won over the board.","她的口才說服了董事會。","",""
"900","044","emanate","v.","散發；發出","A sense of calm seemed to emanate from the manager.","經理身上似乎散發出一種沉穩的氣息。","",""
"900","044","empirical","adj.","實證的","The decision was based on empirical evidence.","這項決定是根據實證證據。","",""
"900","044","enervate","v.","使衰弱","The long hours began to enervate the staff.","長時間工作開始讓員工體力衰退。","",""
"900","044","ephemeral","adj.","短暫的","The success of the fad was ephemeral.","這股風潮的成功很短暫。","",""
"900","044","equanimity","n.","鎮定","She faced the crisis with equanimity.","她以鎮定的態度面對危機。","",""
"900","044","erudite","adj.","博學的","The erudite speaker impressed the audience.","博學的講者讓聽眾印象深刻。","",""
"900","044","esoteric","adj.","深奧的","The report is full of esoteric jargon.","這份報告充滿深奧的術語。","",""
"900","044","eulogy","n.","悼詞；頌詞","The CEO delivered a eulogy for the founder.","執行長為創辦人致悼詞。","",""
"900","044","euphemism","n.","委婉語","""Downsizing"" is a euphemism for layoffs.","「縮編」是裁員的委婉說法。","",""
"900","044","exacting","adj.","要求嚴格的","The client has exacting standards.","這位客戶的標準非常嚴格。","",""
"900","044","exemplar","n.","典範","The firm is an exemplar of good governance.","這家公司是良好治理的典範。","",""
"900","044","exhort","v.","勸誡；激勵","The manager exhorted the team to do its best.","經理激勵團隊全力以赴。","",""
"900","044","expound","v.","詳細闡述","She will expound on the plan at the meeting.","她會在會議上詳細說明這項計畫。","",""
"900","044","facade","n.","外觀；表象","The calm facade hid serious problems.","平靜的表象掩蓋了嚴重的問題。","",""
"900","044","fallible","adj.","會犯錯的","Even experts are fallible.","連專家也會犯錯。","",""
"900","044","fathom","v.","理解；測量","I cannot fathom why the deal failed.","我不明白這筆交易為什麼失敗。","",""
"900","044","felicitous","adj.","恰當的","It was a felicitous choice of words.","這是個用詞恰當的選擇。","",""
"900","044","fervor","n.","熱忱","The team worked with great fervor.","團隊懷著極大的熱忱工作。","",""
"900","044","flamboyant","adj.","華麗誇張的","The founder is known for his flamboyant style.","創辦人以誇張華麗的風格聞名。","",""
"900","044","flout","v.","公然違反","The firm was fined for flouting the rules.","公司因公然違規被罰款。","",""
"900","044","foment","v.","煽動","Rumors can foment unrest among staff.","謠言可能在員工間煽動不安。","",""
"900","044","forestall","v.","預先阻止","Early action helped forestall a strike.","及早行動有助於預先阻止罷工。","",""
"900","044","fortitude","n.","堅忍","The team showed great fortitude during the crisis.","團隊在危機期間展現了極大的堅忍。","",""
"900","044","fractious","adj.","愛吵鬧的；難駕馭的","The fractious board could not reach a decision.","這個爭吵不休的董事會無法做出決定。","",""
"900","044","futile","adj.","徒勞的","Further talks would be futile.","再談下去也是徒勞。","",""
"900","044","galvanize","v.","激起；刺激","The crisis galvanized the team into action.","這場危機促使團隊採取行動。","",""
"900","044","garrulous","adj.","健談的","The garrulous guest talked through the meal.","健談的客人整頓飯都在說話。","",""
"900","044","gratify","v.","使滿意","It is gratifying to see the team succeed.","看到團隊成功令人欣慰。","",""
"900","044","guile","n.","狡詐","He won the deal through guile, not skill.","他靠狡詐而非實力拿下這筆交易。","",""
"900","044","hackneyed","adj.","陳腐的","The slogan is hackneyed and dull.","這句口號陳腐又乏味。","",""
"900","044","harangue","v.","慷慨陳詞地訓話","The boss harangued staff about punctuality.","老闆長篇訓斥員工要守時。","",""
"900","044","heed","v.","留意；聽從","The firm failed to heed the warning.","公司沒有聽從這個警告。","",""
"900","044","hegemony","n.","霸權","The firm's hegemony in the market is fading.","這家公司在市場上的霸權正在消退。","",""
"900","044","histrionic","adj.","做作誇張的","His histrionic reaction surprised the team.","他誇張做作的反應讓團隊吃驚。","",""
"900","044","idiosyncrasy","n.","怪癖；特質","Every manager has their own idiosyncrasy.","每位經理都有自己的怪癖。","",""
"900","044","impeccable","adj.","無可挑剔的","The hotel is known for impeccable service.","這家飯店以無可挑剔的服務聞名。","",""
"900","044","impetus","n.","動力","The new law gave impetus to the industry.","新法給這個產業帶來動力。","",""
"900","044","implacable","adj.","不可平息的","The firm faced implacable opposition.","公司面臨無法平息的反對。","",""
"900","044","impudent","adj.","無禮的","The impudent reply shocked the board.","這個無禮的回答讓董事會震驚。","",""
"900","044","inane","adj.","愚蠢的","The meeting was full of inane remarks.","會議上充滿愚蠢的言論。","",""
"900","044","incisive","adj.","敏銳的","She gave an incisive analysis of the market.","她對市場做了敏銳的分析。","",""
"900","044","indolent","adj.","懶散的","An indolent worker will not last here.","懶散的員工在這裡待不久。","",""
"900","044","inept","adj.","笨拙的","The inept handling of the crisis hurt the firm.","對危機笨拙的處理傷害了公司。","",""
"900","044","inexorable","adj.","不可阻擋的","The inexorable rise of online shopping continues.","網路購物不可阻擋的成長仍在持續。","",""
"900","044","insipid","adj.","平淡無味的","The ad was insipid and ineffective.","這支廣告平淡又沒效果。","",""
"900","044","intrepid","adj.","無畏的","The intrepid founder started the firm with no funds.","無畏的創辦人沒有資金就創立了公司。","",""
"900","044","inundate","v.","使淹沒；使應接不暇","The firm was inundated with orders.","公司被訂單淹沒。","",""
"900","044","irascible","adj.","易怒的","The irascible manager frightened new staff.","易怒的經理嚇到了新進員工。","",""
"900","044","jaded","adj.","厭倦的","Jaded customers no longer respond to ads.","厭倦的顧客不再對廣告有反應。","",""
"900","044","laconic","adj.","簡短的","His laconic reply ended the discussion.","他簡短的回答結束了討論。","",""
"900","044","lament","v.","哀嘆","Staff lament the loss of the old office.","員工為失去舊辦公室而感嘆。","",""
"900","044","lucid","adj.","清晰易懂的","She gave a lucid explanation of the plan.","她對計畫做了清晰易懂的說明。","",""
"900","044","malleable","adj.","易塑造的；可延展的","The metal is soft and malleable.","這種金屬柔軟又有延展性。","",""
"900","044","mercurial","adj.","善變的","The mercurial boss changed plans daily.","善變的老闆每天都改計畫。","",""
"730","045","reform","n.","改革","The firm announced a major reform of its pay system.","公司宣布薪資制度的重大改革。","",""
"730","045","regain","v.","重新獲得","The firm hopes to regain its market share.","公司希望奪回市占率。","",""
"730","045","region","n.","地區","Sales in the Asian region grew fastest.","亞洲地區的銷售成長最快。","",""
"730","045","regulate","v.","管制；調節","The agency will regulate the sale of the product.","主管機關將管制這項產品的販售。","",""
"730","045","relevance","n.","關聯性","The report has little relevance to our work.","這份報告和我們的工作關係不大。","",""
"730","045","reliance","n.","依賴","The firm's reliance on one client is risky.","公司過度依賴單一客戶很有風險。","",""
"730","045","remain","v.","仍然；留下","Prices will remain unchanged until June.","價格到六月前維持不變。","",""
"730","045","remarkable","adj.","顯著的；非凡的","The firm made a remarkable recovery.","公司出現了顯著的復甦。","",""
"730","045","remit","v.","匯款","Please remit payment within thirty days.","請在三十天內匯款。","",""
"730","045","renovate","v.","翻新","The hotel will renovate all its rooms.","飯店將翻新所有客房。","",""
"730","045","repetitive","adj.","重複的","The job involves repetitive tasks.","這份工作涉及重複性的任務。","",""
"730","045","replicate","v.","複製；重現","The lab could not replicate the results.","實驗室無法重現這些結果。","",""
"730","045","repository","n.","儲存庫","The server serves as a repository for all documents.","這台伺服器是所有文件的儲存庫。","",""
"730","045","resemble","v.","類似","The new model closely resembles the old one.","新款和舊款十分相似。","",""
"730","045","reserve","v.","預訂；保留","Please reserve a table for six.","請訂一張六人桌。","These seats are reserved for guests.","這些座位保留給賓客。"
"730","045","reside","v.","居住","Most of our clients reside overseas.","我們多數客戶住在海外。","",""
"730","045","resistance","n.","抵抗","There was strong resistance to the change.","大家對這項改變有強烈抵制。","",""
"730","045","resource","n.","資源","The firm has limited resources.","公司資源有限。","",""
"730","045","respective","adj.","各自的","The two managers returned to their respective offices.","兩位經理回到各自的辦公室。","",""
"730","045","restore","v.","恢復","Power was restored after two hours.","兩小時後電力恢復。","",""
"730","045","restructure","v.","重組","The firm plans to restructure its sales team.","公司打算重組業務團隊。","",""
"730","045","retrospect","n.","回顧","In retrospect, we should have acted sooner.","回頭看，我們應該早點行動。","",""
"730","045","reverse","v.","逆轉；撤銷","The board decided to reverse its decision.","董事會決定撤銷原先的決定。","",""
"730","045","revolution","n.","革命；重大變革","The internet caused a revolution in retail.","網路為零售業帶來革命。","",""
"730","045","reward","n.","獎勵","The firm offers rewards for good ideas.","公司對好點子給予獎勵。","",""
"730","045","rotate","v.","輪流；旋轉","Staff rotate between the two branches.","員工在兩間分店之間輪調。","",""
"730","045","routine","n.","例行公事","Checking email is part of my morning routine.","查看郵件是我早晨的例行公事。","",""
"730","045","royalty","n.","版稅；權利金","The author receives a royalty on each sale.","作者每賣一本都能領版稅。","",""
"730","045","rural","adj.","鄉村的","The bank plans to open branches in rural areas.","銀行打算在鄉村地區開分行。","",""
"730","045","safeguard","v.","保護","New rules safeguard customer data.","新規定保護客戶資料。","",""
"730","045","salvage","v.","搶救","The team tried to salvage the deal.","團隊試圖挽救這筆交易。","",""
"730","045","sanction","n.","制裁；批准","The country faces trade sanctions.","這個國家面臨貿易制裁。","",""
"730","045","scarcity","n.","短缺","The scarcity of skilled labor pushed up wages.","熟練勞工短缺推高了薪資。","",""
"730","045","scenario","n.","情境","We prepared a plan for the worst scenario.","我們為最糟的情境準備了計畫。","",""
"730","045","scope","n.","範圍","The scope of the project has grown.","專案的範圍擴大了。","",""
"730","045","scrutiny","n.","嚴格審查","The firm's accounts came under scrutiny.","公司的帳目受到嚴格審查。","",""
"730","045","seal","v.","密封；簽定","Please seal the box with tape.","請用膠帶把箱子封好。","",""
"730","045","sector","n.","產業部門","The technology sector is hiring fast.","科技業正在快速招人。","",""
"730","045","secure","v.","取得；確保","We managed to secure a large contract.","我們成功拿下一份大合約。","",""
"730","045","segment","n.","區塊；部分","The firm targets the luxury segment.","公司鎖定高級市場區塊。","",""
"730","045","seize","v.","抓住","The firm moved quickly to seize the opportunity.","公司迅速行動以把握機會。","",""
"730","045","selective","adj.","有選擇性的","The firm is selective about its partners.","公司在選擇夥伴上很挑剔。","",""
"730","045","sensitive","adj.","敏感的","Sensitive data must be encrypted.","敏感資料必須加密。","",""
"730","045","sequence","n.","順序","Please follow the sequence of steps.","請依步驟順序進行。","",""
"730","045","settle","v.","解決；定居","The two firms settled the dispute.","兩家公司解決了爭議。","",""
"730","045","severe","adj.","嚴重的","Severe weather closed the airport.","惡劣天氣讓機場關閉。","",""
"730","045","shortage","n.","短缺","A shortage of parts delayed production.","零件短缺延誤了生產。","",""
"730","045","simulate","v.","模擬","The software can simulate real conditions.","這套軟體可以模擬真實狀況。","",""
"730","045","skeptical","adj.","懷疑的","Investors remain skeptical about the plan.","投資人對計畫仍持懷疑態度。","",""
"730","046","slash","v.","大幅削減","The store will slash prices this weekend.","這家店本週末會大幅降價。","",""
"730","046","solicit","v.","徵求","The firm will solicit feedback from customers.","公司將向顧客徵求意見。","",""
"730","046","solid","adj.","穩固的；紮實的","The firm has a solid reputation.","公司有穩固的聲譽。","",""
"730","046","sophisticated","adj.","精密的；老練的","The plant uses sophisticated machines.","工廠使用精密的機器。","",""
"730","046","sound","adj.","健全的；穩健的","The firm has a sound financial position.","公司財務狀況穩健。","",""
"730","046","span","n.","期間；跨度","The project has a span of three years.","這個專案為期三年。","",""
"730","046","spark","v.","引發","The announcement sparked a debate.","這項公告引發了辯論。","",""
"730","046","specialize","v.","專攻","The firm specializes in travel insurance.","公司專營旅遊保險。","",""
"730","046","speculate","v.","推測；投機","Analysts speculate that prices will fall.","分析師推測價格會下跌。","",""
"730","046","spectrum","n.","範圍；光譜","The firm serves a broad spectrum of clients.","公司服務的客戶範圍很廣。","",""
"730","046","spur","v.","刺激；促進","Lower rates may spur investment.","較低的利率可能刺激投資。","",""
"730","046","stability","n.","穩定","Economic stability attracts investors.","經濟穩定能吸引投資人。","",""
"730","046","stable","adj.","穩定的","The firm has a stable customer base.","公司有穩定的客群。","",""
"730","046","stagnant","adj.","停滯的","Sales have been stagnant for a year.","銷售停滯了一年。","",""
"730","046","stake","n.","股份；利害關係","The firm holds a ten percent stake in the project.","公司持有這個專案百分之十的股份。","",""
"730","046","steady","adj.","穩定的","The firm has seen steady growth.","公司呈現穩定成長。","",""
"730","046","stimulate","v.","刺激；激勵","Discounts help stimulate demand.","折扣有助於刺激需求。","",""
"730","046","stipulate","v.","規定","The contract stipulates a thirty-day notice.","合約規定要提前三十天通知。","",""
"730","046","strain","n.","壓力；負擔","The heavy workload put a strain on staff.","繁重的工作量讓員工吃不消。","",""
"730","046","stringent","adj.","嚴格的","The firm must meet stringent safety standards.","公司必須符合嚴格的安全標準。","",""
"730","046","structure","n.","結構","The firm changed its management structure.","公司改變了管理結構。","",""
"730","046","subsequent","adj.","隨後的","Subsequent meetings will be held online.","之後的會議將在線上舉行。","",""
"730","046","subtle","adj.","細微的","There is a subtle difference between the two models.","這兩款之間有細微的差別。","",""
"730","046","succession","n.","繼任；連續","The firm has a plan for CEO succession.","公司有執行長接班計畫。","",""
"730","046","sue","v.","控告","The customer threatened to sue the firm.","顧客威脅要控告公司。","",""
"730","046","summon","v.","召集","The manager summoned the team to the meeting room.","經理把團隊召集到會議室。","",""
"730","046","supplement","n.","補充；增刊","The paper publishes a business supplement on Mondays.","這份報紙每週一出商業增刊。","",""
"730","046","suppress","v.","壓制","The firm tried to suppress the news.","公司試圖壓下這則消息。","",""
"730","046","surge","n.","激增","There was a surge in online orders.","網路訂單激增。","",""
"730","046","surpass","v.","超越","Sales surpass last year's total.","銷售超越了去年的總額。","",""
"730","046","surplus","n.","盈餘；過剩","The firm has a surplus of stock.","公司有過剩的庫存。","",""
"730","046","survive","v.","存活","Few small firms survive the first year.","很少小公司能撐過第一年。","",""
"730","046","suspend","v.","暫停；停職","The firm will suspend production for a week.","公司將暫停生產一週。","",""
"730","046","sustain","v.","維持","The firm cannot sustain such high costs.","公司無法維持這麼高的成本。","",""
"730","046","sustainable","adj.","永續的","The firm promotes sustainable farming.","公司推廣永續農業。","",""
"730","046","swift","adj.","迅速的","The firm made a swift response.","公司做出迅速的回應。","",""
"730","046","symbol","n.","象徵；符號","The logo is a symbol of quality.","這個標誌是品質的象徵。","",""
"730","046","synthetic","adj.","合成的","The jacket is made of synthetic fiber.","這件外套是合成纖維做的。","",""
"730","046","tackle","v.","處理；應付","We must tackle the problem at once.","我們必須立刻處理這個問題。","",""
"730","046","tangible","adj.","有形的；明確的","The training produced tangible results.","這項訓練產生了明確的成果。","",""
"730","046","tenure","n.","任期","Her tenure as director lasted ten years.","她擔任主任的任期有十年。","",""
"730","046","terminate","v.","終止","The firm may terminate the contract with notice.","公司可以在通知後終止合約。","",""
"730","046","texture","n.","質地","The fabric has a soft texture.","這種布料質地柔軟。","",""
"730","046","thorough","adj.","徹底的","The inspector made a thorough check.","檢查員做了徹底的檢查。","",""
"730","046","threshold","n.","門檻","Sales have passed the million-dollar threshold.","銷售額已突破百萬美元門檻。","",""
"730","046","thrive","v.","蓬勃發展","Small shops thrive in this neighborhood.","小店在這個社區蓬勃發展。","",""
"730","046","tolerate","v.","容忍","The firm will not tolerate late reports.","公司不容許遲交報告。","",""
"730","046","trace","v.","追蹤","The system can trace every shipment.","系統可以追蹤每一批貨。","",""
"730","046","trademark","n.","商標","The name is a registered trademark.","這個名稱是註冊商標。","",""
"730","046","transaction","n.","交易","Each transaction is recorded automatically.","每筆交易都會自動記錄。","",""
"730","047","transform","v.","轉變","The app will transform the way people shop.","這個應用程式將改變人們購物的方式。","",""
"730","047","transit","n.","運輸；過境","The goods were damaged in transit.","貨物在運送途中受損。","",""
"730","047","transition","n.","轉變；過渡","The transition to the new system went smoothly.","轉換到新系統很順利。","",""
"730","047","transparent","adj.","透明的；公開的","The firm is transparent about its pricing.","公司的定價很透明。","",""
"730","047","trigger","v.","觸發","A fault in the system can trigger the alarm.","系統故障可能觸發警報。","",""
"730","047","turnover","n.","營業額；人員流動率","The firm's annual turnover reached ten million.","公司年營業額達一千萬。","",""
"730","047","ultimate","adj.","最終的","The ultimate goal is to double sales.","最終目標是讓業績倍增。","",""
"730","047","undergo","v.","經歷","The plant will undergo a full inspection.","工廠將接受全面檢查。","",""
"730","047","underlying","adj.","根本的","We need to find the underlying cause.","我們需要找出根本原因。","",""
"730","047","undermine","v.","削弱","Constant changes undermine staff confidence.","不斷更動削弱了員工的信心。","",""
"730","047","undertake","v.","著手進行；承擔","The firm will undertake a major renovation.","公司將進行一次大規模整修。","",""
"730","047","unify","v.","統一","The merger will unify the two brands.","這次合併將統一兩個品牌。","",""
"730","047","unique","adj.","獨特的","The shop sells unique handmade gifts.","這家店販售獨特的手工禮品。","",""
"730","047","unprecedented","adj.","前所未有的","The firm saw unprecedented demand.","公司迎來前所未有的需求。","",""
"730","047","urgent","adj.","緊急的","Please reply; the matter is urgent.","請回覆，這件事很緊急。","",""
"730","047","utilize","v.","利用","The firm utilizes solar power.","公司利用太陽能。","",""
"730","047","vague","adj.","模糊的","The instructions were vague.","這些說明很模糊。","",""
"730","047","validate","v.","驗證；使生效","Please validate your ticket before boarding.","登車前請驗票。","",""
"730","047","valuable","adj.","有價值的","Your feedback is valuable to us.","你的意見對我們很有價值。","",""
"730","047","vary","v.","變化；不同","Prices vary by region.","價格因地區而異。","",""
"730","047","vast","adj.","廣大的","The firm has a vast network of suppliers.","公司有龐大的供應商網絡。","",""
"730","047","venture","n.","創業；投資事業","The joint venture opened a new plant.","這家合資事業開了一間新廠。","",""
"730","047","verdict","n.","裁決","The court will announce its verdict on Friday.","法院將在週五宣布裁決。","",""
"730","047","versatile","adj.","多才多藝的；多用途的","The tool is versatile and easy to use.","這個工具多用途又好上手。","",""
"730","047","viable","adj.","可行的","The plan is not financially viable.","這項計畫在財務上不可行。","",""
"730","047","vigorous","adj.","強力的；有活力的","The firm launched a vigorous campaign.","公司發起了強力的宣傳活動。","",""
"730","047","virtual","adj.","虛擬的","The meeting will be held in a virtual room.","會議將在虛擬會議室舉行。","",""
"730","047","vital","adj.","至關重要的","Good communication is vital to teamwork.","良好溝通對團隊合作至關重要。","",""
"730","047","volatile","adj.","不穩定的","Oil prices are volatile this year.","今年油價波動劇烈。","",""
"730","047","voluntary","adj.","自願的","Attendance at the workshop is voluntary.","參加工作坊是自願的。","",""
"730","047","vulnerable","adj.","脆弱的","Small firms are vulnerable to price changes.","小公司容易受價格變動影響。","",""
"730","047","waive","v.","免除；放棄","The bank agreed to waive the fee.","銀行同意免除這項費用。","",""
"730","047","warrant","v.","值得；保證","The results warrant further study.","這些結果值得進一步研究。","",""
"730","047","withhold","v.","扣留；保留","The firm may withhold payment until the work is done.","公司可能在工作完成前扣留款項。","",""
"730","047","withstand","v.","承受","The building can withstand strong winds.","這棟建築能承受強風。","",""
"730","047","workload","n.","工作量","The workload has doubled this year.","今年工作量增加了一倍。","",""
"730","047","yield","v.","產生；屈服","The investment yielded a high return.","這項投資產生了高報酬。","",""
"730","047","recognize","v.","認出；承認","We recognize the efforts of our staff.","我們肯定員工的努力。","",""
"730","047","recover","v.","恢復","The economy is starting to recover.","經濟開始復甦。","",""
"730","047","recall","v.","召回；回想","The firm will recall the faulty product.","公司將召回有瑕疵的產品。","",""
"730","047","rehabilitate","v.","修復；使復原","The city plans to rehabilitate the old station.","市政府打算修復舊車站。","",""
"450","048","ladder","n.","梯子","A worker is climbing a ladder.","一名工人正爬上梯子。","",""
"450","048","bench","n.","長椅","Two people are sitting on a bench.","兩個人坐在長椅上。","",""
"450","048","fence","n.","圍籬","A fence surrounds the parking lot.","圍籬環繞著停車場。","",""
"450","048","path","n.","小路","The path leads to the main entrance.","這條小路通往正門。","",""
"450","048","sidewalk","n.","人行道","Pedestrians are walking on the sidewalk.","行人正走在人行道上。","",""
"450","048","crosswalk","n.","斑馬線","Please use the crosswalk to cross the street.","請走斑馬線過馬路。","",""
"450","048","dock","n.","碼頭","Boats are tied up at the dock.","船隻停靠在碼頭邊。","",""
"450","048","boat","n.","船","A small boat is crossing the river.","一艘小船正在過河。","",""
"450","048","ferry","n.","渡輪","The ferry leaves every thirty minutes.","渡輪每三十分鐘一班。","",""
"450","048","staircase","n.","樓梯","The staircase is on the left side of the lobby.","樓梯在大廳左側。","",""
"450","048","railing","n.","欄杆","Please hold the railing while you walk down.","下樓時請扶好欄杆。","",""
"450","048","ceiling","n.","天花板","The ceiling in the hall is very high.","大廳的天花板很高。","",""
"450","048","wall","n.","牆","Pictures are hanging on the wall.","牆上掛著畫。","",""
"450","048","roof","n.","屋頂","Workers are repairing the roof.","工人正在修屋頂。","",""
"450","048","garden","n.","花園","The hotel has a quiet garden.","這家飯店有座安靜的花園。","",""
"450","048","lawn","n.","草坪","A man is mowing the lawn.","一名男子正在割草坪。","",""
"450","048","tree","n.","樹","Trees line both sides of the street.","街道兩旁種滿了樹。","",""
"450","048","flower","n.","花","There are fresh flowers on every table.","每張桌上都有鮮花。","",""
"450","048","painting","n.","畫作","A large painting hangs in the lobby.","大廳裡掛著一幅大畫。","",""
"450","048","poster","n.","海報","A poster for the concert is on the wall.","牆上貼著音樂會的海報。","",""
"450","048","sign","n.","標誌；告示牌","A large sign above the door shows the opening hours.","門上方的大告示牌標示了營業時間。","",""
"450","048","banner","n.","橫幅","A banner hangs above the entrance.","入口上方掛著一條橫幅。","",""
"450","048","flag","n.","旗子","Flags are flying outside the building.","大樓外飄揚著旗子。","",""
"450","048","statue","n.","雕像","A statue stands in the center of the square.","廣場中央立著一座雕像。","",""
"450","048","fountain","n.","噴泉","People are sitting near the fountain.","人們坐在噴泉旁。","",""
"450","048","crowd","n.","人群","A crowd gathered outside the theater.","一群人聚集在劇院外。","",""
"450","048","line","n.","隊伍；線","People are standing in line at the counter.","人們在櫃台前排隊。","The phone line is busy.","電話占線中。"
"450","048","queue","n.","排隊的人龍；排隊","A long queue formed outside the shop.","店外排起長長的人龍。","",""
"450","048","row","n.","排","The chairs are arranged in rows.","椅子排成幾排。","",""
"450","048","pile","n.","一堆","There is a pile of boxes by the door.","門邊有一堆箱子。","",""
"450","048","stack","n.","一疊","She is carrying a stack of papers.","她抱著一疊文件。","",""
"450","048","tray","n.","托盤","The waiter is carrying a tray of drinks.","服務生端著一盤飲料。","",""
"450","048","bowl","n.","碗","There is a bowl of fruit on the counter.","櫃台上有一碗水果。","",""
"450","048","pan","n.","平底鍋","The chef is heating a pan on the stove.","主廚正在爐子上加熱平底鍋。","",""
"450","048","pot","n.","鍋子；壺","She is stirring the soup in a large pot.","她在大鍋裡攪拌湯。","",""
"450","048","tool","n.","工具","The mechanic has all the tools needed for the job.","技工備有這份工作所需的所有工具。","",""
"450","048","hammer","n.","鐵鎚","A worker is holding a hammer.","一名工人拿著鐵鎚。","",""
"450","048","helmet","n.","安全帽","All visitors must wear a helmet on site.","所有訪客在工地都必須戴安全帽。","",""
"450","048","gloves","n.","手套","Workers are wearing protective gloves.","工人戴著防護手套。","",""
"450","048","apron","n.","圍裙","The cook is wearing a white apron.","廚師穿著白色圍裙。","",""
"450","048","mask","n.","口罩；面具","Please wear a mask in the lab.","在實驗室請戴口罩。","",""
"450","048","vest","n.","背心","Staff wear bright vests in the parking lot.","員工在停車場穿著亮色背心。","",""
"450","048","bucket","n.","水桶","A bucket is sitting next to the door.","門邊放著一個水桶。","",""
"450","048","broom","n.","掃把","The janitor is sweeping with a broom.","清潔工正用掃把掃地。","",""
"450","048","shovel","n.","鏟子","A man is digging with a shovel.","一名男子正用鏟子挖土。","",""
"450","048","rope","n.","繩子","Workers are pulling a rope.","工人正在拉一條繩子。","",""
"450","048","wire","n.","電線","Do not touch the exposed wire.","不要碰外露的電線。","",""
"450","048","pipe","n.","管子","A pipe under the sink is leaking.","水槽下的管子在漏水。","",""
"450","048","hose","n.","水管","A gardener is holding a hose.","園丁拿著水管。","",""
"450","049","voicemail","n.","語音信箱","Please leave a message on my voicemail.","請在我的語音信箱留言。","",""
"450","049","headset","n.","耳機麥克風","Call center staff wear a headset all day.","客服人員整天戴著耳機麥克風。","",""
"450","049","projector","n.","投影機","The projector in room two is not working.","二號室的投影機壞了。","",""
"450","049","whiteboard","n.","白板","Please write the schedule on the whiteboard.","請把時程寫在白板上。","",""
"450","049","slide","n.","投影片；滑動","The last slide shows the sales figures.","最後一張投影片顯示銷售數字。","",""
"450","049","topic","n.","主題","Today's topic is customer service.","今天的主題是客戶服務。","",""
"450","049","session","n.","場次；時段","The morning session begins at nine.","上午場次九點開始。","",""
"450","049","reminder","n.","提醒","Here is a reminder about tomorrow's meeting.","這是明天會議的提醒。","",""
"450","049","replacement","n.","替換品；接替者","We will send you a replacement right away.","我們會立刻寄給你替換品。","",""
"450","049","spreadsheet","n.","試算表","The figures are in the spreadsheet.","數字都在試算表裡。","",""
"450","049","template","n.","範本","Use the template to write the report.","請用範本來寫報告。","",""
"450","049","login","n.","登入","Enter your login details to continue.","請輸入登入資料以繼續。","",""
"450","049","username","n.","使用者名稱","Your username is your email address.","你的使用者名稱就是你的電子郵件。","",""
"450","049","website","n.","網站","You can find the form on our website.","你可以在我們的網站找到表格。","",""
"450","049","online","adv.","在線上","You can book tickets online.","你可以在線上訂票。","",""
"450","049","offline","adj.","離線的","The server is offline for maintenance.","伺服器因維護而離線。","",""
"450","049","internet","n.","網際網路","The hotel offers free internet access.","飯店提供免費上網。","",""
"450","049","wireless","adj.","無線的","Wireless internet is available in all rooms.","所有房間都有無線網路。","",""
"450","049","signal","n.","訊號","The phone signal is weak in the basement.","地下室的手機訊號很弱。","",""
"450","049","connection","n.","連線；轉乘","I missed my connection in Chicago.","我在芝加哥錯過了轉乘班機。","",""
"450","049","backup","n.","備份","Always make a backup of your files.","請務必備份你的檔案。","",""
"450","049","delete","v.","刪除","Please delete the old emails.","請刪除舊郵件。","",""
"450","049","upload","v.","上傳","Upload the file to the shared folder.","請把檔案上傳到共用資料夾。","",""
"450","049","scan","v.","掃描","Please scan the document and email it to me.","請掃描文件後用郵件寄給我。","",""
"450","049","fax","n.","傳真","Please send the form by fax.","請用傳真寄出表格。","",""
"450","049","stamp","n.","郵票；印章","You need a stamp to mail the letter.","寄這封信需要貼郵票。","",""
"450","049","parcel","n.","包裹","A parcel arrived for you this morning.","今天早上有你的包裹。","",""
"450","049","mailbox","n.","信箱","The mailbox is next to the entrance.","信箱在入口旁邊。","",""
"450","049","inbox","n.","收件匣","I cleared my inbox this morning.","我今天早上清空了收件匣。","",""
"450","049","subject","n.","主旨；科目","Please write a clear subject line.","請寫一個清楚的主旨。","",""
"450","049","sender","n.","寄件者","The sender's address is on the envelope.","寄件人地址在信封上。","",""
"450","049","recipient","n.","收件人","Please confirm the name of the recipient.","請確認收件人姓名。","",""
"450","049","mouse","n.","滑鼠","The wireless mouse needs a new battery.","這支無線滑鼠需要換電池。","",""
"450","049","monitor","n.","螢幕；顯示器","There are two monitors on each desk.","每張桌上有兩台螢幕。","",""
"450","049","speakerphone","n.","擴音電話","We will talk to the client on the speakerphone.","我們會用擴音電話跟客戶通話。","",""
"450","049","outlet","n.","插座","There is an outlet under the desk.","桌子下面有一個插座。","",""
"450","049","extension cord","n.","延長線","Please use an extension cord for the laptop.","請用延長線給筆電充電。","",""
"450","049","copier","n.","影印機","The copier is out of toner.","影印機沒有碳粉了。","",""
"450","049","toner","n.","碳粉","We need to order more toner.","我們需要再訂購一些碳粉。","",""
"450","049","paper clip","n.","迴紋針","Fasten the pages with a paper clip.","請用迴紋針把紙頁夾起來。","",""
"450","049","highlighter","n.","螢光筆","Use a highlighter to mark the key points.","請用螢光筆標出重點。","",""
"450","049","marker","n.","麥克筆","Please use a marker on the whiteboard.","請在白板上使用麥克筆。","",""
"450","049","clipboard","n.","寫字板","The inspector carries a clipboard.","檢查員拿著寫字板。","",""
"450","049","binder","n.","活頁夾","All the contracts are in this binder.","所有合約都在這個活頁夾裡。","",""
"450","049","lanyard","n.","識別證掛繩","The visitor was given a lanyard and a badge.","訪客拿到掛繩和識別證。","",""
"600","050","purchase","v.","購買","You can purchase tickets at the door.","你可以在現場購票。","",""
"600","050","shipping","n.","運送","Shipping is free for orders over fifty dollars.","訂單滿五十美元免運費。","",""
"600","050","billing","n.","帳單作業","Please contact the billing department.","請聯絡帳務部門。","",""
"600","050","statement","n.","對帳單；聲明","Your monthly statement is attached.","你的月結單附在後面。","",""
"600","050","withdrawal","n.","提款","There is a limit on daily cash withdrawals.","每日提款金額有上限。","",""
"600","050","overdraft","n.","透支","The account is in overdraft.","這個帳戶透支了。","",""
"600","050","teller","n.","銀行櫃員","Please see a teller to open an account.","請找櫃員辦理開戶。","",""
"600","050","savings","n.","存款","She put her savings in a fixed deposit.","她把存款放進定期存款。","",""
"600","050","identity","n.","身分","Please show proof of identity.","請出示身分證明。","",""
"600","050","verification","n.","驗證","The code is used for identity verification.","這個驗證碼用於身分驗證。","",""
"600","050","export","v.","出口","The firm exports machinery to Asia.","公司向亞洲出口機械。","",""
"600","050","cargo","n.","貨物","The ship carries cargo to Europe.","這艘船載運貨物到歐洲。","",""
"600","050","forklift","n.","堆高機","Only trained staff may drive the forklift.","只有受過訓練的員工能開堆高機。","",""
"600","050","pallet","n.","棧板","The goods are stacked on a pallet.","貨物堆放在棧板上。","",""
"600","050","stockroom","n.","儲藏室；庫房","The extra stock is kept in the stockroom.","多餘的存貨放在庫房。","",""
"600","050","restock","v.","補貨","Staff restock the shelves every morning.","員工每天早上補貨上架。","",""
"600","050","reorder","v.","重新訂購","Please reorder paper before we run out.","請在紙用完之前重新訂購。","",""
"600","050","recruiter","n.","招募人員","A recruiter contacted her about a new job.","一位招募人員聯絡她談新工作。","",""
"600","050","probation","n.","試用期","New staff are on probation for three months.","新進員工有三個月試用期。","",""
"600","050","raise","n.","加薪","She received a raise after her review.","她在考核後獲得加薪。","",""
"600","050","pension","n.","退休金","The firm offers a generous pension plan.","公司提供優渥的退休金計畫。","",""
"600","050","retirement","n.","退休","He plans to enjoy a long retirement.","他打算享受漫長的退休生活。","",""
"600","050","severance","n.","資遣費","Laid-off staff received severance pay.","被裁員的員工領到了資遣費。","",""
"600","050","resignation","n.","辭職","She submitted her resignation on Monday.","她週一提出了辭呈。","",""
"600","050","evaluation","n.","評估","Each employee receives a yearly evaluation.","每位員工每年都會接受評估。","",""
"600","050","internship","n.","實習","She did an internship at a bank last summer.","她去年夏天在一家銀行實習。","",""
"600","050","apprenticeship","n.","學徒制","He completed a three-year apprenticeship.","他完成了三年的學徒訓練。","",""
"600","050","certification","n.","認證","The job requires a safety certification.","這份工作需要安全認證。","",""
"600","050","hiring","n.","僱用","The firm has frozen hiring for now.","公司目前凍結僱用。","",""
"600","050","staffing","n.","人員配置","Staffing levels are low during the holidays.","假期期間人力配置偏低。","",""
"600","050","wage","n.","工資","The minimum wage will increase next year.","最低工資明年會調漲。","",""
"600","050","maternity","adj.","產婦的","The firm offers generous maternity leave.","公司提供優渥的產假。","",""
"600","050","goal","n.","目標","Our goal is to reach ten thousand customers.","我們的目標是達到一萬名客戶。","",""
"600","050","milestone","n.","里程碑","The firm reached an important milestone.","公司達到了一個重要的里程碑。","",""
"600","050","assembly","n.","組裝；集會","The assembly of the machine takes two days.","這台機器的組裝要兩天。","",""
"600","050","conveyor","n.","輸送帶","Boxes move along the conveyor belt.","箱子沿著輸送帶移動。","",""
"600","050","gear","n.","齒輪；裝備","Workers must wear safety gear.","工人必須穿戴安全裝備。","",""
"600","050","motor","n.","馬達","The motor needs to be replaced.","這個馬達需要更換。","",""
"600","050","engine","n.","引擎","The engine makes a strange noise.","引擎發出怪聲。","",""
"600","050","circuit","n.","電路","A fault in the circuit caused the outage.","電路故障導致停電。","",""
"600","050","voltage","n.","電壓","Check the voltage before you plug it in.","插上電源前請先確認電壓。","",""
"600","050","sensor","n.","感應器","A sensor detects any movement.","感應器會偵測任何動靜。","",""
"600","050","tolerance","n.","公差；容忍度","The parts must meet a tight tolerance.","零件必須符合嚴格的公差。","",""
"600","050","malfunction","n.","故障","A malfunction stopped the production line.","故障讓生產線停擺。","",""
"600","050","retrofit","v.","改裝","The firm will retrofit old machines with new sensors.","公司將為舊機器加裝新感應器。","",""
"600","050","dismantle","v.","拆卸","Workers had to dismantle the old machine.","工人得拆掉舊機器。","",""
"600","050","corrosion","n.","腐蝕","The coating protects against corrosion.","這層塗料能防止腐蝕。","",""
"600","050","alloy","n.","合金","The frame is made of a light alloy.","框架是輕合金製成的。","",""
"600","050","steel","n.","鋼","The bridge is built with steel beams.","這座橋用鋼梁建成。","",""
"600","050","aluminum","n.","鋁","The cans are made of recycled aluminum.","這些罐子是回收鋁製成的。","",""
"600","050","concrete","n.","混凝土","Workers poured concrete for the foundation.","工人為地基灌了混凝土。","",""
"600","050","automation","n.","自動化","Automation has reduced the need for manual work.","自動化減少了對人工的需求。","",""
"600","050","technician","n.","技術人員","A technician will install the system tomorrow.","技術人員明天會安裝系統。","",""
"600","050","operator","n.","操作員","The machine operator wears ear protection.","機器操作員配戴護耳。","",""
"450","051","actor","n.","演員","The actor will attend the opening of the film.","這位演員將出席電影首映。","",""
"450","051","artist","n.","藝術家","The gallery displays work by a local artist.","這間畫廊展出當地藝術家的作品。","",""
"450","051","author","n.","作者","The author will sign copies of her book.","作者將為讀者簽書。","",""
"450","051","baker","n.","烘焙師","The baker starts work at four in the morning.","烘焙師早上四點開始工作。","",""
"450","051","banker","n.","銀行家","The banker explained the loan options.","銀行行員說明了貸款選項。","",""
"450","051","carpenter","n.","木匠","The carpenter built a new desk for the office.","木匠為辦公室做了一張新桌子。","",""
"450","051","chef","n.","主廚","The chef prepared a special menu for the guests.","主廚為賓客準備了特別菜單。","",""
"450","051","cleaner","n.","清潔人員","The cleaner arrives before the staff.","清潔人員比員工先到。","",""
"450","051","dentist","n.","牙醫","I have an appointment with the dentist at ten.","我十點跟牙醫有約。","",""
"450","051","designer","n.","設計師","The designer showed us three logo ideas.","設計師給我們看了三個標誌的構想。","",""
"450","051","electrician","n.","電工","An electrician will fix the wiring today.","電工今天會修電線。","",""
"450","051","farmer","n.","農夫","Local farmers sell vegetables at the market.","當地農夫在市場賣蔬菜。","",""
"450","051","firefighter","n.","消防員","Firefighters arrived within five minutes.","消防員五分鐘內就到了。","",""
"450","051","guard","n.","警衛","The guard checks every visitor's badge.","警衛檢查每位訪客的識別證。","",""
"450","051","journalist","n.","記者","A journalist interviewed the CEO.","一位記者訪問了執行長。","",""
"450","051","judge","n.","法官","The judge will announce the decision on Friday.","法官將在週五宣布判決。","",""
"450","051","lawyer","n.","律師","Please ask your lawyer to review the contract.","請請你的律師審閱合約。","",""
"450","051","musician","n.","音樂家","The musician played at the opening ceremony.","音樂家在開幕典禮上演奏。","",""
"450","051","officer","n.","官員；職員","A customs officer checked our bags.","海關人員檢查了我們的行李。","",""
"450","051","painter","n.","油漆工；畫家","The painter will finish the office on Friday.","油漆工週五會粉刷完辦公室。","",""
"450","051","plumber","n.","水電工","We called a plumber to fix the leak.","我們請水電工來修漏水。","",""
"450","051","police","n.","警察","Please call the police if you see anything unusual.","如果看到任何異狀請報警。","",""
"450","051","president","n.","總裁；總統","The president of the firm will give a speech.","公司總裁將發表演說。","",""
"450","051","reporter","n.","記者","A reporter asked about the new product.","一位記者詢問了新產品。","",""
"450","051","scientist","n.","科學家","The scientist presented her findings.","這位科學家發表了她的研究發現。","",""
"450","051","singer","n.","歌手","The singer will perform at the party.","歌手將在派對上表演。","",""
"450","051","soldier","n.","士兵","The soldier returned home after two years.","士兵兩年後回到家鄉。","",""
"450","051","tailor","n.","裁縫師","The tailor will adjust the suit by Friday.","裁縫師週五前會改好這套西裝。","",""
"450","051","waiter","n.","男服務生","The waiter brought the menu right away.","服務生馬上拿來菜單。","",""
"450","051","waitress","n.","女服務生","The waitress took our order.","女服務生幫我們點了餐。","",""
"450","051","writer","n.","作家；撰稿人","She works as a writer for a travel magazine.","她擔任旅遊雜誌的撰稿人。","",""
"450","051","adult","n.","成人","Tickets cost ten dollars for an adult.","成人票十美元。","",""
"450","051","child","n.","小孩","Each child will receive a small gift.","每個小孩都會收到一份小禮物。","",""
"450","051","children","n.","孩子們","Children under six enter free.","六歲以下兒童免費入場。","",""
"450","051","baby","n.","嬰兒","The hotel provides a crib for a baby.","飯店提供嬰兒床。","",""
"450","051","boy","n.","男孩","A boy is riding a bicycle.","一個男孩正在騎腳踏車。","",""
"450","051","girl","n.","女孩","A girl is reading a book.","一個女孩正在看書。","",""
"450","051","parent","n.","父母","Parents must sign the form.","家長必須在表格上簽名。","",""
"450","051","mother","n.","母親","Her mother runs a small shop.","她母親經營一家小店。","",""
"450","051","father","n.","父親","His father worked at the bank.","他父親在銀行工作。","",""
"450","051","brother","n.","兄弟","My brother works at the same firm.","我哥哥在同一家公司工作。","",""
"450","051","sister","n.","姊妹","Her sister lives in Canada.","她姊姊住在加拿大。","",""
"450","051","husband","n.","丈夫","Her husband teaches at the university.","她丈夫在大學教書。","",""
"450","051","wife","n.","妻子","His wife is a lawyer.","他太太是律師。","",""
"450","051","man","n.","男人","A man is waiting at the counter.","一名男子正在櫃台前等候。","",""
"450","051","woman","n.","女人","A woman is speaking on the phone.","一名女子正在講電話。","",""
"450","051","volunteer","n.","志工","Volunteers will help at the event.","志工將在活動中幫忙。","",""
"450","051","stranger","n.","陌生人","Never open the door to a stranger.","不要對陌生人開門。","",""
"450","052","half","n.","一半","Half of the staff work from home.","一半員工在家工作。","",""
"450","052","double","adj.","雙倍的","The firm hopes to double its sales.","公司希望業績加倍。","",""
"450","052","single","adj.","單一的；單人的","Please book a single room.","請訂一間單人房。","",""
"450","052","couple","n.","一對；幾個","We need a couple of days to finish.","我們需要幾天才能完成。","",""
"450","052","several","adj.","幾個的","Several people asked the same question.","好幾個人問了同樣的問題。","",""
"450","052","many","adj.","許多的","Many customers prefer online shopping.","許多顧客偏好網路購物。","",""
"450","052","much","adj.","許多的","There is not much time left.","剩下的時間不多了。","",""
"450","052","few","adj.","很少的","Few people attended the meeting.","很少人出席會議。","",""
"450","052","little","adj.","很少的；小的","We have little time to prepare.","我們沒有多少時間準備。","",""
"450","052","enough","adj.","足夠的","We don't have enough chairs.","我們椅子不夠。","",""
"450","052","every","adj.","每個","Every employee must attend the briefing.","每位員工都必須參加說明會。","",""
"450","052","each","adj.","各自的","Each room has a private bathroom.","每間房都有獨立浴室。","",""
"450","052","both","adj.","兩者都","Both managers agreed with the plan.","兩位經理都同意這項計畫。","",""
"450","052","either","pron.","兩者任一；任何一個","You can pay by cash or card; either is fine.","你可以付現或刷卡，哪一種都可以。","",""
"450","052","neither","adj.","兩者都不","Neither option is acceptable.","兩個選項都不能接受。","",""
"450","052","another","adj.","另一個","Please give me another copy.","請再給我一份。","",""
"450","052","other","adj.","其他的","The other team finished earlier.","另一個團隊比較早完成。","",""
"450","052","same","adj.","相同的","We both work on the same project.","我們兩個做同一個專案。","",""
"450","052","different","adj.","不同的","The two models are quite different.","這兩款很不一樣。","",""
"450","052","next","adj.","下一個","The next meeting will be on Friday.","下一次會議在週五。","",""
"450","052","last","adj.","最後的；上一個","Please send the last report today.","請今天寄出最後一份報告。","",""
"450","052","first","adj.","第一的","This is my first visit to Japan.","這是我第一次來日本。","",""
"450","052","second","adj.","第二的","The office is on the second floor.","辦公室在二樓。","",""
"450","052","third","adj.","第三的","Her seat is in the third row.","她的座位在第三排。","",""
"450","052","final","adj.","最終的","The final decision will be made on Monday.","最終決定將在週一做出。","",""
"450","052","whole","adj.","全部的","The whole team attended the dinner.","整個團隊都參加了晚宴。","",""
"450","052","part","n.","部分；零件","The first part of the talk was very useful.","演講的前半段很實用。","",""
"450","052","piece","n.","一塊；一件","Please bring a piece of identification.","請攜帶一件身分證明。","",""
"450","052","bit","n.","一點點","Could you speak a bit more slowly?","你可以說慢一點嗎？","",""
"450","052","sort","n.","種類","What sort of food do you like?","你喜歡哪一類食物？","",""
"450","052","type","n.","類型","What type of room would you like?","你想要哪種房型？","",""
"450","052","kind","n.","種類","We sell many kinds of tea.","我們販售許多種茶。","",""
"450","052","rather","adv.","相當；寧可","The meeting was rather long.","這場會議相當冗長。","",""
"450","052","quite","adv.","相當","The report is quite detailed.","這份報告相當詳細。","",""
"450","052","too","adv.","太；也","The room is too small for twenty people.","這個房間容納二十人太小了。","",""
"450","052","very","adv.","非常","The staff were very helpful.","員工非常樂於助人。","",""
"450","052","almost","adv.","幾乎","The restaurant is almost full.","餐廳幾乎客滿了。","",""
"450","052","only","adv.","只有","Only members may enter the lounge.","只有會員可以進入休息室。","",""
"450","052","just","adv.","剛剛；只是","The package has just arrived.","包裹剛剛到了。","",""
"450","052","even","adv.","甚至","Even the manager was surprised.","連經理都很驚訝。","",""
"450","052","also","adv.","也","We also offer free delivery.","我們也提供免費送貨。","",""
"450","052","together","adv.","一起","Let's work on the project together.","我們一起做這個專案吧。","",""
"450","052","nearby","adv.","在附近","There is a pharmacy nearby.","附近有一間藥局。","",""
"450","052","everywhere","adv.","到處","The firm has branches everywhere.","公司到處都有分店。","",""
"450","052","anywhere","adv.","任何地方","You can work from anywhere.","你可以在任何地方工作。","",""
"450","052","somewhere","adv.","某處","I left my umbrella somewhere in the lobby.","我把雨傘忘在大廳某處了。","",""
"450","052","upstairs","adv.","在樓上","The meeting room is upstairs.","會議室在樓上。","",""
"450","052","downstairs","adv.","在樓下","The cafeteria is downstairs.","餐廳在樓下。","",""
"600","053","pollution","n.","污染","The city is working to reduce air pollution.","這座城市正努力減少空氣污染。","",""
"600","053","recycle","v.","回收","Please recycle all paper and plastic.","請回收所有紙類和塑膠。","",""
"600","053","renewable","adj.","可再生的","The firm invests in renewable energy.","公司投資再生能源。","",""
"600","053","solar","adj.","太陽能的","Solar panels cover the roof.","屋頂上裝滿太陽能板。","",""
"600","053","climate","n.","氣候","Climate change affects farming.","氣候變遷影響農業。","",""
"600","053","ecosystem","n.","生態系統","The factory harmed the local ecosystem.","這間工廠破壞了當地生態系統。","",""
"600","053","waste","n.","廢棄物；浪費","The firm cut waste by thirty percent.","公司減少了百分之三十的廢棄物。","",""
"600","053","landfill","n.","垃圾掩埋場","Less rubbish now goes to the landfill.","現在送到掩埋場的垃圾變少了。","",""
"600","053","preservation","n.","保存","The group works for wildlife preservation.","這個團體致力於野生動物保育。","",""
"600","053","wildlife","n.","野生動物","The park is home to a lot of wildlife.","這座公園有許多野生動物。","",""
"600","053","forest","n.","森林","The company protects an area of forest.","公司保護了一片森林。","",""
"600","053","ocean","n.","海洋","The ship crossed the ocean in ten days.","這艘船十天橫越海洋。","",""
"600","053","environmental","adj.","環境的","The firm has a strong environmental policy.","公司有嚴格的環保政策。","",""
"600","053","sustainability","n.","永續性","Sustainability is a key part of our strategy.","永續是我們策略的重點。","",""
"600","053","conserve","v.","節約；保育","Please conserve water during the drought.","乾旱期間請節約用水。","",""
"600","053","diagnosis","n.","診斷","The doctor gave a clear diagnosis.","醫生做出了明確的診斷。","",""
"600","053","surgery","n.","手術","He will have surgery next week.","他下週要動手術。","",""
"600","053","therapy","n.","治療","She attends physical therapy twice a week.","她每週做兩次物理治療。","",""
"600","053","immune","adj.","免疫的","The vaccine makes patients immune to the virus.","疫苗使患者對病毒免疫。","",""
"600","053","dose","n.","劑量","Take one dose twice a day.","每天服用兩次，每次一劑。","",""
"600","053","allergy","n.","過敏","Please tell us about any food allergy.","有任何食物過敏請告訴我們。","",""
"600","053","campus","n.","校園","The campus is open to the public.","校園開放給大眾。","",""
"600","053","scholarship","n.","獎學金","She won a scholarship to study abroad.","她拿到獎學金出國念書。","",""
"600","053","tuition","n.","學費","Tuition rises by three percent next year.","明年學費調漲百分之三。","",""
"600","053","semester","n.","學期","The new semester begins in September.","新學期九月開始。","",""
"600","053","graduate","v.","畢業","She will graduate from university in June.","她六月將從大學畢業。","",""
"600","053","diploma","n.","畢業證書","Please attach a copy of your diploma.","請附上畢業證書影本。","",""
"600","053","degree","n.","學位；程度","He holds a degree in business.","他擁有商學學位。","",""
"600","053","tutor","n.","家教；導師","She works as a math tutor.","她擔任數學家教。","",""
"600","053","syllabus","n.","課程大綱","The syllabus lists all the reading.","課程大綱列出所有閱讀材料。","",""
"600","053","exam","n.","考試","The exam starts at nine sharp.","考試九點整開始。","",""
"600","053","grade","n.","成績；年級","Her grade in English was excellent.","她的英文成績很優秀。","",""
"600","053","lawsuit","n.","訴訟","The firm faces a lawsuit over the contract.","公司因合約問題面臨訴訟。","",""
"600","053","litigation","n.","訴訟","The litigation lasted over two years.","這場訴訟持續了兩年多。","",""
"600","053","plaintiff","n.","原告","The plaintiff asked for compensation.","原告要求賠償。","",""
"600","053","defendant","n.","被告","The defendant denied the claim.","被告否認這項主張。","",""
"600","053","testify","v.","作證","He will testify at the trial next week.","他下週將在審判中作證。","",""
"600","053","witness","n.","證人","A witness saw the accident.","一名證人目擊了事故。","",""
"600","053","evidence","n.","證據","There is no evidence of fraud.","沒有詐欺的證據。","",""
"600","053","appeal","v.","上訴；吸引","The firm plans to appeal the ruling.","公司打算對裁決提出上訴。","",""
"600","053","settlement","n.","和解；結算","The two sides reached a settlement.","雙方達成和解。","",""
"600","053","breach","n.","違反","The firm sued for breach of contract.","公司以違約為由提告。","",""
"600","053","statute","n.","法令","The statute requires annual reports.","這項法令要求提交年度報告。","",""
"600","053","ordinance","n.","條例","A city ordinance bans parking here.","市政條例禁止在此停車。","",""
"600","053","notary","n.","公證人","Please have the form signed by a notary.","請讓公證人在表格上簽名。","",""
"600","053","attorney","n.","律師","The firm hired an attorney to review the deal.","公司聘請律師審閱這筆交易。","",""
"600","054","concierge","n.","飯店服務台人員","The concierge can book a taxi for you.","禮賓人員可以幫你叫計程車。","",""
"600","054","bellhop","n.","行李員","The bellhop carried our bags to the room.","行李員把我們的行李搬到房間。","",""
"600","054","valet","n.","代客泊車員","A valet will park your car.","代客泊車員會幫你停車。","",""
"600","054","buffet","n.","自助餐","Breakfast is served as a buffet.","早餐是自助餐形式。","",""
"600","054","vegetarian","adj.","素食的","The menu offers several vegetarian dishes.","菜單上有好幾道素食料理。","",""
"600","054","entree","n.","主菜","Each entree comes with a side salad.","每道主菜都附一份配菜沙拉。","",""
"600","054","refill","n.","續杯","Coffee comes with a free refill.","咖啡可以免費續杯。","",""
"600","054","takeout","n.","外帶","We ordered takeout for the whole team.","我們為整個團隊訂了外帶。","",""
"600","054","display","n.","展示；陳列","The new products are on display near the entrance.","新產品陳列在入口附近。","",""
"600","054","markdown","n.","降價","There is a thirty percent markdown on winter coats.","冬季外套降價三成。","",""
"600","054","gift card","n.","禮物卡","A gift card makes a great present.","禮物卡是很棒的禮物。","",""
"600","054","fitting room","n.","試衣間","The fitting rooms are at the back of the store.","試衣間在店裡後面。","",""
"600","054","sizable","adj.","相當大的","The store offers a sizable discount.","這家店提供相當大的折扣。","",""
"600","054","seasonal","adj.","季節性的","The store hires seasonal workers in December.","這家店十二月會僱用季節性員工。","",""
"600","054","perishable","adj.","易腐壞的","Perishable goods must be kept cold.","易腐壞的商品必須冷藏。","",""
"600","054","fragrance","n.","香味","The shop sells soaps with a light fragrance.","這家店賣有淡香的肥皂。","",""
"600","054","decor","n.","裝潢","The restaurant's decor is modern and warm.","這家餐廳的裝潢現代又溫馨。","",""
"600","054","ambiance","n.","氣氛","The restaurant is known for its relaxed ambiance.","這家餐廳以輕鬆的氣氛聞名。","",""
"600","054","patio","n.","露台","We had dinner on the patio.","我們在露台上用晚餐。","",""
"600","054","souvenir","n.","紀念品","She bought a souvenir for her friend.","她買了紀念品給朋友。","",""
"600","054","timetable","n.","時刻表","Check the timetable for the next train.","請查看時刻表找下一班火車。","",""
"600","054","captain","n.","機長；船長","The captain welcomed the passengers.","機長歡迎各位乘客。","",""
"600","054","runway","n.","跑道","The plane is waiting on the runway.","飛機正在跑道上等候。","",""
"600","054","seatbelt","n.","安全帶","Please fasten your seatbelt.","請繫好安全帶。","",""
"600","054","turbulence","n.","亂流","The flight experienced some turbulence.","這班飛機遇到一些亂流。","",""
"600","054","conductor","n.","列車長；指揮","The conductor checked our tickets.","列車長查驗了我們的車票。","",""
"600","054","attention","n.","注意","May I have your attention, please?","請各位注意一下。","",""
"600","054","boarding","n.","登機","Boarding will begin in ten minutes.","十分鐘後開始登機。","",""
"600","054","layover","n.","中途停留","We have a three-hour layover in Seoul.","我們在首爾有三小時的轉機等候。","",""
"600","054","carry-on","n.","隨身行李","Each passenger may bring one carry-on bag.","每位乘客可帶一件隨身行李。","",""
"600","054","inflight","adj.","機上的","Inflight meals are served after takeoff.","機上餐點在起飛後供應。","",""
"600","054","takeoff","n.","起飛","Please turn off your phone before takeoff.","起飛前請關掉手機。","",""
"600","054","landing","n.","降落","The landing was smooth.","降落很平穩。","",""
"600","054","shuttle bus","n.","接駁巴士","A shuttle bus runs to the airport.","有接駁巴士開往機場。","",""
"600","054","toll","n.","過路費","The toll on this road is five dollars.","這條路的過路費是五美元。","",""
"600","054","highway","n.","高速公路","The accident closed the highway.","事故讓高速公路封閉。","",""
"600","054","intersection","n.","十字路口","Turn right at the next intersection.","在下個十字路口右轉。","",""
"600","054","roundabout","n.","圓環","Take the second exit at the roundabout.","在圓環走第二個出口。","",""
"730","055","accrual","n.","應計；累積","Interest accrual is calculated daily.","利息每天計算應計金額。","",""
"730","055","amortize","v.","分期攤還","The loan will be amortized over ten years.","這筆貸款將分十年攤還。","",""
"730","055","annuity","n.","年金","She receives a monthly annuity after retirement.","她退休後每月領取年金。","",""
"730","055","appraise","v.","估價","An expert will appraise the property.","專家會替這項不動產估價。","",""
"730","055","arrears","n.","欠款","The tenant is three months in arrears.","房客已拖欠三個月租金。","",""
"730","055","auction","n.","拍賣","The painting was sold at auction.","這幅畫在拍賣會上售出。","",""
"730","055","bailout","n.","紓困","The airline requested a government bailout.","航空公司向政府要求紓困。","",""
"730","055","bond","n.","債券","The city issued bonds to fund the project.","市政府發行債券來資助這項工程。","Shared goals build a bond between teams.","共同的目標在團隊之間建立連結。"
"730","055","brokerage","n.","經紀業務","She works at a brokerage firm.","她在一家證券經紀公司工作。","",""
"730","055","capital","n.","資本","The startup is looking for capital.","這家新創公司正在尋找資金。","",""
"730","055","consolidated","adj.","合併的","The consolidated report covers all subsidiaries.","合併報表涵蓋所有子公司。","",""
"730","055","cost-effective","adj.","符合成本效益的","Shipping by sea is more cost-effective.","海運更符合成本效益。","",""
"730","055","credit","n.","信用；貸方","You can buy now and pay later on credit.","你可以先買、之後用信用付款。","",""
"730","055","creditor","n.","債權人","The firm owes money to several creditors.","公司欠了幾位債權人錢。","",""
"730","055","debit","n.","借方；扣款","The fee will be debited from your account.","費用將從你的帳戶扣除。","",""
"730","055","debt","n.","債務","The firm is trying to reduce its debt.","公司正試圖減少債務。","",""
"730","055","debtor","n.","債務人","The debtor agreed to a repayment plan.","債務人同意了還款計畫。","",""
"730","055","deduct","v.","扣除","Tax will be deducted from your pay.","稅款會從你的薪水中扣除。","",""
"730","055","deductible","adj.","可扣除的","Travel costs are tax deductible.","差旅費可以抵稅。","",""
"730","055","depreciation","n.","折舊","The accounts show depreciation of equipment.","帳目顯示設備的折舊。","",""
"730","055","derivative","n.","衍生性商品","He trades in financial derivatives.","他交易金融衍生性商品。","",""
"730","055","disbursement","n.","支付；撥款","The disbursement of funds will begin in May.","資金撥付將於五月開始。","",""
"730","055","discretionary","adj.","可自由支配的","Discretionary spending fell during the recession.","經濟衰退期間可自由支配的支出下降了。","",""
"730","055","diversification","n.","多元化","Diversification reduces investment risk.","多元化可以降低投資風險。","",""
"730","055","endowment","n.","捐贈基金","The university has a large endowment.","這所大學有龐大的捐贈基金。","",""
"730","055","escrow","n.","託管","The deposit is held in escrow until closing.","訂金在交屋前託管。","",""
"730","055","expenditure","n.","支出","Government expenditure rose by five percent.","政府支出增加了百分之五。","",""
"730","055","gross","adj.","總計的","Gross profit rose by ten percent.","毛利成長了百分之十。","",""
"730","055","hedge","v.","避險","The firm uses contracts to hedge against price swings.","公司用合約來對沖價格波動。","",""
"730","055","liquidity","n.","流動性","The bank has strong liquidity.","這家銀行流動性強勁。","",""
"730","055","maturity","n.","到期；成熟","The bond reaches maturity in five years.","這檔債券五年後到期。","",""
"730","055","net","adj.","淨額的","Net income rose to two million dollars.","淨利成長到兩百萬美元。","",""
"730","055","overhead","n.","間接費用","The firm cut overhead by moving offices.","公司搬遷辦公室以降低間接費用。","",""
"730","055","profitability","n.","獲利能力","The new strategy improved profitability.","新策略提高了獲利能力。","",""
"730","055","receivable","n.","應收帳款","Accounts receivable rose last quarter.","上一季應收帳款增加了。","",""
"730","055","solvency","n.","償債能力","The audit confirmed the firm's solvency.","審計確認了公司的償債能力。","",""
"730","055","surcharge","n.","附加費","A fuel surcharge applies to all flights.","所有航班都收燃油附加費。","",""
"730","055","underwrite","v.","承保；包銷","The bank will underwrite the share offering.","銀行將包銷這次股票發行。","",""
"730","055","valuation","n.","估值","The firm's valuation doubled in a year.","公司的估值在一年內翻了一倍。","",""
"730","055","accelerate","v.","加速","The firm plans to accelerate its expansion.","公司打算加速擴張。","",""
"730","055","accredit","v.","認證","The school is accredited by the national board.","這所學校經國家委員會認證。","",""
"730","055","affiliation","n.","隸屬關係","Please state your name and affiliation.","請說明你的姓名與所屬單位。","",""
"730","055","aggressive","adj.","積極的；侵略的","The firm launched an aggressive ad campaign.","公司推出了一波積極的廣告攻勢。","",""
"730","055","amendment","n.","修正案","The amendment was approved by the board.","修正案獲董事會通過。","",""
"730","055","abstract","n.","摘要","Please submit an abstract of your paper.","請提交你的論文摘要。","",""
"730","055","bankroll","v.","出資","A private investor bankrolled the film.","一位私人投資者為這部電影出資。","",""
"730","055","embezzlement","n.","盜用公款","He was charged with embezzlement.","他被控盜用公款。","",""
"730","055","exchange rate","n.","匯率","The exchange rate favors exporters.","匯率對出口商有利。","",""
"730","056","branding","n.","品牌塑造","The firm spent heavily on branding this year.","公司今年在品牌塑造上花了很多錢。","",""
"730","056","differentiate","v.","區分；使有別於","We need to differentiate our product from rivals.","我們需要讓產品和對手有所區別。","",""
"730","056","engagement","n.","參與度；約定","Customer engagement rose after the redesign.","改版後顧客參與度上升。","",""
"730","056","franchise","n.","加盟店；特許經營","She plans to open a coffee franchise.","她打算開一家咖啡加盟店。","",""
"730","056","logistics","n.","物流","The firm manages logistics for several retailers.","公司替幾家零售商處理物流。","",""
"730","056","niche","n.","利基市場","The firm found a niche in organic snacks.","公司在有機零食找到了利基市場。","",""
"730","056","outreach","n.","外展；推廣服務","The bank expanded its community outreach.","銀行擴大了社區推廣服務。","",""
"730","056","positioning","n.","市場定位","The brand's positioning targets young buyers.","這個品牌的市場定位鎖定年輕買家。","",""
"730","056","retention","n.","留住；保留","Customer retention is more important than new sales.","留住顧客比新增銷售更重要。","",""
"730","056","rollout","n.","推出；展開","The rollout of the new app starts in May.","新應用程式的推出從五月開始。","",""
"730","056","scalable","adj.","可擴充的","The system is scalable to thousands of users.","這個系統可擴充到數千名使用者。","",""
"730","056","stakeholder","n.","利害關係人","We must keep all stakeholders informed.","我們必須讓所有利害關係人了解狀況。","",""
"730","056","synergy","n.","綜效","The merger is expected to create synergy.","這次合併預期會產生綜效。","",""
"730","056","touchpoint","n.","接觸點","Every touchpoint shapes the customer experience.","每個接觸點都影響顧客體驗。","",""
"730","056","workflow","n.","工作流程","The new tool simplifies our workflow.","新工具簡化了我們的工作流程。","",""
"730","056","onboarding","n.","新人到職引導","Onboarding for new staff takes one week.","新進員工的到職引導需要一週。","",""
"730","056","alignment","n.","一致性","Alignment between teams improved results.","團隊之間的一致性改善了成果。","",""
"730","056","bandwidth","n.","餘力；頻寬","I don't have the bandwidth for another project.","我沒有餘力再接另一個專案。","",""
"730","056","deliverable","n.","應交付成果","The first deliverable is due on Friday.","第一項交付成果週五到期。","",""
"730","056","initiative","n.","倡議；主動","The firm launched an initiative to cut waste.","公司推出減少浪費的倡議。","",""
"730","056","metric","n.","指標","Sales is the main metric of success.","銷售是衡量成功的主要指標。","",""
"730","056","mission","n.","使命","The firm's mission is to make travel easy.","公司的使命是讓旅行變輕鬆。","",""
"730","056","pipeline","n.","管道；待處理案件","The firm has several products in the pipeline.","公司有好幾項產品正在開發中。","",""
"730","056","prioritize","v.","排定優先順序","Please prioritize the urgent tasks.","請把緊急的任務排在前面。","",""
"730","056","roadmap","n.","藍圖；路線圖","The product roadmap covers the next two years.","產品路線圖涵蓋未來兩年。","",""
"730","056","strategic","adj.","策略性的","The firm formed a strategic partnership.","公司建立了策略合作關係。","",""
"730","056","streamline","v.","簡化；使流程順暢","We will streamline the approval process.","我們會簡化審核流程。","",""
"730","056","tactic","n.","戰術","The firm changed its sales tactic.","公司改變了銷售戰術。","",""
"730","056","turnaround","n.","轉機；週轉時間","The firm achieved a remarkable turnaround.","公司出現了顯著的轉機。","",""
"730","056","vision","n.","願景","The CEO shared her vision for the firm.","執行長分享了她對公司的願景。","",""
"730","056","analytics","n.","分析數據","Web analytics show where visitors come from.","網站分析數據顯示訪客從哪裡來。","",""
"730","056","benchmarking","n.","標竿比較","Benchmarking helped us find our weak points.","標竿比較幫助我們找出弱點。","",""
"730","056","collaboration","n.","協作","Collaboration between teams is essential.","團隊間的協作至關重要。","",""
"730","056","competency","n.","職能","The test measures core competency.","這項測驗衡量核心職能。","",""
"730","056","empowerment","n.","賦權","Employee empowerment improved morale.","員工賦權提升了士氣。","",""
"730","056","incubator","n.","育成中心","The startup began in a university incubator.","這家新創公司起步於大學育成中心。","",""
"730","056","innovate","v.","創新","The firm must innovate to survive.","公司必須創新才能生存。","",""
"730","056","leadership","n.","領導力","Her leadership turned the firm around.","她的領導力讓公司起死回生。","",""
"730","056","mentorship","n.","導師制","The firm offers a mentorship program.","公司提供導師制度計畫。","",""
"730","056","mobilize","v.","動員","The firm mobilized its team within hours.","公司在數小時內動員了團隊。","",""
"730","056","proactive","adj.","積極主動的","A proactive approach prevents problems.","積極主動的做法能預防問題。","",""
"730","057","confidentiality","n.","機密性","Staff must respect the confidentiality of client data.","員工必須尊重客戶資料的機密性。","",""
"730","057","disclaimer","n.","免責聲明","The page includes a disclaimer at the bottom.","網頁底部附有免責聲明。","",""
"730","057","indemnify","v.","賠償；保障","The firm will indemnify customers against loss.","公司將賠償顧客的損失。","",""
"730","057","infringement","n.","侵權","The firm sued for patent infringement.","公司以專利侵權提告。","",""
"730","057","obligation","n.","義務","Staff have an obligation to protect data.","員工有義務保護資料。","",""
"730","057","ratify","v.","批准","The board must ratify the contract.","董事會必須批准這份合約。","",""
"730","057","subcontract","v.","轉包","The firm subcontracts the cleaning work.","公司把清潔工作轉包出去。","",""
"730","057","void","adj.","無效的","The contract is void without a signature.","沒有簽名的合約無效。","",""
"730","057","waiver","n.","棄權書；豁免","Please sign the waiver before the trip.","出發前請簽署棄權書。","",""
"730","057","statutory","adj.","法定的","Staff receive statutory leave.","員工享有法定休假。","",""
"730","057","binding","adj.","有約束力的","The agreement is legally binding.","這份協議在法律上具有約束力。","",""
"730","057","enforceable","adj.","可執行的","The clause is not enforceable in court.","這項條款在法庭上無法執行。","",""
"730","057","assignee","n.","受讓人","The assignee takes over all rights.","受讓人承接所有權利。","",""
"730","057","lessee","n.","承租人","The lessee must pay rent on time.","承租人必須準時繳租。","",""
"730","057","lessor","n.","出租人","The lessor agreed to repair the roof.","出租人同意修理屋頂。","",""
"730","057","licensee","n.","被授權人","The licensee may sell the product locally.","被授權人可以在當地銷售這項產品。","",""
"730","057","mediation","n.","調解","The dispute went to mediation.","這項爭議交付調解。","",""
"730","057","negotiation","n.","談判","Negotiation lasted three days.","談判持續了三天。","",""
"730","057","notarize","v.","公證","Please notarize the document.","請將文件公證。","",""
"730","057","perpetuity","n.","永久","The license is granted in perpetuity.","這項授權是永久的。","",""
"730","057","preamble","n.","前言","The preamble explains the purpose of the contract.","前言說明了合約的目的。","",""
"730","057","proprietary","adj.","專有的","The software is proprietary to the firm.","這套軟體是公司專有的。","",""
"730","057","retainer","n.","聘用費","The lawyer asked for a monthly retainer.","律師要求每月的聘用費。","",""
"730","057","severability","n.","可分割性","A severability clause protects the rest of the contract.","可分割條款保護合約其餘部分。","",""
"730","057","signatory","n.","簽署人","Each signatory received a copy.","每位簽署人都拿到一份副本。","",""
"730","057","tenancy","n.","租賃期","The tenancy ends in June.","租賃期在六月結束。","",""
"730","057","unilateral","adj.","單方面的","The firm made a unilateral decision.","公司做了單方面的決定。","",""
"730","057","warrantor","n.","保證人","The warrantor must repair any defect.","保證人必須修理任何瑕疵。","",""
"730","057","accountability","n.","問責","The new rules increase accountability.","新規定加強了問責。","",""
"730","057","liquidate","v.","清算","The firm had to liquidate its assets.","公司不得不清算資產。","",""
"730","057","foreclose","v.","取消抵押品贖回權","The bank may foreclose on the property.","銀行可能收回這項不動產。","",""
"730","057","garnish","v.","扣押薪資","The court may garnish his wages.","法院可能扣押他的薪資。","",""
"730","057","lien","n.","留置權","The bank placed a lien on the building.","銀行對這棟大樓設了留置權。","",""
"730","057","tort","n.","侵權行為","The case involves a tort claim.","這個案子涉及侵權求償。","",""
"730","057","trustee","n.","受託人","The trustee manages the fund.","受託人管理這筆基金。","",""
"860","058","aggravate","v.","加劇；激怒","The delay will only aggravate the problem.","延誤只會讓問題更嚴重。","",""
"860","058","allude","v.","暗指","The CEO alluded to possible layoffs.","執行長暗示可能會裁員。","",""
"860","058","assertive","adj.","有自信的；果斷的","Be assertive when you negotiate.","談判時要有自信。","",""
"860","058","benevolent","adj.","仁慈的","The firm funds a benevolent trust.","公司資助一個慈善信託。","",""
"860","058","brusque","adj.","唐突的","His brusque reply surprised the client.","他唐突的回答讓客戶吃驚。","",""
"860","058","buoyant","adj.","看漲的；樂觀的","The market remained buoyant this spring.","今年春天市場持續看漲。","",""
"860","058","chronicle","v.","記載","The report chronicles the firm's growth.","這份報告記載了公司的成長。","",""
"860","058","cognitive","adj.","認知的","The course trains cognitive skills.","這門課訓練認知能力。","",""
"860","058","coincidence","n.","巧合","It was pure coincidence that we met.","我們碰面純屬巧合。","",""
"860","058","congenial","adj.","意氣相投的；愉快的","The office has a congenial atmosphere.","辦公室氣氛融洽愉快。","",""
"860","058","conscientious","adj.","認真負責的","She is a conscientious employee.","她是位認真負責的員工。","",""
"860","058","contradict","v.","牴觸；反駁","The new data contradict earlier findings.","新數據與先前的發現相牴觸。","",""
"860","058","correlate","v.","相關聯","Sales correlate with advertising spending.","銷售與廣告支出相關。","",""
"860","058","debut","n.","首次亮相","The new model made its debut at the show.","新機種在展覽上首度亮相。","",""
"860","058","extrapolate","v.","推算","We can extrapolate future sales from the trend.","我們可以從趨勢推算未來銷售。","",""
"860","058","foresight","n.","遠見","Her foresight saved the firm.","她的遠見拯救了公司。","",""
"860","058","indicator","n.","指標","Housing sales are a key economic indicator.","房屋銷售是重要的經濟指標。","",""
"860","058","infrastructure","n.","基礎建設","The city invested in transport infrastructure.","市政府投資了交通基礎建設。","",""
"860","058","intermediary","n.","中間人","A broker acts as an intermediary.","經紀人擔任中間人。","",""
"860","058","intuition","n.","直覺","Her intuition told her the deal was risky.","她的直覺告訴她這筆交易有風險。","",""
"860","058","mediate","v.","調解","A neutral person will mediate the dispute.","一位中立人士將調解這項爭議。","",""
"860","058","mundane","adj.","平凡乏味的","Automation handles the mundane tasks.","自動化處理平凡乏味的任務。","",""
"860","058","negligible","adj.","微不足道的","The cost of the change is negligible.","這項更動的成本微不足道。","",""
"860","058","notorious","adj.","惡名昭彰的","The area is notorious for traffic jams.","這個地區以塞車惡名昭彰。","",""
"860","058","nuance","n.","細微差別","There is a nuance in the wording.","措辭上有細微的差別。","",""
"860","058","obligatory","adj.","必須的","Attendance at the briefing is obligatory.","出席簡報是必須的。","",""
"860","058","outgoing","adj.","外向的；即將卸任的","The outgoing manager briefed her successor.","即將卸任的經理向接任者做了簡報。","",""
"860","058","pragmatic","adj.","務實的","We need a pragmatic solution.","我們需要務實的解決辦法。","",""
"860","058","predominant","adj.","占優勢的","English is the predominant language of business.","英語是商業上的主要語言。","",""
"860","058","preeminent","adj.","卓越的","She is a preeminent expert in the field.","她是這個領域的卓越專家。","",""
"860","058","prerogative","n.","特權","Setting prices is the manager's prerogative.","訂定價格是經理的特權。","",""
"860","058","procrastinate","v.","拖延","Do not procrastinate; start the report today.","別拖延，今天就開始寫報告。","",""
"860","058","proficient","adj.","熟練的","She is proficient in three languages.","她精通三種語言。","",""
"860","058","rationale","n.","基本理由","The rationale for the change is clear.","這項改變的理由很清楚。","",""
"860","058","reconcile","v.","調和；核對","Please reconcile the two sets of figures.","請核對這兩組數字。","",""
"860","058","reiterate","v.","重申","Let me reiterate the main points.","讓我重申幾個重點。","",""
"860","058","relentless","adj.","不間斷的","The firm faces relentless competition.","公司面臨不間斷的競爭。","",""
"860","058","scrupulous","adj.","一絲不苟的","The auditor is scrupulous about detail.","審計員對細節一絲不苟。","",""
"860","058","stagnate","v.","停滯","Sales began to stagnate last year.","銷售去年開始停滯。","",""
"860","058","substantiate","v.","證實","You must substantiate your claim with data.","你必須用數據證實你的主張。","",""
"860","058","tentative","adj.","暫定的","The meeting is tentative until confirmed.","會議在確認前都是暫定的。","",""
"860","058","thwart","v.","阻撓","Bad weather thwarted our plans.","壞天氣阻撓了我們的計畫。","",""
"860","058","transient","adj.","短暫的","The firm relies on transient workers.","公司依賴短期工人。","",""
"860","058","unanimous","adj.","一致的","The board gave unanimous approval.","董事會一致通過。","",""
"860","058","unwavering","adj.","堅定不移的","We thank you for your unwavering support.","感謝你堅定不移的支持。","",""
"860","058","vigilant","adj.","警覺的","Staff must remain vigilant against fraud.","員工必須對詐欺保持警覺。","",""
"860","058","whimsical","adj.","異想天開的","The ad had a whimsical charm.","這支廣告有種異想天開的魅力。","",""
"860","058","zealous","adj.","熱衷的","The zealous team worked all night.","熱忱的團隊通宵工作。","",""
"900","059","abstruse","adj.","深奧難懂的","The manual is full of abstruse terms.","這本手冊充滿深奧難懂的術語。","",""
"900","059","acrimonious","adj.","尖刻的；激烈的","The talks ended in an acrimonious dispute.","談判在激烈的爭吵中結束。","",""
"900","059","adulation","n.","奉承","The founder enjoyed the adulation of the press.","創辦人享受媒體的吹捧。","",""
"900","059","affable","adj.","和藹可親的","The affable manager greeted every guest.","和藹的經理向每位賓客問好。","",""
"900","059","aggrandize","v.","誇大；擴張","The firm sought to aggrandize its reputation.","公司試圖誇大自己的聲譽。","",""
"900","059","alacrity","n.","敏捷；爽快","She accepted the offer with alacrity.","她爽快地接受了這項邀約。","",""
"900","059","anachronistic","adj.","過時不合時宜的","The firm's dress code seems anachronistic.","公司的服裝規定顯得不合時宜。","",""
"900","059","apocryphal","adj.","真實性存疑的","The story about the founder is probably apocryphal.","關於創辦人的故事可能是杜撰的。","",""
"900","059","arcane","adj.","神祕難懂的","The tax code is full of arcane rules.","稅法充滿難懂的規則。","",""
"900","059","audacity","n.","大膽","He had the audacity to challenge the CEO.","他居然大膽挑戰執行長。","",""
"900","059","bellicose","adj.","好戰的","The rival firm took a bellicose tone.","對手公司採取好戰的語氣。","",""
"900","059","benign","adj.","良性的；和善的","The tests showed a benign result.","測試結果是良性的。","",""
"900","059","bombastic","adj.","誇誇其談的","The bombastic speech impressed no one.","這場誇誇其談的演說沒打動任何人。","",""
"900","059","boorish","adj.","粗魯的","His boorish behavior upset the guests.","他粗魯的舉止讓賓客不悅。","",""
"900","059","cajole","v.","哄騙；勸誘","She tried to cajole the client into signing.","她試圖哄客戶簽約。","",""
"900","059","castigate","v.","嚴厲斥責","The press castigated the firm for the delay.","媒體嚴厲斥責公司的延誤。","",""
"900","059","circuitous","adj.","迂迴的","The report took a circuitous route to the point.","這份報告繞了一大圈才說到重點。","",""
"900","059","compunction","n.","內疚","He felt no compunction about cutting jobs.","他對裁員毫無愧疚。","",""
"900","059","condescend","v.","屈尊；擺架子","The manager tends to condescend to new staff.","這位經理常對新進員工擺架子。","",""
"900","059","conflagration","n.","大火","A conflagration destroyed the warehouse.","一場大火燒毀了倉庫。","",""
"900","059","connoisseur","n.","行家","He is a connoisseur of fine wine.","他是品酒行家。","",""
"900","059","credulous","adj.","輕信的","Credulous buyers fell for the scam.","輕信的買家上了騙局的當。","",""
"900","059","debunk","v.","揭穿","The report debunked the claims in the ad.","報告揭穿了廣告中的說法。","",""
"900","059","decadent","adj.","奢靡的","The hotel offers a decadent dessert menu.","這家飯店提供奢華的甜點菜單。","",""
"900","059","deft","adj.","靈巧的","She made a deft move to save the deal.","她靈巧地出手挽救了這筆交易。","",""
"900","059","demagogue","n.","煽動者","The demagogue stirred up the crowd.","煽動者煽動了群眾。","",""
"900","059","derision","n.","嘲弄","The proposal was met with derision.","這項提案遭到嘲笑。","",""
"900","059","despotic","adj.","專制的","The founder ran the firm in a despotic way.","創辦人以專制的方式經營公司。","",""
"900","059","diffident","adj.","缺乏自信的","The diffident intern rarely spoke up.","缺乏自信的實習生很少發言。","",""
"900","059","dilapidated","adj.","破舊的","The firm bought a dilapidated warehouse.","公司買下一間破舊的倉庫。","",""
"900","059","disingenuous","adj.","不誠實的","His apology sounded disingenuous.","他的道歉聽起來不誠懇。","",""
"900","059","dissemble","v.","掩飾","The manager tried to dissemble his true plans.","經理試圖掩飾真正的計畫。","",""
"900","059","dissonance","n.","不協調","There is dissonance between the firm's words and actions.","公司的言行之間有不協調。","",""
"900","059","docile","adj.","溫順的","The docile staff accepted the changes.","溫順的員工接受了這些改變。","",""
"900","059","dogged","adj.","頑強的","Her dogged effort saved the project.","她頑強的努力挽救了專案。","",""
"900","059","elegy","n.","輓歌","The article was an elegy for the old factory.","這篇文章是對舊工廠的輓歌。","",""
"900","059","enmeshed","adj.","糾纏的","The firm became enmeshed in a legal battle.","公司陷入了一場官司纏鬥。","",""
"900","059","ephemera","n.","短暫即逝的事物","The shop sells posters and other ephemera.","這家店賣海報和其他紀念小物。","",""
"900","059","equivocate","v.","說話含糊其詞","The spokesperson began to equivocate.","發言人開始含糊其詞。","",""
"900","059","exculpate","v.","開脫罪責","The report exculpated the manager.","報告替經理洗清了責任。","",""
"900","059","execrable","adj.","極糟的","The service was execrable.","服務糟透了。","",""
"900","059","fawn","v.","諂媚","Staff fawn over the boss.","員工對老闆諂媚奉承。","",""
"900","059","flummox","v.","使困惑","The strange request flummoxed the staff.","這個奇怪的要求讓員工困惑。","",""
"900","059","gainsay","v.","否認；反駁","No one can gainsay the firm's success.","沒有人能否認公司的成功。","",""
"900","059","gargantuan","adj.","龐大的","The firm faces a gargantuan task.","公司面臨一項龐大的任務。","",""
"900","059","arbitrarily","adv.","任意地","Prices were set arbitrarily.","價格是隨意訂的。","",""
"900","059","facilitation","n.","促進；協助","Facilitation of the workshop was led by a coach.","工作坊由一位教練負責引導。","",""
"900","059","facilitator","n.","引導者","The facilitator guided the discussion.","引導者帶領了討論。","",""
"900","059","foreseeable","adj.","可預見的","There is no change in the foreseeable future.","在可預見的未來不會有改變。","",""
"900","059","illegitimate","adj.","不合法的","The claim was ruled illegitimate.","這項主張被裁定為不合法。","",""
"900","059","unforeseen","adj.","未預見的","Unforeseen costs delayed the project.","意料之外的成本延誤了專案。","",""
"900","059","unjustified","adj.","不合理的","The price rise was unjustified.","漲價沒有正當理由。","",""
"450","060","e-book","n.","電子書","You can download the e-book from our website.","你可以從我們的網站下載這本電子書。","",""
"450","060","logical","adj.","合乎邏輯的","The next step is the logical one.","下一步是合乎邏輯的選擇。","",""
"450","060","o'clock","adv.","…點鐘","The meeting starts at nine o'clock.","會議九點整開始。","",""
"450","060","sincerely","adv.","誠摯地","Sincerely, Anna Lin, Sales Manager.","敬上，業務經理林安娜。","",""
"450","060","sometime","adv.","某個時候","Let's have lunch sometime next week.","我們下週找個時間吃午餐吧。","",""
"450","060","goods","n.","商品","The store sells goods from around the world.","這家店販售來自世界各地的商品。","",""
"450","060","downtown","adv.","在市中心","The firm is moving its office downtown.","公司要把辦公室搬到市中心。","",""
"450","060","noon","n.","正午","The shop closes at noon on Sundays.","這家店週日中午關門。","",""
"450","060","well","adv.","好地","She speaks English very well.","她英語說得很好。","",""
"450","060","because","conj.","因為","The flight was late because of the storm.","班機因為暴風雨而延誤。","",""
"450","060","cloth","n.","布","Wipe the screen with a soft cloth.","請用軟布擦拭螢幕。","",""
"450","060","now","adv.","現在","Please send the report now.","請現在就寄出報告。","",""
"450","060","traveler","n.","旅客","Business travelers often book early.","商務旅客通常會提早訂位。","",""
"450","060","caller","n.","來電者","The caller asked to speak to the manager.","來電者要求和經理說話。","",""
"450","060","way","n.","方式；路","Is there a better way to do this?","有沒有更好的辦法？","",""
"450","060","day","n.","天；日子","The store is open every day except Monday.","這家店除了週一每天營業。","",""
"450","060","infer","v.","推論","We can infer the cause from the data.","我們可以從數據推論原因。","",""
"450","060","right","adj.","正確的；右邊的","You are right about the date.","你說的日期是對的。","Turn right at the bank.","在銀行處右轉。"
"450","060","back","adv.","回來；後面","I will be back in ten minutes.","我十分鐘後回來。","",""
"450","060","correctly","adv.","正確地","Please fill out the form correctly.","請正確填寫表格。","",""
"450","060","really","adv.","真的；非常","The staff were really helpful.","員工真的很樂於助人。","",""
"450","060","through","prep.","穿過；透過","You can book through our website.","你可以透過我們的網站預訂。","",""
"450","060","down","adv.","向下","Please sit down and wait here.","請坐下在這裡等候。","",""
"450","060","life","n.","生活；生命","The new app makes daily life easier.","這個新應用程式讓日常生活更輕鬆。","",""
"450","060","preview","n.","預覽","The firm offered a preview of its new line.","公司提供了新系列的預覽。","",""
"450","060","place","n.","地方","This is a good place for a meeting.","這是個開會的好地方。","",""
"450","060","feel","v.","感覺","Please feel free to ask any questions.","有任何問題請儘管問。","",""
"450","060","oval","adj.","橢圓形的","The meeting room has a large oval table.","會議室有一張橢圓形大桌子。","",""
"450","060","point","n.","重點；論點","That is a good point.","那是個好論點。","Point five on the agenda is travel.","議程的第五點是出差。"
"450","060","outdoor","adj.","戶外的","The hotel has an outdoor pool.","飯店有戶外游泳池。","",""
"450","060","suitcase","n.","行李箱","Please do not leave your suitcase unattended.","請勿讓行李箱無人看管。","",""
"450","060","country","n.","國家","The firm operates in twelve countries.","公司在十二個國家營運。","",""
"450","060","inference","n.","推論","The inference is based on weak evidence.","這個推論的根據很薄弱。","",""
"450","060","off","adv.","離開；關閉","Please turn off your phone.","請關掉手機。","",""
"450","060","cellphone","n.","手機","Cellphones must be switched off in the lab.","實驗室內手機必須關機。","",""
"450","060","end","n.","結尾；末端","The offer ends at the end of the month.","優惠在月底結束。","",""
"450","060","live","v.","居住；生活","Many of our clients live overseas.","我們有許多客戶住在海外。","",""
"450","060","compact","adj.","小巧的","The new model is compact and light.","新機型小巧又輕便。","",""
"450","060","world","n.","世界","The firm has offices all over the world.","公司在世界各地都有辦公室。","",""
"450","060","play","v.","玩；播放","The speaker will play a short video.","講者會播放一段短片。","Play the recording twice.","請把錄音播放兩次。"
"450","060","home","n.","家；總部","She works from home on Fridays.","她週五在家工作。","",""
"450","060","include","v.","包含","The price does not include tax.","價格不含稅。","",""
"450","060","course","n.","課程","She is taking a business English course.","她正在上商用英語課。","",""
"450","060","house","n.","房子","The company bought a house for its guests.","公司買了一棟房子招待賓客。","",""
"450","060","case","n.","情況；案件","In that case, we will cancel the order.","既然如此，我們會取消訂單。","The court heard the case on Monday.","法院週一審理了這個案件。"
"450","060","around","prep.","大約；周圍","The meeting should take around an hour.","會議大約要一個小時。","",""
"450","060","book","v.","預訂","Please book a flight for Monday.","請訂一張週一的機票。","",""
"450","060","precede","v.","在…之前","A short speech will precede the dinner.","晚宴前會有一段簡短演說。","",""
"450","060","system","n.","系統","The new system saves a lot of time.","新系統省下很多時間。","",""
"450","060","dine","v.","用餐","Guests may dine on the terrace.","賓客可以在露台用餐。","",""
"450","061","set","v.","設定；放置","Please set the table for six.","請擺好六人份的餐桌。","",""
"450","061","coworker","n.","同事","My coworker will cover for me.","我的同事會幫我代班。","",""
"450","061","since","prep.","自從","I have worked here since 2020.","我從 2020 年起在這裡工作。","",""
"450","061","explanatory","adj.","說明性的","An explanatory note is attached.","附有一則說明。","",""
"450","061","hand","n.","手","Please raise your hand if you have a question.","有問題請舉手。","",""
"450","061","instructor","n.","講師","The instructor handed out the schedule.","講師發下了課表。","",""
"450","061","state","n.","狀態；州","The room is in a good state.","這個房間狀況良好。","California is the most populous state.","加州是人口最多的州。"
"450","061","money","n.","錢","The project cost more money than expected.","這個專案花的錢比預期多。","",""
"450","061","fact","n.","事實","That is a well-known fact.","那是眾所周知的事實。","",""
"450","061","media","n.","媒體","The media covered the launch widely.","媒體廣泛報導了這次發表。","",""
"450","061","however","adv.","然而","The plan is good; however, it is expensive.","這個計畫很好，不過很貴。","",""
"450","061","area","n.","地區；領域","The store is in a busy area.","這家店位在熱鬧的地區。","",""
"450","061","provide","v.","提供","The hotel will provide breakfast.","飯店會提供早餐。","",""
"450","061","name","n.","名字","Please spell your name for the receptionist.","請向櫃檯人員拼出您的名字。","",""
"450","061","without","prep.","沒有","You cannot enter without a badge.","沒有識別證不能進入。","",""
"450","061","underline","v.","劃底線","Please underline the key words.","請在關鍵字下面劃線。","",""
"450","061","government","n.","政府","The government announced a new tax.","政府宣布了一項新稅。","",""
"450","061","word","n.","單字；話語","Please keep the word count under five hundred.","請將字數控制在五百字以內。","",""
"450","061","airplane","n.","飛機","The airplane landed ten minutes early.","飛機提早十分鐘降落。","",""
"450","061","against","prep.","反對；對抗","Many staff voted against the plan.","許多員工投票反對這個計畫。","",""
"450","061","believe","v.","相信","I believe the report is correct.","我相信這份報告是正確的。","",""
"450","061","though","conj.","雖然","The room is small, though it is quiet.","房間雖小但很安靜。","",""
"450","061","birthday","n.","生日","We are planning a birthday party for her.","我們正在為她籌備生日派對。","",""
"450","061","love","v.","喜愛","Customers love the new design.","顧客喜歡這個新設計。","",""
"450","061","comprehension","n.","理解","The test measures reading comprehension.","這項測驗衡量閱讀理解。","",""
"450","061","away","adv.","離開；不在","The manager is away until Monday.","經理出差到週一。","",""
"450","061","example","n.","例子","Please give an example.","請舉個例子。","",""
"450","061","happen","v.","發生","What happened to the order?","那筆訂單怎麼了？","",""
"450","061","medication","n.","藥物","Ask your doctor about the medication.","請向醫生詢問這種藥物。","",""
"450","061","young","adj.","年輕的","The firm hires many young engineers.","公司僱用許多年輕工程師。","",""
"450","061","program","n.","計畫；節目；程式","The firm runs a training program.","公司辦有一項訓練計畫。","",""
"450","061","thank","v.","感謝","We thank you for your patience.","感謝你的耐心。","",""
"450","061","far","adv.","遠","The hotel is not far from the station.","飯店離車站不遠。","",""
"450","061","sandwich","n.","三明治","I had a sandwich for lunch.","我午餐吃了三明治。","",""
"450","061","face","n.","臉；面對","The firm faces strong competition.","公司面臨強烈的競爭。","",""
"450","061","hope","v.","希望","We hope to hear from you soon.","我們希望很快收到你的消息。","",""
"450","061","mini","adj.","迷你的","The hotel room has a mini fridge.","飯店房間有一台迷你冰箱。","",""
"450","061","less","adj.","較少的","The new model uses less energy.","新機型耗能較少。","",""
"450","061","head","n.","頭；主管","She is the head of the sales team.","她是業務團隊的主管。","",""
"450","061","closet","n.","衣櫥；儲藏櫃","Coats are kept in the hall closet.","大衣放在走廊的衣櫥裡。","",""
"450","061","unreal","adj.","不真實的","The price was so low it seemed unreal.","價格低到不太真實。","",""
"450","061","level","n.","程度；樓層","Please state your English level.","請說明你的英語程度。","",""
"450","061","distractor","n.","干擾選項","The test includes a distractor for each question.","每題都有一個干擾選項。","",""
"450","061","experience","n.","經驗","The job requires two years of experience.","這份工作需要兩年經驗。","",""
"450","061","city","n.","城市","The firm has offices in five cities.","公司在五個城市設有辦公室。","",""
"450","061","night","n.","夜晚","The store is open until ten at night.","這家店營業到晚上十點。","",""
"450","061","photocopy","n.","影印本","Please make a photocopy of your passport.","請影印一份你的護照。","",""
"450","061","support","n.","支援；支持","Our team provides 24-hour support.","我們的團隊提供全天候支援。","",""
"450","061","sunny","adj.","晴朗的","It will be sunny all weekend.","整個週末都是晴天。","",""
"450","061","present","v.","報告；呈現；頒贈","She will present the results on Friday.","她週五將報告結果。","She will present the award to the winner.","她將把獎頒給優勝者。"
"450","062","side","n.","旁邊；一邊","The entrance is on the left side.","入口在左邊。","",""
"450","062","although","conj.","雖然","Although it rained, the event went ahead.","雖然下雨，活動仍照常舉行。","",""
"450","062","sure","adj.","確定的","Are you sure you have the right address?","你確定地址正確嗎？","",""
"450","062","term","n.","期限；術語","The contract has a term of two years.","這份合約的期限是兩年。","Please explain this legal term.","請解釋這個法律術語。"
"450","062","least","adj.","最少的","You need at least two years of experience.","你至少需要兩年經驗。","",""
"450","062","age","n.","年齡","Please state your name and age.","請說明你的姓名和年齡。","",""
"450","062","shortly","adv.","不久；很快","The meeting will start shortly.","會議即將開始。","",""
"450","062","within","prep.","在…之內","Please reply within two days.","請在兩天內回覆。","",""
"450","062","snack","n.","點心","Snacks are available in the lounge.","休息室提供點心。","",""
"450","062","process","n.","過程；流程","The approval process takes a week.","核准流程需要一週。","",""
"450","062","public","adj.","公共的；公開的","The library is open to the public.","圖書館對大眾開放。","",""
"450","062","possible","adj.","可能的","Is it possible to change the date?","可以更改日期嗎？","",""
"450","062","actually","adv.","實際上","The meeting was actually canceled.","會議其實取消了。","",""
"450","062","provider","n.","供應者；業者","The firm is a leading internet provider.","這家公司是領先的網路業者。","",""
"450","062","view","n.","景色；看法","All rooms have a view of the sea.","所有房間都有海景。","",""
"450","062","hungry","adj.","飢餓的","Guests who are hungry can order food.","肚子餓的賓客可以點餐。","",""
"450","062","hard","adj.","困難的；硬的","It is hard to find skilled workers.","要找到熟練的工人很難。","",""
"450","062","control","n.","控制","The remote control is on the table.","遙控器在桌上。","",""
"450","062","lose","v.","失去；輸","Please do not lose your ticket.","請不要弄丟你的票。","",""
"450","062","rate","n.","費率；比率","The hotel offers a special rate for groups.","飯店提供團體特價。","",""
"450","062","soccer","n.","足球","The staff play soccer after work.","員工下班後踢足球。","",""
"450","062","care","n.","照顧；小心","Handle the glass with care.","請小心搬運這個玻璃製品。","",""
"450","062","expect","v.","預期","We expect the shipment to arrive on Friday.","我們預期貨物週五到。","",""
"450","062","sweater","n.","毛衣","Bring a sweater; the room is cold.","帶件毛衣吧，房間很冷。","",""
"450","062","ever","adv.","曾經","Have you ever been to Singapore?","你曾經去過新加坡嗎？","",""
"450","062","rewrite","v.","重寫","Please rewrite the report by Friday.","請在週五前重寫報告。","",""
"450","062","fall","v.","下降；跌倒","Prices fall in the off season.","淡季價格會下降。","Orders fell by ten percent.","訂單減少了百分之十。"
"450","062","deal","n.","交易；優惠；大量（a great deal of）","The firm signed a big deal this week.","公司本週簽了一筆大交易。","A great deal of work remains.","還有大量的工作要做。"
"450","062","workplace","n.","工作場所","The workplace is clean and safe.","工作場所乾淨又安全。","",""
"450","062","base","n.","基地；基礎","The firm has its base in Taipei.","公司的基地設在台北。","",""
"450","062","probably","adv.","可能；大概","The flight will probably be late.","班機大概會誤點。","",""
"450","062","past","adj.","過去的","Sales rose over the past year.","銷售在過去一年成長。","",""
"450","062","power","n.","電力；力量","The power went out for an hour.","停電了一個小時。","",""
"450","062","test","n.","測驗；試驗","The test takes about two hours.","這項測驗大約要兩小時。","",""
"450","062","indoor","adj.","室內的","The hotel has an indoor pool.","飯店有室內游泳池。","",""
"450","062","center","n.","中心","The new center opens next month.","新的中心下個月開幕。","",""
"450","062","grow","v.","成長","The firm plans to grow quickly.","公司打算快速成長。","",""
"450","062","dial","v.","撥號","Please dial nine for an outside line.","撥外線請先按九。","",""
"450","062","matter","n.","事情","This is an urgent matter.","這是件緊急的事。","",""
"450","062","mind","v.","介意","Would you mind closing the door?","你介意關一下門嗎？","",""
"450","062","value","n.","價值","The product offers good value for money.","這項產品很划算。","",""
"450","062","office","n.","辦公室","The office is on the third floor.","辦公室在三樓。","",""
"450","062","lab","n.","實驗室","Samples are tested in the lab.","樣本在實驗室裡檢驗。","",""
"450","062","submission","n.","提交","The deadline for submission is Friday.","提交的截止日是週五。","",""
"450","062","force","n.","力量；武力","The sales force doubled this year.","銷售團隊今年人數倍增。","",""
"450","062","gym","n.","健身房","The hotel has a gym on the second floor.","飯店二樓有健身房。","",""
"450","062","share","v.","分享；共用","Please share the file with the team.","請把檔案分享給團隊。","",""
"450","062","real","adj.","真正的","This is a real leather bag.","這是真皮包。","",""
"450","062","respondent","n.","受訪者","Most respondents liked the new design.","大多數受訪者喜歡新設計。","",""
"450","062","jewelry","n.","珠寶","The store sells fine jewelry.","這家店販售精緻珠寶。","",""
"450","063","language","n.","語言","The firm offers support in five languages.","公司提供五種語言的支援。","",""
"450","063","class","n.","班級；等級","The class starts at nine.","課程九點開始。","",""
"450","063","development","n.","發展；開發","The development of the app took a year.","這個應用程式的開發花了一年。","",""
"450","063","town","n.","城鎮","The firm has a branch in every town.","公司在每個城鎮都有分店。","",""
"450","063","donate","v.","捐贈","The firm will donate ten percent of its profit.","公司將捐出百分之十的利潤。","",""
"450","063","clear","adj.","清楚的","The instructions are clear and simple.","說明清楚又簡單。","",""
"450","063","skim","v.","略讀","Skim the report before the meeting.","開會前先略讀一下報告。","",""
"450","063","future","n.","未來","We are optimistic about the future.","我們對未來很樂觀。","",""
"450","063","briefcase","n.","公事包","He left his briefcase on the train.","他把公事包忘在火車上了。","",""
"450","063","ago","adv.","…以前","The firm was founded ten years ago.","公司是十年前成立的。","",""
"450","063","per","prep.","每","The fee is ten dollars per person.","費用是每人十美元。","",""
"450","063","top","adj.","最高的；頂尖的","She is one of our top salespeople.","她是我們最頂尖的業務員之一。","",""
"450","063","among","prep.","在…之中","The product is popular among students.","這項產品在學生之間很受歡迎。","",""
"450","063","win","v.","贏得","The firm won a major contract.","公司贏得了一份大合約。","",""
"450","063","reach","v.","到達；聯絡到","You can reach me at this number.","你可以打這個號碼聯絡我。","",""
"450","063","inquire","v.","詢問","Please inquire at the front desk.","請向櫃台詢問。","",""
"450","063","social","adj.","社交的；社會的","The firm hosts a social event every month.","公司每個月舉辦一次社交活動。","",""
"450","063","history","n.","歷史","The museum shows the history of the city.","博物館展示這座城市的歷史。","",""
"450","063","create","v.","創造；建立","Please create a new account.","請建立一個新帳號。","",""
"450","063","commuter","n.","通勤者","Commuters fill the train every morning.","通勤族每天早上擠滿火車。","",""
"450","063","along","prep.","沿著","There are shops along the street.","沿街有許多商店。","",""
"450","063","eye","n.","眼睛","Please keep an eye on the baggage.","請幫忙看著行李。","",""
"450","063","newsletter","n.","電子報；會訊","Subscribe to our monthly newsletter.","請訂閱我們的每月電子報。","",""
"450","063","advisor","n.","顧問","She works as a financial advisor.","她擔任財務顧問。","",""
"450","063","political","adj.","政治的","The article discusses political risks.","這篇文章討論政治風險。","",""
"450","063","cartridge","n.","墨水匣","The printer needs a new ink cartridge.","印表機需要新的墨水匣。","",""
"450","063","moment","n.","片刻","Please wait a moment.","請稍等一下。","",""
"450","063","cloudy","adj.","多雲的","It will be cloudy tomorrow.","明天多雲。","",""
"450","063","further","adj.","進一步的","Please contact us for further details.","詳情請與我們聯絡。","",""
"450","063","photographer","n.","攝影師","A photographer took pictures at the event.","一位攝影師在活動中拍照。","",""
"450","063","body","n.","身體；主體","The body of the report is ten pages long.","報告的主體有十頁。","",""
"450","063","shopper","n.","購物者","Shoppers lined up outside the store.","購物者在店外排隊。","",""
"450","063","general","adj.","一般的；大致的","This is general information only.","這只是一般資訊。","",""
"450","063","tag","n.","標籤","The price tag is on the sleeve.","價格標籤在袖子上。","",""
"450","063","toward","prep.","朝向","The bus is heading toward the airport.","公車正開往機場。","",""
"450","063","announcer","n.","播報員","The announcer read the flight schedule.","播報員念出航班時刻。","",""
"450","063","black","adj.","黑色的","The firm's logo is black and white.","公司標誌是黑白兩色。","",""
"450","063","sense","n.","感覺；意義","It makes sense to book early.","提早訂位是合理的。","",""
"450","063","perhaps","adv.","也許","Perhaps we should postpone the event.","也許我們應該延後活動。","",""
"450","063","rule","n.","規則","Please follow the safety rules.","請遵守安全規定。","",""
"450","063","produce","v.","生產","The plant produces parts for cars.","這間工廠生產汽車零件。","",""
"450","063","law","n.","法律","The new law takes effect in May.","新法五月生效。","",""
"450","063","stadium","n.","體育場","The concert will be held at the stadium.","音樂會將在體育場舉行。","",""
"450","063","cover","v.","涵蓋；覆蓋","The insurance covers accidental damage.","這份保險涵蓋意外損壞。","Please cover the keyboard with a cloth.","請用布蓋住鍵盤。"
"450","063","weekday","n.","平日","The store is open on weekdays only.","這家店只在平日營業。","",""
"450","063","near","prep.","靠近","The hotel is near the station.","飯店離車站很近。","",""
"450","063","human","adj.","人類的","The firm's human resources team is hiring.","公司的人力資源團隊正在招人。","",""
"450","063","computer","n.","電腦","Each desk has a computer.","每張桌上都有一台電腦。","",""
"450","063","situation","n.","情況","The situation is under control.","情況在掌控之中。","",""
"450","063","activity","n.","活動","The hotel offers many outdoor activities.","飯店提供許多戶外活動。","",""
"450","064","film","n.","電影；影片","The firm shot a short film about its history.","公司拍了一部介紹歷史的短片。","",""
"450","064","delicious","adj.","美味的","The food at the banquet was delicious.","宴會上的食物非常美味。","",""
"450","064","war","n.","戰爭","The war disrupted trade across the region.","戰爭擾亂了整個地區的貿易。","",""
"450","064","ink","n.","墨水","The printer is running out of ink.","印表機的墨水快用完了。","",""
"450","064","major","adj.","主要的；重大的","The firm announced a major change.","公司宣布了一項重大改變。","",""
"450","064","special","adj.","特別的","We offer a special price for groups.","我們提供團體特價。","",""
"450","064","developer","n.","開發者","The developer fixed the error in an hour.","開發人員一小時就修好了錯誤。","",""
"450","064","decision","n.","決定","The board will announce its decision on Friday.","董事會將在週五宣布決定。","",""
"450","064","certain","adj.","確定的；某些的","Certain items are not available online.","某些商品無法在網路上購買。","",""
"450","064","main","adj.","主要的","The main entrance is on Oak Street.","正門在橡樹街上。","",""
"450","064","die","v.","死亡；（電池）沒電","The battery will die if you leave the light on.","燈沒關的話電池會沒電。","",""
"450","064","bear","v.","承受；結（果實）","The firm cannot bear such a heavy cost.","公司無法承受這麼沉重的成本。","The tree bears fruit every year.","這棵樹每年結果。"
"450","064","alike","adj.","相像的","The two designs look very alike.","這兩個設計看起來很像。","",""
"450","064","himself","pron.","他自己","The manager handled the case himself.","經理親自處理了這個案子。","",""
"450","064","picnic","n.","野餐","The firm holds a picnic every summer.","公司每年夏天舉辦野餐活動。","",""
"450","064","especially","adv.","尤其","Prices are high, especially in summer.","價格偏高，尤其是夏天。","",""
"450","064","rise","v.","上升","Prices rise sharply in December.","價格在十二月大幅上漲。","",""
"450","064","recipe","n.","食譜","The chef shared the recipe with the guests.","主廚和賓客分享了這道食譜。","",""
"450","064","maybe","adv.","也許","Maybe we should meet again on Monday.","也許我們該週一再碰面。","",""
"450","064","refreshment","n.","茶點","Refreshments will be served after the talk.","演講後提供茶點。","",""
"450","064","else","adv.","其他的","Is there anything else you need?","你還需要別的嗎？","",""
"450","064","administrative","adj.","行政的","She handles all administrative tasks.","她處理所有行政工作。","",""
"450","064","role","n.","角色","She plays a key role in the project.","她在專案中扮演關鍵角色。","",""
"450","064","commonly","adv.","通常；普遍地","This error commonly occurs after an update.","這個錯誤通常發生在更新之後。","",""
"450","064","please","v.","取悅；請","Please sign here.","請在這裡簽名。","",""
"450","064","difference","n.","差異","There is little difference between the two.","這兩者差別不大。","",""
"450","064","action","n.","行動","The firm took quick action to fix the problem.","公司迅速採取行動解決問題。","",""
"450","064","health","n.","健康","The firm offers a health check each year.","公司每年提供健康檢查。","",""
"450","064","step","n.","步驟","Follow each step in the manual.","請依手冊上的每個步驟進行。","",""
"450","064","true","adj.","真實的","The rumor turned out to be true.","這個謠言後來證實是真的。","",""
"450","064","phone","n.","電話","Please turn off your phone during the meeting.","開會時請關掉手機。","",""
"450","064","themselves","pron.","他們自己","The staff organized the event themselves.","員工自己籌辦了這場活動。","",""
"450","064","annoy","v.","惹惱","Delays annoy our customers.","延誤會讓顧客不高興。","",""
"450","064","white","adj.","白色的","The walls are painted white.","牆壁漆成白色。","",""
"450","064","model","n.","款式；模型","The new model sells very well.","這款新機型賣得很好。","",""
"450","064","front","n.","前面","The reception desk is at the front of the hall.","櫃台在大廳前方。","",""
"450","064","paperwork","n.","文書作業","The new system reduces paperwork.","新系統減少了文書作業。","",""
"450","064","quit","v.","辭職；停止","He decided to quit his job and travel.","他決定辭掉工作去旅行。","",""
"450","064","outside","adv.","在外面","Please wait outside the meeting room.","請在會議室外面等候。","",""
"450","064","site","n.","場地；網站","The firm visited the construction site.","公司參觀了施工現場。","",""
"450","064","flu","n.","流感","Several staff are absent with the flu.","幾位員工因流感請假。","",""
"450","064","land","n.","土地","The firm bought land near the airport.","公司買下機場附近的土地。","",""
"450","064","finally","adv.","終於","The shipment finally arrived on Friday.","貨物終於在週五到了。","",""
"450","064","installation","n.","安裝","Installation takes about two hours.","安裝大約需要兩小時。","",""
"450","064","trainer","n.","訓練員","The trainer showed us how to use the machine.","訓練員示範了如何使用這台機器。","",""
"450","064","relationship","n.","關係","The firm values its relationship with clients.","公司重視與客戶的關係。","",""
"450","064","availability","n.","可得性；空檔","Please check room availability online.","請在線上查詢房間空檔。","",""
"450","064","death","n.","死亡","The firm mourned the death of its founder.","公司哀悼創辦人的逝世。","",""
"450","064","hike","n.","健行；漲幅","The staff went on a hike last weekend.","員工上週末去健行。","",""
"450","064","regard","v.","看待；視為","We regard quality as our top priority.","我們把品質視為首要任務。","",""
"450","065","organization","n.","組織","She works for a nonprofit organization.","她在一個非營利組織工作。","",""
"450","065","midnight","n.","午夜","The store stays open until midnight.","這家店營業到午夜。","",""
"450","065","act","v.","行動；演出","We must act quickly to fix this.","我們必須迅速行動處理這件事。","",""
"450","065","rainy","adj.","下雨的","It has been rainy all week.","整個星期都在下雨。","",""
"450","065","round","adj.","圓的","The meeting will be held at a round table.","會議將在圓桌進行。","",""
"450","065","accord","n.","一致；協議","The two firms reached an accord on prices.","兩家公司在價格上達成協議。","",""
"450","065","wish","v.","希望","We wish you every success.","祝你一切順利。","",""
"450","065","therefore","adv.","因此","The room is small; therefore, we need another.","房間太小，所以我們需要另一間。","",""
"450","065","unhappy","adj.","不滿的；不快樂的","Several customers were unhappy with the delay.","有幾位顧客對延誤不滿。","",""
"450","065","kid","n.","小孩","Kids under five stay free.","五歲以下孩童免費住宿。","",""
"450","065","education","n.","教育","The firm supports education programs.","公司支持教育計畫。","",""
"450","065","kill","v.","殺死；終止","Pressing this key will kill the program.","按這個鍵會結束程式。","",""
"450","065","serve","v.","供應；服務","Breakfast is served from seven to ten.","早餐供應時間是七點到十點。","",""
"450","065","incomplete","adj.","不完整的","The form is incomplete.","這份表格填寫不完整。","",""
"450","065","likely","adj.","可能的","The flight is likely to be late.","班機可能會誤點。","",""
"450","065","certainly","adv.","當然","We will certainly look into the matter.","我們當然會調查這件事。","",""
"450","065","questionnaire","n.","問卷","Please fill out the questionnaire.","請填寫這份問卷。","",""
"450","065","national","adj.","全國的","The firm operates a national network.","公司經營全國性的網絡。","",""
"450","065","itself","pron.","它本身","The system updates itself every night.","系統每晚自動更新。","",""
"450","065","baseball","n.","棒球","The staff watch baseball together.","員工一起看棒球。","",""
"450","065","field","n.","領域；田野","She works in the field of finance.","她從事財務領域的工作。","",""
"450","065","air","n.","空氣","The air in the room feels dry.","房間裡的空氣感覺很乾。","",""
"450","065","trade","n.","貿易","Trade between the two countries is growing.","兩國之間的貿易正在成長。","He learned a trade as a carpenter.","他學了木工這門手藝。"
"450","065","lately","adv.","最近","Sales have been strong lately.","最近銷售一直很強勁。","",""
"450","065","vote","v.","投票","The board will vote on the plan tomorrow.","董事會明天將就這項計畫投票。","",""
"450","065","percent","n.","百分比","Sales rose by ten percent.","銷售成長了百分之十。","",""
"450","065","presenter","n.","報告人","The presenter showed a short video.","報告人播放了一段短片。","",""
"450","065","stage","n.","舞台；階段","The first stage of the project is complete.","專案的第一階段完成了。","",""
"450","065","space","n.","空間","The office has plenty of storage space.","辦公室有很多儲存空間。","",""
"450","065","seldom","adv.","很少","The shop is seldom crowded on weekdays.","這家店平日很少擁擠。","",""
"450","065","instead","adv.","反而；改為","Take the train instead of driving.","改搭火車，不要開車。","",""
"450","065","realize","v.","領悟；實現","We did not realize the problem was serious.","我們沒有意識到問題很嚴重。","",""
"450","065","worldwide","adv.","在全世界","The firm sells its products worldwide.","公司把產品銷往全世界。","",""
"450","065","carrier","n.","運輸業者；航空公司","The carrier delivered the goods on time.","運輸業者準時交貨。","",""
"450","065","society","n.","社會","The firm contributes to society.","公司對社會有所貢獻。","",""
"450","065","technology","n.","科技","The firm invests in new technology.","公司投資新科技。","",""
"450","065","choice","n.","選擇","You have a choice of three colors.","你可以從三種顏色中選擇。","",""
"450","065","common","adj.","常見的","This is a common mistake.","這是常見的錯誤。","",""
"450","065","homework","n.","作業","Students must finish their homework tonight.","學生今晚必須完成作業。","",""
"450","065","culture","n.","文化","The firm has a friendly culture.","公司有友善的文化。","",""
"450","065","memorandum","n.","備忘錄","A memorandum was sent to all staff.","一份備忘錄已寄給全體員工。","",""
"450","065","foot","n.","腳；英尺","The room is twenty feet long.","這個房間有二十英尺長。","",""
"450","065","effort","n.","努力","We appreciate your effort.","我們感謝你的努力。","",""
"450","065","bookstore","n.","書店","The bookstore opens at ten.","書店十點開門。","",""
"450","065","upon","prep.","在…之上；一…就","Payment is due upon delivery.","貨到付款。","",""
"450","065","lie","v.","說謊；躺","The report does not lie about the figures.","這份報告對數字沒有說謊。","",""
"450","065","personal","adj.","個人的","Please keep your personal items with you.","請隨身攜帶個人物品。","",""
"450","065","duration","n.","持續時間","The duration of the course is six weeks.","課程為期六週。","",""
"450","065","ground","n.","地面；理由","The meeting room is on the ground floor.","會議室在一樓。","",""
"450","065","animal","n.","動物","The hotel does not allow animals.","飯店不准攜帶動物。","",""
"450","066","lounge","n.","休息室","Guests can wait in the lounge.","賓客可以在休息室等候。","",""
"450","066","century","n.","世紀","The firm has existed for over a century.","這家公司已經存在超過一個世紀。","",""
"450","066","exist","v.","存在","No such option exists in the software.","軟體裡沒有這個選項。","",""
"450","066","similar","adj.","相似的","The two models are very similar.","這兩款機型很相似。","",""
"450","066","fight","v.","打鬥；對抗","The firm fights fraud every day.","公司每天都在對抗詐欺。","",""
"450","066","leader","n.","領導者","She is a strong leader.","她是位強勢的領導者。","",""
"450","066","productive","adj.","有生產力的","It was a productive meeting.","這是場很有成效的會議。","",""
"450","066","particularly","adv.","特別是","Sales were strong, particularly in Asia.","銷售強勁，尤其是在亞洲。","",""
"450","066","salesperson","n.","業務員","The salesperson showed us three models.","業務員給我們看了三款機型。","",""
"450","066","response","n.","回應","We look forward to your response.","我們期待你的回覆。","",""
"450","066","voice","n.","聲音","Please lower your voice in the library.","圖書館內請放低音量。","",""
"450","066","completion","n.","完成","The completion date is next June.","完工日期是明年六月。","",""
"450","066","suppose","v.","假設","I suppose the meeting will be short.","我想會議不會太長。","",""
"450","066","fire","n.","火；火災","Please leave the building if the fire alarm rings.","火災警報響起時請離開大樓。","",""
"450","066","garbage","n.","垃圾","Please put garbage in the bins.","請把垃圾丟進垃圾桶。","",""
"450","066","court","n.","法院；球場","The case will be heard in court next week.","這個案子下週開庭。","",""
"450","066","omit","v.","省略","Please do not omit any details.","請不要省略任何細節。","",""
"450","066","poor","adj.","差的；貧窮的","The service was poor.","服務很差。","",""
"450","066","spite","n.","惡意；儘管（in spite of）","In spite of the delay, the event went well.","儘管延誤，活動仍很順利。","",""
"450","066","knowledge","n.","知識","The job requires knowledge of accounting.","這份工作需要會計知識。","",""
"450","066","bathroom","n.","浴室；洗手間","The bathroom is on the second floor.","洗手間在二樓。","",""
"450","066","arm","n.","手臂","She carried the files under her arm.","她把檔案夾在腋下。","",""
"450","066","heart","n.","心","The hotel is in the heart of the city.","飯店位於市中心。","",""
"450","066","cab","n.","計程車","We took a cab to the airport.","我們搭計程車去機場。","",""
"450","066","source","n.","來源","The source of the leak is still unknown.","漏水的來源仍不明。","",""
"450","066","correspondence","n.","信件往來","All correspondence should be sent by email.","所有往來信件請以電子郵件寄送。","",""
"450","066","simply","adv.","簡單地；只是","Simply press the button to start.","只要按下按鈕就能開始。","",""
"450","066","cell","n.","細胞；牢房","Each cell in the table holds one number.","表格中的每一格放一個數字。","",""
"450","066","photography","n.","攝影","Photography is not allowed in the museum.","博物館內禁止攝影。","",""
"450","066","article","n.","文章；物品","The article describes the new policy.","這篇文章說明了新政策。","",""
"450","066","sculpture","n.","雕塑","A large sculpture stands in the lobby.","大廳裡立著一座大型雕塑。","",""
"450","066","attack","n.","攻擊","The firm suffered a cyber attack.","公司遭受網路攻擊。","",""
"450","066","foreign","adj.","外國的","The firm hires foreign staff.","公司僱用外籍員工。","",""
"450","066","surprise","n.","驚喜","The party was a surprise for her.","這場派對對她來說是個驚喜。","",""
"450","066","factor","n.","因素","Price is the main factor in the decision.","價格是決定的主要因素。","",""
"450","066","pretty","adv.","相當","The report is pretty clear.","這份報告相當清楚。","",""
"450","066","defective","adj.","有缺陷的","Please return any defective item.","任何有瑕疵的商品請退回。","",""
"450","066","ice cream","n.","冰淇淋","The cafe sells ice cream in summer.","咖啡廳夏天賣冰淇淋。","",""
"450","066","relate","v.","與…有關","The question does not relate to the topic.","這個問題與主題無關。","",""
"450","066","official","adj.","官方的","The official launch date is in May.","正式發表日是五月。","",""
"450","066","financial","adj.","財務的","The firm released its financial report.","公司發布了財務報告。","",""
"450","066","occupancy","n.","入住率","Hotel occupancy reached ninety percent.","飯店入住率達到百分之九十。","",""
"450","066","art","n.","藝術","The hotel displays art by local artists.","飯店展示當地藝術家的作品。","",""
"450","066","private","adj.","私人的","The meeting will be held in a private room.","會議將在包廂舉行。","",""
"450","066","renewal","n.","更新；續約","The renewal date is next month.","續約日期是下個月。","",""
"450","066","page","n.","頁面","Please turn to page ten.","請翻到第十頁。","",""
"450","066","annually","adv.","每年","The report is published annually.","這份報告每年發表。","",""
"450","066","basketball","n.","籃球","Staff play basketball on Fridays.","員工週五打籃球。","",""
"450","066","opinion","n.","意見","We value your opinion.","我們重視你的意見。","",""
"450","066","represent","v.","代表","She will represent the firm at the fair.","她將代表公司參加展覽。","",""
"450","067","illogical","adj.","不合邏輯的","The argument seems illogical.","這個論點似乎不合邏輯。","",""
"450","067","inside","adv.","在裡面","Please wait inside until your name is called.","請在裡面等到叫你的名字。","",""
"450","067","wonder","v.","想知道","I wonder whether the store is open.","我不知道這家店有沒有開。","",""
"450","067","nature","n.","自然；本質","The hotel is surrounded by nature.","飯店被大自然環繞。","",""
"450","067","section","n.","部分；區域","The sports section is on the second floor.","運動用品區在二樓。","",""
"450","067","myself","pron.","我自己","I will check the report myself.","我會親自檢查報告。","",""
"450","067","exactly","adv.","確切地","The meeting starts at exactly nine.","會議九點整開始。","",""
"450","067","paint","v.","油漆","Workers will paint the lobby next week.","工人下週會粉刷大廳。","",""
"450","067","press","v.","按；壓","Press the red button to stop the machine.","按紅色按鈕讓機器停止。","",""
"450","067","whatever","pron.","不論什麼","Please do whatever is necessary.","請做一切必要的事。","",""
"450","067","respect","n.","尊重","We treat every guest with respect.","我們尊重每一位賓客。","",""
"450","067","various","adj.","各式各樣的","The shop sells various kinds of tea.","這家店賣各式各樣的茶。","",""
"450","067","thus","adv.","因此","The room was small; thus, we moved.","房間太小，因此我們搬走了。","",""
"450","067","skill","n.","技能","Good communication is an important skill.","良好溝通是重要的技能。","",""
"450","067","son","n.","兒子","Her son studies engineering.","她兒子讀工程。","",""
"450","067","management","n.","管理；管理階層","Management announced a new policy.","管理階層宣布了新政策。","",""
"450","067","character","n.","性格；字元","The password must contain eight characters.","密碼必須包含八個字元。","",""
"450","067","hit","v.","打；達到","Sales hit a record high in June.","六月銷售創下新高。","",""
"450","067","indeed","adv.","的確","It was indeed a great success.","這的確是一大成功。","",""
"450","067","fit","v.","適合；容納得下","The jacket does not fit me.","這件外套不適合我。","Will this file fit on the drive?","這個檔案放得進隨身碟嗎？"
"450","067","guy","n.","傢伙","He is a nice guy to work with.","他是個很好共事的人。","",""
"450","067","behavior","n.","行為","Staff must show professional behavior.","員工必須表現出專業的行為。","",""
"450","067","population","n.","人口","The city has a population of two million.","這座城市有兩百萬人口。","",""
"450","067","player","n.","玩家；球員","The firm sponsors a local player.","公司贊助一位本地球員。","",""
"450","067","comment","n.","意見；評論","Please leave a comment below.","請在下方留下意見。","",""
"450","067","alone","adv.","獨自","Please do not travel alone at night.","晚上請勿獨自出行。","",""
"450","067","drug","n.","藥物","The firm develops new drugs.","公司開發新藥。","",""
"450","067","series","n.","系列","The firm will launch a new series next year.","公司明年會推出新系列。","",""
"450","067","success","n.","成功","The event was a great success.","這場活動非常成功。","",""
"450","067","clearly","adv.","清楚地","Please speak clearly into the microphone.","請對著麥克風清楚說話。","",""
"450","067","race","n.","競賽；競爭","The firm is in a race to launch first.","公司正在搶先上市。","",""
"450","067","purpose","n.","目的","The purpose of the meeting is to set goals.","會議的目的是設定目標。","",""
"450","067","gain","v.","獲得","You will gain valuable experience here.","你在這裡會獲得寶貴的經驗。","",""
"450","067","college","n.","大學；學院","She studied finance at college.","她在大學讀財務。","",""
"450","067","argue","v.","爭論；主張","Some experts argue that prices will fall.","有些專家主張價格會下跌。","",""
"450","067","mark","v.","標記","Please mark your answers on the sheet.","請把答案標記在答案卷上。","Mark the box fragile.","請在箱子上標示「易碎」。"
"450","067","church","n.","教堂","The old church is a famous landmark.","這座老教堂是著名的地標。","",""
"450","067","machine","n.","機器","The machine needs to be repaired.","這台機器需要修理。","",""
"450","067","prove","v.","證明","The data prove that the plan works.","數據證明這項計畫有效。","",""
"450","067","cent","n.","美分","The price rose by ten cents.","價格上漲了十美分。","",""
"450","067","stuff","n.","東西","Please move your stuff out of the room.","請把你的東西搬出房間。","",""
"450","067","wide","adj.","寬的；廣泛的","The hallway is wide enough for two carts.","走廊寬到足以讓兩輛推車通過。","",""
"450","067","election","n.","選舉","The election will be held in November.","選舉將在十一月舉行。","",""
"450","067","military","adj.","軍事的","The firm supplies the military.","公司供應軍方。","",""
"450","067","hotel","n.","飯店","We stayed at a hotel near the station.","我們住在車站附近的飯店。","",""
"450","067","club","n.","俱樂部","Staff can join the company's book club.","員工可以加入公司的讀書會。","",""
"450","067","discussion","n.","討論","The discussion lasted about an hour.","討論持續了約一個小時。","",""
"450","067","sorry","adj.","抱歉的","We are sorry for the delay.","對於延誤我們深感抱歉。","",""
"450","067","nation","n.","國家","The firm sells its products across the nation.","公司在全國銷售產品。","",""
"450","067","link","n.","連結","Click the link to confirm your email.","請點選連結確認你的電子郵件。","",""
"450","068","despite","prep.","儘管","Despite the rain, the event went ahead.","儘管下雨，活動仍照常舉行。","",""
"450","068","marry","v.","結婚","They plan to marry next spring.","他們打算明年春天結婚。","",""
"450","068","strike","n.","罷工","The strike delayed all flights.","罷工讓所有班機延誤。","",""
"450","068","mile","n.","英里","The hotel is two miles from the airport.","飯店離機場兩英里。","",""
"450","068","seek","v.","尋求","The firm seeks a new sales manager.","公司正在尋找新的業務經理。","",""
"450","068","ability","n.","能力","She has the ability to lead a team.","她有領導團隊的能力。","",""
"450","068","unit","n.","單位；單元","Each unit has its own entrance.","每個單位都有自己的入口。","",""
"450","068","quickly","adv.","迅速地","Please reply as quickly as possible.","請盡快回覆。","",""
"450","068","specific","adj.","特定的","Do you have a specific date in mind?","你心裡有特定的日期嗎？","",""
"450","068","fear","n.","恐懼；擔憂","There is fear of price increases.","有人擔心價格上漲。","",""
"450","068","serious","adj.","嚴重的；認真的","This is a serious problem.","這是個嚴重的問題。","",""
"450","068","red","adj.","紅色的","The red button stops the machine.","紅色按鈕會讓機器停止。","",""
"450","068","movement","n.","移動；運動","The sensor detects any movement.","感應器會偵測任何移動。","",""
"450","068","treat","v.","對待；治療","Doctors treat patients with respect.","醫師以尊重的態度治療病患。","",""
"450","068","modern","adj.","現代的","The hotel has a modern design.","這家飯店有現代化的設計。","",""
"450","068","pressure","n.","壓力","Staff are under a lot of pressure.","員工承受很大的壓力。","",""
"450","068","yourself","pron.","你自己","Please help yourself to coffee.","咖啡請自行取用。","",""
"450","068","village","n.","村莊","The firm built a factory near the village.","公司在村莊附近蓋了一座工廠。","",""
"450","068","worth","adj.","值得的","The museum is worth a visit.","這間博物館值得一遊。","",""
"450","068","natural","adj.","自然的","The shop sells natural soap.","這家店賣天然肥皂。","",""
"450","068","score","n.","分數","Her test score was very high.","她的測驗分數很高。","",""
"450","068","beyond","prep.","超出","The result went beyond our expectations.","結果超出我們的預期。","",""
"450","068","sleep","v.","睡覺","The hotel rooms are quiet, so guests sleep well.","飯店房間很安靜，所以賓客睡得好。","",""
"450","068","promise","n.","承諾","The firm keeps its promise to customers.","公司遵守對顧客的承諾。","",""
"450","068","trouble","n.","麻煩","We had trouble connecting to the network.","我們連不上網路。","",""
"450","068","relation","n.","關係","The firm has good relations with its suppliers.","公司和供應商關係良好。","",""
"450","068","touch","v.","碰觸；聯絡","Please do not touch the exhibits.","請勿觸摸展品。","",""
"450","068","middle","n.","中間","The meeting room is in the middle of the hall.","會議室在走廊中間。","",""
"450","068","bar","n.","酒吧；長條","The hotel bar closes at midnight.","飯店酒吧午夜關門。","",""
"450","068","suffer","v.","遭受","The firm suffered heavy losses.","公司承受了嚴重虧損。","",""
"450","068","deep","adj.","深的","The pool is two meters deep.","這個泳池有兩公尺深。","",""
"450","068","except","prep.","除了","The shop is open every day except Monday.","這家店除了週一每天營業。","",""
"450","068","tend","v.","傾向","Prices tend to rise in summer.","價格往往在夏天上漲。","",""
"450","068","star","n.","星星；明星","The hotel has five stars.","這家飯店是五星級。","",""
"450","068","generally","adv.","通常","Banks are generally open until four.","銀行通常營業到四點。","",""
"450","068","avoid","v.","避免","Please avoid the main road at rush hour.","尖峰時間請避開主要道路。","",""
"450","068","throw","v.","丟","Please do not throw trash on the floor.","請不要把垃圾丟在地上。","",""
"450","068","normal","adj.","正常的","Service will return to normal soon.","服務很快會恢復正常。","",""
"450","068","blue","adj.","藍色的","The firm's logo is blue.","公司的標誌是藍色的。","",""
"450","068","positive","adj.","正面的","We received positive feedback.","我們收到正面的回饋。","",""
"450","068","huge","adj.","巨大的","The firm won a huge contract.","公司贏得了一份巨大的合約。","",""
"450","068","instance","n.","實例","For instance, we could change the date.","舉例來說，我們可以改日期。","",""
"450","068","style","n.","風格","The hotel has a classic style.","這家飯店有經典的風格。","",""
"450","068","refer","v.","提及；參考","Please refer to page ten for details.","詳情請參閱第十頁。","",""
"450","068","successful","adj.","成功的","The launch was very successful.","這次產品上市非常成功。","",""
"450","068","sing","v.","唱歌","Guests can sing at the party.","賓客可以在派對上唱歌。","",""
"450","068","doubt","n.","懷疑","There is no doubt that it will work.","毫無疑問這會有效。","",""
"450","068","competition","n.","競爭；比賽","Competition in the market is strong.","市場競爭很激烈。","",""
"450","068","theory","n.","理論","The theory has not been proven.","這個理論尚未被證實。","",""
"450","068","argument","n.","爭論；論點","The two managers had an argument.","兩位經理起了爭執。","",""
"450","069","fly","v.","飛；搭飛機","We will fly to Tokyo on Monday.","我們週一會飛往東京。","",""
"450","069","obviously","adv.","顯然","Obviously, we need more time.","很明顯，我們需要更多時間。","",""
"450","069","unclear","adj.","不清楚的","The instructions are unclear.","這些說明不清楚。","",""
"450","069","search","v.","搜尋","You can search the catalog online.","你可以在線上搜尋型錄。","",""
"450","069","separate","adj.","分開的","Please use a separate envelope.","請用另外的信封。","",""
"450","069","central","adj.","中心的","The hotel has a central location.","這家飯店位置適中。","",""
"450","069","career","n.","職涯","She has built a successful career in sales.","她在業務領域建立了成功的職涯。","",""
"450","069","anyway","adv.","無論如何","The weather was bad, but we went anyway.","天氣不好，但我們還是去了。","",""
"450","069","speech","n.","演說","The CEO gave a short speech.","執行長發表了簡短的演說。","",""
"450","069","dog","n.","狗","Dogs are not allowed in the restaurant.","餐廳不准帶狗。","",""
"450","069","throughout","prep.","遍及；自始至終","The shop is open throughout the year.","這家店全年營業。","",""
"450","069","oil","n.","油；石油","The price of oil has risen again.","油價又漲了。","",""
"450","069","dress","n.","洋裝","She wore a blue dress to the dinner.","她穿著藍色洋裝參加晚宴。","",""
"450","069","guess","v.","猜","Can you guess the price of this item?","你猜得出這件商品的價格嗎？","",""
"450","069","fun","n.","樂趣","The team building day was a lot of fun.","團隊活動日非常好玩。","",""
"450","069","protect","v.","保護","Please protect your password.","請保護好你的密碼。","",""
"450","069","science","n.","科學","The firm invests in science education.","公司投資科學教育。","",""
"450","069","disease","n.","疾病","The clinic treats a variety of diseases.","診所治療各種疾病。","",""
"450","069","basic","adj.","基本的","The basic fee includes breakfast.","基本費用包含早餐。","",""
"450","069","hair","n.","頭髮","Staff must keep long hair tied back in the kitchen.","廚房人員必須把長髮綁起來。","",""
"450","069","male","adj.","男性的","The firm has more male than female staff.","公司男性員工比女性多。","",""
"450","069","reflect","v.","反映","The price reflects the high quality.","價格反映了高品質。","",""
"450","069","exercise","n.","運動；練習","Regular exercise keeps staff healthy.","規律運動讓員工保持健康。","",""
"450","069","imagine","v.","想像","Imagine a world without email.","想像一個沒有電子郵件的世界。","",""
"450","069","daughter","n.","女兒","Her daughter studies law.","她女兒讀法律。","",""
"450","069","post","v.","張貼","Please post the notice on the board.","請把通知張貼在布告欄。","",""
"450","069","newspaper","n.","報紙","The ad appeared in the local newspaper.","廣告刊登在地方報紙上。","",""
"450","069","everybody","pron.","每個人","Everybody is welcome to attend.","歡迎每個人參加。","",""
"450","069","professional","adj.","專業的","The staff are friendly and professional.","員工親切又專業。","",""
"450","069","mine","pron.","我的","This laptop is mine.","這台筆電是我的。","",""
"450","069","debate","n.","辯論","There was a heated debate about the budget.","關於預算有一場激烈的辯論。","",""
"450","069","memory","n.","記憶；記憶體","The laptop has sixteen gigabytes of memory.","這台筆電有十六 GB 記憶體。","",""
"450","069","green","adj.","綠色的；環保的","The firm is committed to green energy.","公司致力於綠色能源。","",""
"450","069","song","n.","歌曲","The band played their latest song.","樂團演奏了最新的歌。","",""
"450","069","object","n.","物體；目標","Please do not leave objects in the aisle.","請勿在走道上放置物品。","",""
"450","069","discover","v.","發現","We discovered an error in the report.","我們發現報告有個錯誤。","",""
"450","069","dead","adj.","死的；沒電的","My phone battery is dead.","我的手機沒電了。","",""
"450","069","prefer","v.","偏好","Customers prefer to pay online.","顧客偏好線上付款。","",""
"450","069","possibility","n.","可能性","There is a possibility of delay.","有可能會延誤。","",""
"450","069","clothes","n.","衣服","The store sells clothes for all ages.","這家店販售各年齡層的衣服。","",""
"450","069","dance","n.","舞蹈","The company dinner included a dance.","公司晚宴包含舞會。","",""
"450","069","completely","adv.","完全地","The room was completely full.","房間完全客滿。","",""
"450","069","female","adj.","女性的","Female staff make up half of the team.","女性員工占團隊一半。","",""
"450","069","original","adj.","原始的","Please bring the original document.","請攜帶文件正本。","",""
"450","069","rock","n.","岩石；搖滾","A rock fell onto the road.","一塊石頭掉到路上。","",""
"450","069","dream","n.","夢想","Her dream is to own a restaurant.","她的夢想是開一家餐廳。","",""
"450","069","easily","adv.","輕易地","The app can be easily installed.","這個應用程式很容易安裝。","",""
"450","069","dollar","n.","美元","The ticket costs fifty dollars.","票價是五十美元。","",""
"450","069","ahead","adv.","在前面；提前","Please book ahead during the holidays.","假期請提前預訂。","",""
"450","069","cross","v.","穿越","Cross the bridge and turn left.","過橋後左轉。","",""
"450","070","weight","n.","重量","The weight limit for luggage is twenty kilograms.","行李的重量上限是二十公斤。","",""
"450","070","version","n.","版本","The latest version includes new features.","最新版本包含新功能。","",""
"450","070","conversation","n.","對話","The conversation lasted about an hour.","對話持續了約一個小時。","",""
"450","070","pound","n.","磅；英鎊","The package weighs five pounds.","這個包裹重五磅。","",""
"450","070","magazine","n.","雜誌","The firm advertises in a travel magazine.","公司在一本旅遊雜誌刊登廣告。","",""
"450","070","shape","n.","形狀","The table has an unusual shape.","這張桌子的形狀很特別。","",""
"450","070","sea","n.","海","The ferry crosses the sea in two hours.","渡輪兩小時就能橫渡這片海。","",""
"450","070","welcome","v.","歡迎","We welcome your comments.","我們歡迎你的意見。","",""
"450","070","communication","n.","溝通","Good communication is essential in teamwork.","良好溝通對團隊合作至關重要。","",""
"450","070","traditional","adj.","傳統的","The restaurant serves traditional food.","這家餐廳供應傳統料理。","",""
"450","070","herself","pron.","她自己","The manager checked the report herself.","經理親自檢查了報告。","",""
"450","070","suddenly","adv.","突然","The power suddenly went out.","電力突然中斷。","",""
"450","070","generation","n.","世代","The firm is run by the third generation.","公司由第三代經營。","",""
"450","070","difficulty","n.","困難","We had difficulty finding the venue.","我們很難找到會場。","",""
"450","070","shoot","v.","拍攝；射擊","The crew will shoot the ad next week.","劇組下週將拍攝廣告。","",""
"450","070","unless","conj.","除非","We will start unless it rains.","除非下雨，否則我們會開始。","",""
"450","070","independent","adj.","獨立的","The firm is an independent company.","這是一家獨立的公司。","",""
"450","070","stick","v.","黏貼；堅持","Please stick the label on the box.","請把標籤貼在箱子上。","Stick to the schedule.","請照著時程進行。"
"450","070","blood","n.","血液","Donors can give blood on the first floor.","捐血者可以到一樓捐血。","",""
"450","070","block","n.","街區；阻擋","The hotel is two blocks from the station.","飯店離車站兩個街區。","",""
"450","070","warm","adj.","溫暖的","The staff gave us a warm welcome.","員工熱情地歡迎我們。","",""
"450","070","count","v.","計算；重要","Please count the boxes before you sign.","簽收前請清點箱數。","Your opinion counts.","你的意見很重要。"
"450","070","scene","n.","場景","The film has a famous opening scene.","這部電影有個著名的開場。","",""
"450","070","medical","adj.","醫療的","The firm offers medical insurance.","公司提供醫療保險。","",""
"450","070","beat","v.","擊敗；超越","The firm beat its sales target.","公司超越了銷售目標。","",""
"450","070","advice","n.","建議","Please follow your doctor's advice.","請遵照醫生的建議。","",""
"450","070","trial","n.","試用；審判","The firm offers a free thirty-day trial.","公司提供三十天免費試用。","",""
"450","070","stress","n.","壓力","Exercise helps reduce stress.","運動有助於減輕壓力。","",""
"450","070","text","n.","文字；簡訊","Please send me a text when you arrive.","你到了請傳簡訊給我。","",""
"450","070","context","n.","背景；脈絡","The word has a different meaning in this context.","這個字在這個脈絡下意思不同。","",""
"450","070","directly","adv.","直接地","Please contact the manager directly.","請直接聯絡經理。","",""
"450","070","remove","v.","移除","Please remove your bags from the aisle.","請把行李從走道移開。","",""
"450","070","otherwise","adv.","否則","Arrive early; otherwise you may miss it.","請提早到，否則你可能會錯過。","",""
"450","070","title","n.","標題；頭銜","What is your job title?","你的職稱是什麼？","",""
"450","070","extra","adj.","額外的","Extra staff will be hired for the holidays.","假期期間會僱用額外人手。","",""
"450","070","sex","n.","性別","Please state your age and sex on the form.","請在表格上填寫年齡和性別。","",""
"450","070","video","n.","影片","We will watch a short training video.","我們會看一段簡短的訓練影片。","",""
"450","070","primary","adj.","主要的","The primary goal is to cut costs.","主要目標是降低成本。","",""
"450","070","straight","adv.","筆直地","Go straight and turn left at the bank.","直走，在銀行處左轉。","",""
"450","070","highly","adv.","非常；高度地","The product is highly rated.","這項產品評價很高。","",""
"450","070","trust","n.","信任","Customer trust is our most valuable asset.","顧客信任是我們最有價值的資產。","",""
"450","070","wonderful","adj.","很棒的","We had a wonderful time at the dinner.","我們在晚宴上度過了美好的時光。","",""
"450","070","flat","adj.","平的","Sales remained flat last quarter.","上一季銷售持平。","",""
"450","070","absolutely","adv.","絕對地","The data must be absolutely accurate.","數據必須絕對準確。","",""
"450","070","flow","n.","流動","The new layout improves traffic flow.","新配置改善了人流動線。","",""
"450","070","fair","adj.","公平的；合理的","The price is fair for the quality.","以這個品質來說價格公道。","",""
"450","070","farm","n.","農場","The firm buys eggs from a local farm.","公司向當地農場買蛋。","",""
"450","070","collection","n.","收藏；系列","The store launched a new spring collection.","這家店推出了新的春季系列。","",""
"450","070","hang","v.","懸掛","Please hang your coat in the closet.","請把外套掛在衣櫥裡。","",""
"450","070","negative","adj.","負面的","We received some negative feedback.","我們收到一些負面回饋。","",""
"450","071","band","n.","樂團；帶子","A live band will play at the dinner.","晚宴上會有現場樂團演奏。","",""
"450","071","relative","n.","親戚","Staff may invite a relative to the picnic.","員工可以邀請親戚參加野餐。","",""
"450","071","pair","n.","一對","She bought a pair of shoes.","她買了一雙鞋。","",""
"450","071","attitude","n.","態度","A positive attitude helps the whole team.","正面的態度對整個團隊有幫助。","",""
"450","071","cheap","adj.","便宜的","The hotel is cheap but clean.","這家飯店便宜但乾淨。","",""
"450","071","leg","n.","腿；行程的一段","The second leg of the trip takes four hours.","行程的第二段要四小時。","",""
"450","071","sentence","n.","句子","Please write a complete sentence.","請寫一個完整的句子。","",""
"450","071","truth","n.","真相","We want to know the truth.","我們想知道真相。","",""
"450","071","lay","v.","放置；鋪設","Workers will lay the new carpet today.","工人今天會鋪新地毯。","",""
"450","071","speed","n.","速度","The internet speed is very fast.","網路速度很快。","",""
"450","071","politics","n.","政治","He avoids talking about politics at work.","他在工作中避免談論政治。","",""
"450","071","perfect","adj.","完美的","The hotel is the perfect place for a meeting.","這家飯店是開會的完美地點。","",""
"450","071","slightly","adv.","稍微","Prices rose slightly last month.","價格上個月略微上漲。","",""
"450","071","user","n.","使用者","Each user has a private account.","每位使用者都有個人帳號。","",""
"450","071","physical","adj.","身體的；實體的","The job requires good physical health.","這份工作需要良好的身體狀況。","",""
"450","071","apart","adv.","分開地","The two offices are ten miles apart.","兩間辦公室相隔十英里。","",""
"450","071","suit","n.","西裝","He wore a dark suit to the interview.","他穿著深色西裝去面試。","",""
"450","071","peace","n.","和平；寧靜","The garden offers peace and quiet.","花園提供寧靜與安詳。","",""
"450","071","status","n.","狀態","You can check your order status online.","你可以在線上查詢訂單狀態。","",""
"450","071","crime","n.","犯罪","Crime in the area has fallen.","這個地區的犯罪率下降了。","",""
"450","071","decade","n.","十年","The firm has grown fast over the past decade.","公司在過去十年快速成長。","",""
"450","071","warn","v.","警告","The firm warned customers about the scam.","公司警告顧客提防這個騙局。","",""
"450","071","favor","n.","幫忙；偏愛","Could you do me a favor?","你可以幫我一個忙嗎？","",""
"450","071","dry","adj.","乾燥的","Keep the product in a cool, dry place.","請把產品存放在陰涼乾燥處。","",""
"450","071","institution","n.","機構","The bank is a respected financial institution.","這家銀行是受敬重的金融機構。","",""
"450","071","spot","n.","地點；斑點","This is a good spot for a picnic.","這是野餐的好地點。","",""
"450","071","horse","n.","馬","Visitors can ride a horse at the farm.","訪客可以在農場騎馬。","",""
"450","071","heat","n.","熱；暖氣","The heat is turned on in November.","暖氣在十一月開啟。","",""
"450","071","excite","v.","使興奮","The new product will excite customers.","新產品會讓顧客興奮。","",""
"450","071","reader","n.","讀者","The magazine has over a million readers.","這本雜誌有超過百萬讀者。","",""
"450","071","importance","n.","重要性","We stress the importance of safety.","我們強調安全的重要性。","",""
"450","071","feed","v.","餵養；供應","The firm feeds data into the system.","公司把資料輸入系統。","",""
"450","071","pain","n.","疼痛","The medicine relieves pain quickly.","這種藥能快速緩解疼痛。","",""
"450","071","mistake","n.","錯誤","There is a mistake in the invoice.","發票上有個錯誤。","",""
"450","071","satisfy","v.","使滿意","The firm works hard to satisfy its customers.","公司努力讓顧客滿意。","",""
"450","071","chief","adj.","首席的","She is the chief engineer.","她是總工程師。","",""
"450","071","cool","adj.","涼爽的","The room is cool and quiet.","房間涼爽又安靜。","",""
"450","071","expert","n.","專家","An expert will give a talk on trade.","一位專家將發表貿易方面的演講。","",""
"450","071","wave","n.","浪潮；波","A new wave of customers arrived.","新一波顧客湧入。","",""
"450","071","south","n.","南方","The hotel is in the south of the city.","飯店位於城市的南部。","",""
"450","071","labor","n.","勞動；勞工","Labor costs have increased.","勞動成本增加了。","",""
"450","071","surface","n.","表面","Clean the surface with a damp cloth.","請用濕布擦拭表面。","",""
"450","071","excellent","adj.","優秀的","The hotel offers excellent service.","這家飯店提供優質的服務。","",""
"450","071","edge","n.","邊緣；優勢","Our product has an edge over its rivals.","我們的產品比對手更有優勢。","",""
"450","071","camp","n.","營地","The firm runs a summer camp for children.","公司辦了一個兒童夏令營。","",""
"450","071","global","adj.","全球的","The firm has a global network.","公司有全球網絡。","",""
"450","071","struggle","v.","掙扎；努力","Many small firms struggle to survive.","許多小公司苦撐求生。","",""
"450","071","select","v.","選擇","Please select a date from the calendar.","請從日曆選一個日期。","",""
"450","071","surround","v.","環繞","Hills surround the hotel.","山丘環繞著這家飯店。","",""
"450","071","extent","n.","程度；範圍","The full extent of the damage is unknown.","損害的整體程度還不清楚。","",""
"450","071","river","n.","河流","The hotel overlooks the river.","飯店俯瞰著河流。","",""
"450","071","fully","adv.","完全地","The hotel is fully booked this weekend.","飯店這個週末完全客滿。","",""
"450","071","roll","n.","捲；名冊","Please sign the attendance roll.","請在出席名冊上簽名。","",""
"450","071","reality","n.","現實","The plan does not match reality.","這個計畫不符合現實。","",""
"450","071","photograph","n.","照片","Please attach a photograph to the form.","請在表格上附一張照片。","",""
"450","071","presence","n.","出席；存在","Your presence is requested at the meeting.","懇請你出席這場會議。","",""
"450","071","gas","n.","瓦斯；汽油","The gas bill is higher this month.","這個月的瓦斯費較高。","",""
"450","071","category","n.","類別","Please choose a category from the list.","請從清單中選一個類別。","",""
"450","071","defense","n.","防禦；辯護","The firm strengthened its cyber defense.","公司加強了網路防禦。","",""
"450","071","spread","v.","散布；擴散","The news spread quickly through the office.","消息很快在辦公室傳開。","",""
"450","071","scale","n.","規模；刻度","The firm plans to expand on a global scale.","公司打算在全球規模上擴張。","",""
"600","072","pet","n.","寵物","Pets are not allowed in the hotel.","飯店不准攜帶寵物。","",""
"600","072","textbook","n.","教科書","The textbook is available at the campus store.","教科書在校園商店有售。","",""
"600","072","accurately","adv.","準確地","Please record the figures accurately.","請準確記錄這些數字。","",""
"600","072","inspector","n.","檢查員","The inspector visits the plant every month.","檢查員每個月都會到工廠。","",""
"600","072","confirmation","n.","確認","You will receive a confirmation email.","你會收到一封確認郵件。","",""
"600","072","congratulation","n.","祝賀","She received a letter of congratulation on her promotion.","她收到一封祝賀她升遷的賀信。","",""
"600","072","graph","n.","圖表","The graph shows sales by month.","這張圖表顯示每月銷售。","",""
"600","072","taker","n.","接受者；參加者","Test takers must bring a photo ID.","考生必須攜帶附照片的身分證件。","",""
"600","072","utility","n.","公用事業","The utility company raised its rates.","公用事業公司調高了費率。","",""
"600","072","voucher","n.","禮券；憑證","Each guest receives a meal voucher.","每位賓客都會拿到餐券。","",""
"600","072","minimize","v.","減到最少","We aim to minimize delays.","我們的目標是把延誤減到最少。","",""
"600","072","paycheck","n.","薪水支票","Her paycheck arrives on the fifteenth.","她的薪水在十五號入帳。","",""
"600","072","protective","adj.","保護的","Workers must wear protective gear.","工人必須穿戴防護裝備。","",""
"600","072","seller","n.","賣方","The seller agreed to lower the price.","賣方同意降價。","",""
"600","072","sightsee","v.","觀光","We plan to sightsee after the meeting.","我們打算開完會後去觀光。","",""
"600","072","casual","adj.","休閒的","The dress code on Fridays is casual.","週五的服裝規定是休閒服。","",""
"600","072","drill","n.","演習；鑽孔機","There will be a fire drill at ten.","十點會有消防演習。","",""
"600","072","juice","n.","果汁","Fresh juice is served at breakfast.","早餐供應新鮮果汁。","",""
"600","072","popularity","n.","受歡迎程度","The product's popularity keeps growing.","這項產品的人氣持續成長。","",""
"600","072","disposal","n.","處理；可供使用","The disposal of waste is strictly regulated.","廢棄物的處理受到嚴格管制。","",""
"600","072","housekeeper","n.","房務員","The housekeeper cleans the rooms every morning.","房務員每天早上打掃房間。","",""
"600","072","knowledgeable","adj.","知識豐富的","The staff are friendly and knowledgeable.","員工親切又知識豐富。","",""
"600","072","organizer","n.","主辦者；整理者","The organizer of the event thanked the sponsors.","活動主辦人感謝贊助商。","",""
"600","072","prediction","n.","預測","The prediction proved correct.","這項預測證實是對的。","",""
"600","072","subscriber","n.","訂閱者","The magazine has fifty thousand subscribers.","這本雜誌有五萬訂閱者。","",""
"600","072","conditioner","n.","調節器；潤髮乳","The room has an air conditioner.","房間有冷氣。","",""
"600","072","frustrate","v.","使挫折","Long delays frustrate customers.","長時間的延誤讓顧客感到挫折。","",""
"600","072","garment","n.","服裝","The factory makes garments for export.","工廠製造出口服裝。","",""
"600","072","packet","n.","小包；封包","A packet of sugar comes with the coffee.","咖啡附一小包糖。","",""
"600","072","auto","n.","汽車","The auto industry is hiring engineers.","汽車業正在僱用工程師。","",""
"600","072","deduction","n.","扣除額","The tax deduction applies to travel costs.","差旅費可適用稅款扣除。","",""
"600","072","efficiently","adv.","有效率地","The new system works more efficiently.","新系統運作得更有效率。","",""
"600","072","flyer","n.","傳單","Flyers were handed out at the station.","傳單在車站發放。","",""
"600","072","pant","n.","褲子（常用複數）","The store sells work pants.","這家店賣工作褲。","",""
"600","072","profitable","adj.","有利可圖的","The new branch is already profitable.","新分店已經開始獲利。","",""
"600","072","showroom","n.","展示間","The car showroom is on the main street.","汽車展示間在大街上。","",""
"600","072","administrator","n.","行政人員","The administrator will send the schedule.","行政人員會寄出時程表。","",""
"600","072","jet","n.","噴射機","The firm owns a private jet.","公司擁有一架私人噴射機。","",""
"600","072","realistic","adj.","實際的","We need a realistic plan.","我們需要一個務實的計畫。","",""
"600","072","thoroughly","adv.","徹底地","The inspector checked the plant thoroughly.","檢查員徹底檢查了工廠。","",""
"600","072","trash","n.","垃圾","Please put trash in the bin.","請把垃圾丟進垃圾桶。","",""
"600","072","usage","n.","使用量","Water usage has fallen this year.","今年用水量下降了。","",""
"600","072","windy","adj.","多風的","It is cold and windy today.","今天又冷又多風。","",""
"600","072","automate","v.","使自動化","The firm plans to automate its billing.","公司打算讓帳務自動化。","",""
"600","072","instruct","v.","指示","Staff are instructed to wear badges.","員工被指示要配戴識別證。","",""
"600","072","loyal","adj.","忠誠的","The firm rewards its loyal customers.","公司回饋忠實顧客。","",""
"600","072","luncheon","n.","午宴","The luncheon starts at noon.","午宴中午開始。","",""
"600","072","microphone","n.","麥克風","Please speak into the microphone.","請對著麥克風說話。","",""
"600","072","spacious","adj.","寬敞的","The hotel rooms are spacious and bright.","飯店房間寬敞明亮。","",""
"600","072","accustom","v.","使習慣","Staff will soon accustom themselves to the system.","員工很快就會習慣這個系統。","",""
"600","073","desktop","n.","桌上型電腦","Each employee has a desktop and a laptop.","每位員工都有桌機和筆電。","",""
"600","073","jog","v.","慢跑","Staff jog in the park at lunchtime.","員工午休時在公園慢跑。","",""
"600","073","nap","n.","小睡","A short nap can improve your focus.","小睡一下可以提升專注力。","",""
"600","073","vacuum","v.","用吸塵器清潔","The cleaner will vacuum the carpet tonight.","清潔人員今晚會吸地毯。","",""
"600","073","yearly","adj.","每年的","The firm holds a yearly sales meeting.","公司每年舉辦一次業務會議。","",""
"600","073","appreciation","n.","感激","Please accept our appreciation for your help.","感謝你的協助。","",""
"600","073","distract","v.","使分心","Noise can distract staff from their work.","噪音會讓員工分心。","",""
"600","073","hourly","adj.","每小時的","The firm pays an hourly wage.","公司按時薪計酬。","",""
"600","073","laundry","n.","洗衣服務","The hotel offers a laundry service.","飯店提供洗衣服務。","",""
"600","073","mechanical","adj.","機械的","A mechanical fault stopped the line.","機械故障讓生產線停擺。","",""
"600","073","promotional","adj.","促銷的","The firm ran a promotional campaign.","公司推出了促銷活動。","",""
"600","073","quarterly","adj.","每季的","The firm publishes a quarterly report.","公司發布季報。","",""
"600","073","residential","adj.","住宅的","The area is mostly residential.","這個地區大多是住宅區。","",""
"600","073","seeker","n.","尋求者","Job seekers lined up outside the hall.","求職者在大廳外排隊。","",""
"600","073","temporarily","adv.","暫時地","The store is temporarily closed.","這家店暫時關閉。","",""
"600","073","unattended","adj.","無人看管的","Please do not leave bags unattended.","請勿讓行李無人看管。","",""
"600","073","afterward","adv.","之後","We will discuss the budget afterward.","我們之後再討論預算。","",""
"600","073","apology","n.","道歉","The firm issued a public apology.","公司發表了公開道歉。","",""
"600","073","boardroom","n.","董事會會議室","The meeting is in the boardroom.","會議在董事會會議室。","",""
"600","073","caterer","n.","外燴業者","The caterer will deliver lunch at noon.","外燴業者中午會送來午餐。","",""
"600","073","classify","v.","分類","Please classify the files by date.","請依日期將檔案分類。","",""
"600","073","consultation","n.","諮詢","The firm offers a free consultation.","公司提供免費諮詢。","",""
"600","073","glove","n.","手套","Workers must wear a glove on the left hand.","工人必須在左手戴手套。","",""
"600","073","patience","n.","耐心","Thank you for your patience.","感謝你的耐心。","",""
"600","073","postcard","n.","明信片","She sent a postcard from Tokyo.","她從東京寄了一張明信片。","",""
"600","073","strictly","adv.","嚴格地","Smoking is strictly prohibited here.","這裡嚴格禁止吸菸。","",""
"600","073","tomato","n.","番茄","The salad comes with fresh tomato.","沙拉附有新鮮番茄。","",""
"600","073","anytime","adv.","隨時","You can call me anytime.","你可以隨時打給我。","",""
"600","073","brake","n.","煞車","The mechanic checked the brake.","技師檢查了煞車。","",""
"600","073","calculation","n.","計算","The calculation shows a small profit.","計算結果顯示有小額利潤。","",""
"600","073","coordinator","n.","協調員","The event coordinator booked the venue.","活動協調人訂好了場地。","",""
"600","073","costly","adj.","昂貴的","The repair would be costly.","這項維修會很貴。","",""
"600","073","graphic","n.","圖表；圖像","The report includes a clear graphic.","報告附有清楚的圖表。","",""
"600","073","inexperience","n.","缺乏經驗","His inexperience caused some delays.","他缺乏經驗造成了一些延誤。","",""
"600","073","lengthy","adj.","冗長的","The meeting was lengthy.","會議非常冗長。","",""
"600","073","librarian","n.","圖書館員","Ask the librarian for help.","請向圖書館員求助。","",""
"600","073","meantime","n.","同時；其間","In the meantime, please wait here.","在這期間，請在這裡等候。","",""
"600","073","merge","v.","合併","The two firms plan to merge next year.","兩家公司打算明年合併。","",""
"600","073","performer","n.","表演者","The performer thanked the audience.","表演者向觀眾致謝。","",""
"600","073","pharmacist","n.","藥師","Ask the pharmacist about the dose.","請詢問藥師劑量。","",""
"600","073","pizza","n.","披薩","We ordered pizza for the team.","我們幫團隊訂了披薩。","",""
"600","073","reviewer","n.","審查員；評論者","The reviewer praised the design.","評論者稱讚了這個設計。","",""
"600","073","translation","n.","翻譯","A translation is attached to the contract.","合約附有翻譯本。","",""
"600","073","unfamiliar","adj.","不熟悉的","The software may be unfamiliar to new staff.","新進員工可能不熟悉這套軟體。","",""
"600","073","actress","n.","女演員","The actress will attend the premiere.","這位女演員將出席首映。","",""
"600","073","alternate","adj.","替代的；交替的","Please take an alternate route.","請走替代路線。","",""
"600","073","congratulate","v.","祝賀","We congratulate you on your success.","恭喜你成功。","",""
"600","073","escort","v.","護送","A guard will escort visitors to the office.","警衛會護送訪客到辦公室。","",""
"600","073","inexpensive","adj.","不貴的","The hotel is clean and inexpensive.","這家飯店乾淨又不貴。","",""
"600","073","purchaser","n.","買方","The purchaser must sign the receipt.","買方必須簽收收據。","",""
"600","074","purse","n.","女用皮包","She left her purse in the taxi.","她把皮包忘在計程車上。","",""
"600","074","realtor","n.","不動產經紀人","A realtor showed us three houses.","不動產經紀人帶我們看了三間房子。","",""
"600","074","rearrange","v.","重新安排","Please rearrange the chairs for the meeting.","請為會議重新排好椅子。","",""
"600","074","reopen","v.","重新開幕","The store will reopen in March.","這家店三月會重新開幕。","",""
"600","074","spokesperson","n.","發言人","The firm's spokesperson denied the rumor.","公司發言人否認了這個傳言。","",""
"600","074","superior","adj.","優越的","The product is superior to its rivals.","這項產品優於同類對手。","",""
"600","074","businessperson","n.","商務人士","The hotel caters to the busy businessperson.","這家飯店以忙碌的商務人士為對象。","",""
"600","074","considerably","adv.","相當多地","Prices have risen considerably.","價格已大幅上漲。","",""
"600","074","hobby","n.","嗜好","Photography is her favorite hobby.","攝影是她最愛的嗜好。","",""
"600","074","informal","adj.","非正式的","The meeting will be informal.","會議將很輕鬆非正式。","",""
"600","074","kilometer","n.","公里","The factory is five kilometers away.","工廠在五公里外。","",""
"600","074","microscope","n.","顯微鏡","The lab bought a new microscope.","實驗室買了一台新顯微鏡。","",""
"600","074","mislead","v.","誤導","The ad may mislead consumers.","這則廣告可能誤導消費者。","",""
"600","074","misplace","v.","放錯地方","I seem to have misplaced my badge.","我好像把識別證放丟了。","",""
"600","074","newsstand","n.","書報攤","You can buy the paper at the newsstand.","你可以在書報攤買到這份報紙。","",""
"600","074","rack","n.","架子","Coats are on the rack by the door.","大衣在門邊的架子上。","",""
"600","074","remodel","v.","改建","The firm will remodel its lobby.","公司將改建大廳。","",""
"600","074","tunnel","n.","隧道","The tunnel is closed for repairs.","隧道因維修而封閉。","",""
"600","074","unlimited","adj.","無限的","The plan includes unlimited data.","這個方案包含無限流量。","",""
"600","074","vitamin","n.","維他命","The drink is rich in vitamin C.","這款飲料富含維他命 C。","",""
"600","074","zoo","n.","動物園","The tour includes a visit to the zoo.","行程包含參觀動物園。","",""
"600","074","celebrity","n.","名人","A celebrity will open the new store.","一位名人將為新店剪綵。","",""
"600","074","disruption","n.","中斷；干擾","The strike caused major disruption.","罷工造成嚴重的中斷。","",""
"600","074","graduation","n.","畢業","Graduation is held in June.","畢業典禮在六月舉行。","",""
"600","074","icy","adj.","結冰的","The roads are icy this morning.","今天早上路面結冰。","",""
"600","074","irregular","adj.","不規則的","The machine makes an irregular noise.","機器發出不規則的噪音。","",""
"600","074","managerial","adj.","管理的","She has managerial experience.","她有管理經驗。","",""
"600","074","mineral","n.","礦物","The water is rich in minerals.","這種水富含礦物質。","",""
"600","074","motorcycle","n.","機車","He rides a motorcycle to work.","他騎機車上班。","",""
"600","074","necessity","n.","必需品","A car is a necessity in this area.","在這個地區，車子是必需品。","",""
"600","074","planner","n.","規劃者；行事曆","The event planner booked the hall.","活動規劃人訂了會場。","",""
"600","074","programmer","n.","程式設計師","The programmer fixed the bug.","程式設計師修好了錯誤。","",""
"600","074","remainder","n.","剩餘部分","The remainder of the budget will be saved.","預算剩下的部分會存起來。","",""
"600","074","steadily","adv.","穩定地","Sales have grown steadily.","銷售穩定成長。","",""
"600","074","stockholder","n.","股東","Stockholders will vote on the plan.","股東將就這項計畫投票。","",""
"600","074","closure","n.","關閉","The closure of the road caused delays.","道路封閉造成延誤。","",""
"600","074","dislike","v.","不喜歡","Many customers dislike the new layout.","許多顧客不喜歡新的配置。","",""
"600","074","ball","n.","球","The staff play with a ball at lunch.","員工午休時玩球。","",""
"600","074","cry","v.","哭；喊","The baby began to cry on the plane.","嬰兒在飛機上哭了起來。","",""
"600","074","introduction","n.","介紹","The introduction explains the purpose.","前言說明了目的。","",""
"600","074","headache","n.","頭痛；麻煩","Late shipments are a constant headache.","貨物延遲一直是個麻煩。","",""
"600","074","north","n.","北方","The hotel is in the north of the city.","飯店位於城市北部。","",""
"600","074","jam","n.","堵塞；果醬","A traffic jam delayed the bus.","塞車讓公車延誤。","",""
"600","074","senior","adj.","資深的","She is a senior engineer.","她是資深工程師。","",""
"600","074","nail","n.","釘子；指甲","Use a nail to hang the picture.","用釘子把畫掛起來。","",""
"600","074","transport","n.","運輸","Public transport is cheap and fast.","大眾運輸又便宜又快。","",""
"600","074","optimistic","adj.","樂觀的","We are optimistic about next year.","我們對明年很樂觀。","",""
"600","074","island","n.","島","The hotel is on a small island.","飯店位在一座小島上。","",""
"600","074","sleeve","n.","袖子","The shirt has short sleeves.","這件襯衫是短袖。","",""
"600","074","football","n.","足球；美式足球","The staff watched football together.","員工一起看了足球賽。","",""
"600","075","suburb","n.","郊區","The firm moved to a suburb of the city.","公司搬到了市郊。","",""
"600","075","left","adj.","左邊的","The restroom is on the left side of the hall.","洗手間在大廳的左側。","",""
"600","075","takeover","n.","收購","The takeover was announced in May.","收購案在五月公布。","",""
"600","075","solve","v.","解決","We need to solve this problem quickly.","我們需要快點解決這個問題。","",""
"600","075","unsure","adj.","不確定的","Staff were unsure about the new rule.","員工對新規定不確定。","",""
"600","075","technique","n.","技巧","The firm uses a new production technique.","公司使用新的生產技術。","",""
"600","075","improvement","n.","改進","There has been a big improvement in service.","服務有了大幅改進。","",""
"600","075","verbal","adj.","口頭的","A verbal agreement is not enough.","口頭協議是不夠的。","",""
"600","075","smoke","n.","煙","Please leave the building if you see smoke.","看到煙請離開大樓。","",""
"600","075","reaction","n.","反應","Customer reaction to the new design was positive.","顧客對新設計的反應是正面的。","",""
"600","075","lesson","n.","課程；教訓","The firm learned a valuable lesson.","公司學到了寶貴的一課。","",""
"600","075","brain","n.","大腦","Good sleep is important for the brain.","好的睡眠對大腦很重要。","",""
"600","075","absent","adj.","缺席的","Three staff were absent today.","今天有三位員工缺席。","",""
"600","075","funny","adj.","好笑的","The speaker told a funny story.","講者說了一個好笑的故事。","",""
"600","075","failure","n.","失敗；故障","A power failure delayed the show.","停電延誤了演出。","",""
"600","075","bottom","n.","底部","The price is shown at the bottom of the page.","價格顯示在頁面底部。","",""
"600","075","mountain","n.","山","The hotel has a view of the mountain.","飯店可以看到山景。","",""
"600","075","businessman","n.","商人","The businessman signed the deal in Tokyo.","這位商人在東京簽了交易。","",""
"600","075","hide","v.","隱藏","Do not hide any fees from customers.","不要對顧客隱瞞任何費用。","",""
"600","075","marriage","n.","婚姻","The firm offers leave for marriage.","公司提供婚假。","",""
"600","075","colorful","adj.","色彩繽紛的","The shop has a colorful display.","這家店有色彩繽紛的陳列。","",""
"600","075","repeat","v.","重複","Could you repeat the question?","你可以重複一次問題嗎？","",""
"600","075","costume","n.","服裝","Each guest wore a costume to the party.","每位賓客都穿著戲服參加派對。","",""
"600","075","equal","adj.","相等的","Everyone has an equal chance.","每個人都有均等的機會。","",""
"600","075","expression","n.","表達；表情","She used a common expression.","她用了一個常見的說法。","",""
"600","075","plus","prep.","加上","The price is fifty dollars plus tax.","價格是五十美元外加稅。","",""
"600","075","editorial","n.","社論","The editorial praised the plan.","這篇社論稱讚了這項計畫。","",""
"600","075","extremely","adv.","極度地","The room was extremely quiet.","房間極為安靜。","",""
"600","075","effectiveness","n.","有效性","We measure the effectiveness of the ad.","我們衡量廣告的有效性。","",""
"600","075","commercial","n.","廣告；商業的","The commercial aired during the game.","這支廣告在比賽期間播出。","",""
"600","075","lady","n.","女士","The lady at the desk will help you.","櫃台那位女士會協助你。","",""
"600","075","strength","n.","優勢；力量","Customer service is our greatest strength.","客戶服務是我們最大的優勢。","",""
"600","075","gasoline","n.","汽油","The price of gasoline rose again.","汽油價格又上漲了。","",""
"600","075","cultural","adj.","文化的","The city hosts a cultural festival.","這座城市舉辦文化節。","",""
"600","075","scheme","n.","計畫；方案","The firm launched a savings scheme.","公司推出了一項儲蓄方案。","",""
"600","075","inappropriate","adj.","不適當的","The remark was inappropriate.","那句話不恰當。","",""
"600","075","unfortunately","adv.","不幸地","Unfortunately, the item is out of stock.","很遺憾，這項商品缺貨。","",""
"600","075","bird","n.","鳥","A bird flew into the lobby.","一隻鳥飛進了大廳。","",""
"600","075","contribution","n.","貢獻；捐款","Thank you for your contribution.","感謝你的貢獻。","",""
"600","075","chapter","n.","章節","The first chapter explains the basics.","第一章說明基礎概念。","",""
"600","075","secret","n.","祕密","The recipe is a trade secret.","這個配方是商業機密。","",""
"600","075","lunchtime","n.","午餐時間","The store is busy at lunchtime.","這家店午餐時間很忙。","",""
"600","075","apparently","adv.","顯然；據說","Apparently, the meeting was postponed.","據說會議延期了。","",""
"600","075","union","n.","工會；聯盟","The union met with management.","工會與資方會面。","",""
"600","075","burn","v.","燃燒；灼傷","Be careful not to burn your hand.","小心別燙傷手。","",""
"600","075","pleasure","n.","榮幸；愉快","It is a pleasure to meet you.","很榮幸見到你。","",""
"600","075","suggestion","n.","建議","Please leave your suggestion in the box.","請把建議投入意見箱。","",""
"600","075","critical","adj.","關鍵的；批評的","Time is critical in this project.","時間對這個專案至關重要。","",""
"600","075","safely","adv.","安全地","Please drive safely.","請安全駕駛。","",""
"600","075","earth","n.","地球","The firm works to protect the earth.","公司致力於保護地球。","",""
"600","076","pop","v.","突然出現","A message will pop up when the file is saved.","檔案儲存時會跳出一則訊息。","",""
"600","076","simplify","v.","簡化","The new form will simplify the process.","新表格會簡化流程。","",""
"600","076","desire","n.","渴望","The firm has a strong desire to grow.","公司有強烈的成長意願。","",""
"600","076","specialty","n.","專長；特產","The restaurant's specialty is grilled fish.","這家餐廳的招牌是烤魚。","",""
"600","076","tech","n.","科技","The firm hires a lot of tech workers.","公司僱用許多科技人才。","",""
"600","076","employ","v.","僱用；使用","The firm employs about two hundred people.","公司僱用約兩百人。","",""
"600","076","unexpected","adj.","意外的","An unexpected delay changed our plans.","一個意外的延誤改變了我們的計畫。","",""
"600","076","beach","n.","海灘","The hotel is a short walk from the beach.","飯店離海灘只要走幾步路。","",""
"600","076","unspecified","adj.","未指明的","The meeting will be held at an unspecified time.","會議時間尚未指明。","",""
"600","076","powerful","adj.","強大的","The new engine is powerful and quiet.","新引擎強大又安靜。","",""
"600","076","crisis","n.","危機","The firm survived the financial crisis.","公司撐過了金融危機。","",""
"600","076","aid","n.","援助","The firm provides aid to local schools.","公司對當地學校提供援助。","",""
"600","076","clip","n.","夾子；片段","Use a clip to hold the pages together.","用夾子把紙頁夾在一起。","",""
"600","076","fresh","adj.","新鮮的","The market sells fresh fruit every day.","市場每天賣新鮮水果。","",""
"600","076","safety","n.","安全","Wear a helmet for your own safety.","為了自身安全請戴安全帽。","",""
"600","076","diner","n.","用餐者；小餐館","Each diner receives a free dessert.","每位用餐者都會得到一份免費甜點。","",""
"600","076","eager","adj.","渴望的","We are eager to hear your ideas.","我們渴望聽到你的想法。","",""
"600","076","divide","v.","分開","The report is divided into three parts.","報告分成三個部分。","",""
"600","076","economist","n.","經濟學家","An economist will speak at the conference.","一位經濟學家將在大會上演講。","",""
"600","076","investigation","n.","調查","The investigation will take two weeks.","調查將需要兩週。","",""
"600","076","embassy","n.","大使館","Visas are processed at the embassy.","簽證在大使館辦理。","",""
"600","076","fasten","v.","繫緊","Please fasten your seat belt.","請繫好安全帶。","",""
"600","076","obvious","adj.","明顯的","The answer is obvious.","答案很明顯。","",""
"600","076","jump","v.","跳；激增","Sales jump during the holidays.","假期期間銷售激增。","",""
"600","076","harmful","adj.","有害的","The product contains no harmful chemicals.","這項產品不含有害化學物質。","",""
"600","076","weapon","n.","武器","Guards check bags for any weapon.","警衛檢查包包有沒有任何武器。","",""
"600","076","relatively","adv.","相對地","The cost is relatively low.","成本相對較低。","",""
"600","076","informative","adj.","資訊豐富的","The seminar was very informative.","這場研討會資訊非常豐富。","",""
"600","076","district","n.","區域","The firm is in the business district.","公司位於商業區。","",""
"600","076","broad","adj.","廣泛的","The firm offers a broad range of services.","公司提供廣泛的服務。","",""
"600","076","tire","n.","輪胎","The mechanic changed the tire.","技師換了輪胎。","",""
"600","076","spring","n.","春天；泉水","Sales usually rise in spring.","銷售通常在春天上升。","",""
"600","076","spirit","n.","精神","The team has a strong spirit of cooperation.","團隊有強烈的合作精神。","",""
"600","076","locally","adv.","在當地","The ingredients are sourced locally.","食材都是在當地採購。","",""
"600","076","actual","adj.","實際的","The actual cost was higher than expected.","實際成本比預期高。","",""
"600","076","pool","n.","游泳池；資源庫","The hotel has a heated pool.","飯店有溫水游泳池。","",""
"600","076","battle","n.","戰役；鬥爭","The firm is in a battle for market share.","公司正在爭奪市占率。","",""
"600","076","tradition","n.","傳統","The firm follows a long tradition of quality.","公司秉持悠久的品質傳統。","",""
"600","076","opt","v.","選擇","Many customers opt for online payment.","許多顧客選擇線上付款。","",""
"600","076","parade","n.","遊行","A parade will pass through the city center.","遊行隊伍將經過市中心。","",""
"600","076","coach","n.","教練；長途巴士","The sales coach trains new staff.","業務教練訓練新進員工。","",""
"600","076","strange","adj.","奇怪的","The machine is making a strange noise.","機器發出奇怪的聲音。","",""
"600","076","code","n.","代碼；規範","Enter the code on your receipt.","請輸入收據上的代碼。","",""
"600","076","polish","v.","擦亮；潤飾","Please polish the report before sending it.","寄出前請潤飾一下報告。","",""
"600","076","possibly","adv.","可能","The meeting could possibly be postponed.","會議有可能會延期。","",""
"600","076","threat","n.","威脅","Rising costs are a threat to small firms.","成本上升對小公司是威脅。","",""
"600","076","accident","n.","意外","The accident caused a long delay.","這起意外造成長時間延誤。","",""
"600","076","impossible","adj.","不可能的","It is impossible to finish today.","今天不可能完成。","",""
"600","076","recreational","adj.","休閒的","The hotel offers recreational activities.","飯店提供休閒活動。","",""
"600","076","enable","v.","使能夠","The software enables staff to work remotely.","這套軟體讓員工能遠距工作。","",""
"600","077","rehearse","v.","排練","The team will rehearse the presentation tomorrow.","團隊明天會排練簡報。","",""
"600","077","afraid","adj.","害怕的；恐怕","I'm afraid the item is out of stock.","恐怕這項商品缺貨。","",""
"600","077","active","adj.","活躍的","The firm has an active customer community.","公司有活躍的顧客社群。","",""
"600","077","removal","n.","移除","The removal of old files frees up space.","刪除舊檔案可以釋出空間。","",""
"600","077","religious","adj.","宗教的","The hotel respects every religious holiday.","飯店尊重每一個宗教節日。","",""
"600","077","cancer","n.","癌症","The firm funds research on cancer.","公司資助癌症研究。","",""
"600","077","satisfactory","adj.","令人滿意的","The test results were satisfactory.","測試結果令人滿意。","",""
"600","077","sun","n.","太陽","The room gets a lot of sun in the morning.","房間早上陽光很充足。","",""
"600","077","separately","adv.","分別地","The items will be shipped separately.","商品會分開寄送。","",""
"600","077","healthy","adj.","健康的","The cafeteria serves healthy meals.","員工餐廳供應健康餐點。","",""
"600","077","blow","v.","吹；打擊","A strong wind began to blow.","強風開始吹起。","",""
"600","077","volume","n.","音量；數量","Please lower the volume of the music.","請把音樂音量調小。","",""
"600","077","unnecessary","adj.","不必要的","Avoid unnecessary expenses.","避免不必要的開銷。","",""
"600","077","proceed","v.","繼續進行","Please proceed to Gate 12.","請前往 12 號登機門。","",""
"600","077","accordingly","adv.","相應地","Please plan accordingly.","請據此做好規劃。","",""
"600","077","glad","adj.","高興的","We are glad to help.","我們很樂意幫忙。","",""
"600","077","apple","n.","蘋果","The firm supplies apples to local stores.","公司供應蘋果給當地商店。","",""
"600","077","whereas","conj.","然而（對比）","Sales rose in Asia, whereas they fell in Europe.","亞洲銷售上升，而歐洲下降。","",""
"600","077","opposite","adj.","相反的；對面的","The bank is opposite the station.","銀行就在車站對面。","",""
"600","077","stone","n.","石頭","The building is made of stone.","這棟建築是石頭建的。","",""
"600","077","sum","n.","總額","A large sum was spent on repairs.","維修花了一大筆錢。","",""
"600","077","murder","n.","謀殺","The film is about a murder.","這部電影談的是一樁謀殺案。","",""
"600","077","basement","n.","地下室","The files are kept in the basement.","檔案存放在地下室。","",""
"600","077","hate","v.","討厭","Customers hate waiting in line.","顧客討厭排隊。","",""
"600","077","egg","n.","蛋","Breakfast includes eggs and toast.","早餐包含蛋和吐司。","",""
"600","077","beforehand","adv.","事先","Please book beforehand.","請事先預訂。","",""
"600","077","concert","n.","音樂會","The firm sponsors a concert every summer.","公司每年夏天贊助一場音樂會。","",""
"600","077","shock","n.","震驚","The news came as a shock to staff.","這個消息讓員工震驚。","",""
"600","077","culinary","adj.","烹飪的","The hotel offers a culinary course.","飯店提供烹飪課程。","",""
"600","077","usual","adj.","平常的","We meet at the usual time.","我們在平常的時間碰面。","",""
"600","077","documentary","n.","紀錄片","The firm produced a documentary about its history.","公司製作了一部介紹歷史的紀錄片。","",""
"600","077","wine","n.","葡萄酒","The restaurant has a fine wine list.","這家餐廳有一份精選的葡萄酒單。","",""
"600","077","earthquake","n.","地震","The earthquake damaged several buildings.","地震損壞了幾棟建築。","",""
"600","077","elegant","adj.","優雅的","The hotel has an elegant lobby.","飯店有優雅的大廳。","",""
"600","077","excessive","adj.","過度的","Excessive noise is not allowed.","不允許過大的噪音。","",""
"600","077","totally","adv.","完全地","I totally agree with the plan.","我完全同意這個計畫。","",""
"600","077","generic","adj.","通用的；無品牌的","We sent a generic reply.","我們寄出了一份通用的回覆。","",""
"600","077","freedom","n.","自由","The job offers a lot of freedom.","這份工作很有自主性。","",""
"600","077","jazz","n.","爵士樂","Live jazz is played on Fridays.","週五有爵士樂現場演奏。","",""
"600","077","dear","adj.","親愛的","Dear Ms. Lin, thank you for your letter.","親愛的林小姐，謝謝您的來信。","",""
"600","077","lifetime","n.","一生；壽命","The product has a lifetime warranty.","這項產品享有終身保固。","",""
"600","077","moreover","adv.","此外","The plan is cheap; moreover, it is fast.","這個計畫便宜，而且很快。","",""
"600","077","massage","n.","按摩","The hotel spa offers massage.","飯店水療中心提供按摩。","",""
"600","077","onto","prep.","到…之上","Please load the boxes onto the truck.","請把箱子裝到卡車上。","",""
"600","077","historical","adj.","歷史的","The hotel is in a historical building.","飯店位在一棟歷史建築裡。","",""
"600","077","maximize","v.","使最大化","We aim to maximize profit.","我們的目標是讓利潤最大化。","",""
"600","077","mild","adj.","溫和的","The weather is mild in spring.","春天天氣溫和。","",""
"600","077","vehicle","n.","車輛","Vehicles may not park here.","車輛不得在此停放。","",""
"600","077","bind","v.","綁；約束","The contract will bind both parties.","合約將約束雙方。","",""
"600","077","belong","v.","屬於","These files belong to the finance team.","這些檔案屬於財務團隊。","",""
"600","078","periodically","adv.","定期地","The system is checked periodically.","系統會定期檢查。","",""
"600","078","taste","n.","味道；品味","The soup has a rich taste.","這道湯味道濃郁。","",""
"600","078","tonight","adv.","今晚","The dinner will be held tonight at seven.","晚宴將在今晚七點舉行。","",""
"600","078","pie","n.","派","The cafe sells apple pie.","這間咖啡廳賣蘋果派。","",""
"600","078","fashion","n.","時尚","The firm sells fashion accessories.","公司販售時尚配件。","",""
"600","078","danger","n.","危險","Please keep out of danger.","請遠離危險。","",""
"600","078","plug","n.","插頭","Please plug the cord into the socket.","請把電線插進插座。","",""
"600","078","bomb","n.","炸彈","The airport was closed after a bomb threat.","機場在炸彈威脅後關閉。","",""
"600","078","army","n.","軍隊","The firm supplies food to the army.","公司供應軍隊食品。","",""
"600","078","recruitment","n.","招募","The recruitment of new staff begins in May.","新人招募五月開始。","",""
"600","078","hurt","v.","受傷；傷害","No one was hurt in the accident.","這起事故沒有人受傷。","",""
"600","078","referee","n.","裁判","The referee stopped the game.","裁判中止了比賽。","",""
"600","078","editor","n.","編輯","The editor checked the article.","編輯審閱了這篇文章。","",""
"600","078","referral","n.","轉介；推薦","Many new clients come by referral.","許多新客戶是經由推薦來的。","",""
"600","078","normally","adv.","通常","The store normally opens at nine.","這家店通常九點開門。","",""
"600","078","sight","n.","視力；景點","The tower is a famous sight in the city.","這座塔是城裡著名的景點。","",""
"600","078","renown","n.","名聲","The firm is a company of great renown.","這是一家聲譽卓著的公司。","",""
"600","078","runner","n.","跑者","A runner stopped at the booth for water.","一位跑者在攤位停下來喝水。","",""
"600","078","deny","v.","否認","The firm denied the claim.","公司否認了這項說法。","",""
"600","078","sock","n.","襪子","The store sells socks and gloves.","這家店賣襪子和手套。","",""
"600","078","bedroom","n.","臥室","The apartment has two bedrooms.","這間公寓有兩間臥室。","",""
"600","078","spam","n.","垃圾郵件","The filter blocks spam.","過濾器會擋掉垃圾郵件。","",""
"600","078","quote","n.","報價；引文","Please send us a quote for the work.","請寄給我們這項工作的報價。","",""
"600","078","climb","v.","攀爬；上升","Prices continue to climb.","價格持續攀升。","",""
"600","078","surf","v.","瀏覽；衝浪","Staff may not surf the web during meetings.","開會時員工不得上網閒逛。","",""
"600","078","basically","adv.","基本上","The plan is basically ready.","計畫基本上準備好了。","",""
"600","078","violence","n.","暴力","The firm has a zero-tolerance policy on violence.","公司對暴力採零容忍政策。","",""
"600","078","minister","n.","部長","The minister opened the new factory.","部長為新工廠揭幕。","",""
"600","078","mainly","adv.","主要地","The firm sells mainly to schools.","公司主要賣給學校。","",""
"600","078","vase","n.","花瓶","A vase of flowers sits on the desk.","桌上放著一只花瓶。","",""
"600","078","mouth","n.","嘴巴","The hotel is at the mouth of the river.","飯店位於河口。","",""
"600","078","noise","n.","噪音","The noise from the street is loud.","街上的噪音很大。","",""
"600","078","manner","n.","方式；態度","She spoke in a polite manner.","她說話的態度很有禮貌。","",""
"600","078","aboard","adv.","在（船／飛機）上","Welcome aboard flight 308.","歡迎搭乘 308 號班機。","",""
"600","078","gun","n.","槍","Guns are not allowed in the building.","大樓內禁止攜帶槍械。","",""
"600","078","square","n.","廣場；正方形","The hotel is next to the main square.","飯店就在主廣場旁邊。","",""
"600","078","advancement","n.","晉升；進步","The firm offers good career advancement.","公司提供良好的職涯晉升機會。","",""
"600","078","familiar","adj.","熟悉的","Are you familiar with this software?","你熟悉這套軟體嗎？","",""
"600","078","advertiser","n.","廣告主","The advertiser paid for a full page.","廣告主買下整版版面。","",""
"600","078","destroy","v.","摧毀","The fire destroyed the warehouse.","大火燒毀了倉庫。","",""
"600","078","alternatively","adv.","或者","Alternatively, you can pay by card.","或者你可以刷卡付款。","",""
"600","078","affair","n.","事務；事件","The firm handles all legal affairs.","公司處理所有法律事務。","",""
"600","078","civil","adj.","公民的；民事的","The case is a civil matter.","這個案子是民事案件。","",""
"600","078","amuse","v.","逗樂","The clown will amuse the children.","小丑會逗孩子們開心。","",""
"600","078","citizen","n.","公民","Citizens may enter without a visa.","公民入境不需簽證。","",""
"600","078","gold","n.","黃金","The firm sells gold jewelry.","公司販售黃金首飾。","",""
"600","078","belief","n.","信念","It is our belief that quality matters most.","我們相信品質最重要。","",""
"600","078","troop","n.","部隊；一群","A troop of students visited the factory.","一群學生參觀了工廠。","",""
"600","078","technical","adj.","技術的","Call our technical support for help.","請撥打技術支援尋求協助。","",""
"600","078","candy","n.","糖果","The shop sells candy and snacks.","這家店賣糖果和零食。","",""
"600","079","certify","v.","證明；認證","The lab will certify the quality of the product.","實驗室會認證這項產品的品質。","",""
"600","079","skin","n.","皮膚","The soap is gentle on the skin.","這種肥皂對皮膚很溫和。","",""
"600","079","prison","n.","監獄","The firm donates books to the prison library.","公司捐書給監獄圖書館。","",""
"600","079","switch","v.","切換","You can switch to a different plan at any time.","你隨時可以換成別的方案。","",""
"600","079","chemistry","n.","化學","She studied chemistry at university.","她在大學讀化學。","",""
"600","079","fairly","adv.","相當；公平地","The firm treats all staff fairly.","公司公平對待所有員工。","",""
"600","079","wood","n.","木頭","The furniture is made of solid wood.","這些家具是實木製的。","",""
"600","079","tough","adj.","艱難的；堅韌的","It was a tough year for retailers.","對零售商來說這是艱難的一年。","",""
"600","079","tear","v.","撕裂","Be careful not to tear the paper.","小心別把紙撕破。","",""
"600","079","border","n.","邊界","The goods crossed the border yesterday.","貨物昨天通過了邊界。","",""
"600","079","shake","v.","搖；握手","They shook hands to seal the deal.","他們握手敲定交易。","",""
"600","079","consistently","adv.","一貫地","The firm consistently meets its targets.","公司一貫達成目標。","",""
"600","079","assessment","n.","評估","An assessment of the damage is underway.","損害評估正在進行。","",""
"600","079","shoe","n.","鞋","The store sells running shoes.","這家店賣跑鞋。","",""
"600","079","cookie","n.","餅乾；網站 cookie","Cookies are served with the coffee.","咖啡附有餅乾。","",""
"600","079","ought","v.","應該","You ought to check the figures again.","你應該再核對一次數字。","",""
"600","079","ad","n.","廣告","The ad appeared in several magazines.","這則廣告刊登在好幾本雜誌上。","",""
"600","079","deck","n.","甲板；平台","Guests can relax on the deck.","賓客可以在甲板上放鬆。","",""
"600","079","hall","n.","大廳；禮堂","The conference will be held in the main hall.","大會將在主禮堂舉行。","",""
"600","079","descriptive","adj.","描述性的","The brochure has a descriptive text.","這本手冊有描述性的文字。","",""
"600","079","escape","v.","逃離","Staff should know where to escape in a fire.","員工應該知道火災時往哪裡逃生。","",""
"600","079","detach","v.","拆開；分離","Please detach the form and return it.","請撕下表格交回。","",""
"600","079","studio","n.","工作室；攝影棚","The firm rents a studio downtown.","公司在市中心租了一間工作室。","",""
"600","079","proper","adj.","適當的","Please use the proper tools.","請使用適當的工具。","",""
"600","079","relax","v.","放鬆","Guests can relax in the garden.","賓客可以在花園裡放鬆。","",""
"600","079","documentation","n.","文件資料","Please submit the full documentation.","請提交完整的文件資料。","",""
"600","079","exceptional","adj.","傑出的","She gave exceptional service.","她提供了傑出的服務。","",""
"600","079","suspect","v.","懷疑","We suspect an error in the report.","我們懷疑報告有誤。","",""
"600","079","familiarize","v.","使熟悉","New staff will familiarize themselves with the system.","新進員工會熟悉這個系統。","",""
"600","079","description","n.","描述","Please read the job description.","請閱讀職務說明。","",""
"600","079","confidence","n.","信心","Customers have confidence in the brand.","顧客對這個品牌有信心。","",""
"600","079","hotline","n.","專線","Call our hotline for help.","請撥打我們的專線尋求協助。","",""
"600","079","intonation","n.","語調","Good intonation makes speech clearer.","良好的語調讓說話更清楚。","",""
"600","079","error","n.","錯誤","An error occurred while saving the file.","儲存檔案時發生錯誤。","",""
"600","079","arrest","v.","逮捕","Police arrested the suspect.","警方逮捕了嫌犯。","",""
"600","079","invention","n.","發明","The invention changed the industry.","這項發明改變了這個產業。","",""
"600","079","irritate","v.","惹惱","Delays irritate customers.","延誤會惹惱顧客。","",""
"600","079","locker","n.","置物櫃","Please leave your bag in a locker.","請把包包放在置物櫃裡。","",""
"600","079","finger","n.","手指","Please do not touch the screen with wet fingers.","請不要用濕手指碰螢幕。","",""
"600","079","explore","v.","探索","We want to explore new markets.","我們想開拓新市場。","",""
"600","079","necessarily","adv.","必然地","The cheapest option is not necessarily the best.","最便宜的選項不一定最好。","",""
"600","079","payable","adj.","應付的","The fee is payable on arrival.","費用於抵達時支付。","",""
"600","079","frame","n.","框架","The picture hangs in a wooden frame.","這幅畫掛在木框裡。","",""
"600","079","slowly","adv.","緩慢地","Please speak slowly and clearly.","請說慢一點、說清楚。","",""
"600","079","salesman","n.","業務員","The salesman showed us the new model.","業務員展示了新款。","",""
"600","079","hole","n.","洞","There is a hole in the road.","路上有個洞。","",""
"600","079","sauna","n.","三溫暖","The hotel has a sauna on the top floor.","飯店頂樓有三溫暖。","",""
"600","079","tie","n.","領帶；平手","Men are required to wear a tie.","男士需打領帶。","",""
"600","079","internal","adj.","內部的","This is an internal document.","這是內部文件。","",""
"600","079","chain","n.","連鎖店；鏈條","The firm owns a chain of hotels.","公司擁有連鎖飯店。","",""
"600","080","smoothly","adv.","順利地","The launch went smoothly.","產品上市進行得很順利。","",""
"600","080","victim","n.","受害者","The firm offers help to victims of the flood.","公司協助水災受害者。","",""
"600","080","sunshine","n.","陽光","The hotel has plenty of sunshine in summer.","飯店夏天陽光充足。","",""
"600","080","threaten","v.","威脅","Rising costs threaten small firms.","成本上升威脅到小公司。","",""
"600","080","division","n.","部門；分割","She leads the sales division.","她主管業務部門。","",""
"600","080","tow","v.","拖吊","Illegally parked cars will be towed.","違規停放的車輛會被拖吊。","",""
"600","080","amaze","v.","使驚訝","The speed of the service will amaze you.","服務的速度會讓你驚訝。","",""
"600","080","translator","n.","翻譯員","A translator will help at the meeting.","會議上會有翻譯員協助。","",""
"600","080","birth","n.","出生","Please state your date of birth.","請填寫你的出生日期。","",""
"600","080","root","n.","根源","We need to find the root of the problem.","我們需要找出問題的根源。","",""
"600","080","factory","n.","工廠","The factory employs three hundred workers.","這間工廠僱用三百名工人。","",""
"600","080","channel","n.","頻道；管道","The firm sells through several channels.","公司透過多個管道銷售。","",""
"600","080","webpage","n.","網頁","The webpage loads very slowly.","這個網頁載入很慢。","",""
"600","080","recommendation","n.","推薦；建議","Please follow our recommendation.","請依照我們的建議。","",""
"600","080","rank","n.","排名","The firm holds the top rank in sales.","公司在銷售上排名第一。","",""
"600","080","acceptance","n.","接受","Please confirm your acceptance by Friday.","請在週五前確認你接受。","",""
"600","080","typical","adj.","典型的","This is a typical day at the office.","這是辦公室裡典型的一天。","",""
"600","080","west","n.","西方","The firm has a new branch in the west.","公司在西部有一間新分店。","",""
"600","080","friendly","adj.","友善的","The staff are friendly and helpful.","員工友善又樂於助人。","",""
"600","080","resident","n.","居民","Residents may park here for free.","居民可以在此免費停車。","",""
"600","080","plenty","n.","大量","There is plenty of time left.","還有很多時間。","",""
"600","080","entirely","adv.","完全地","The report is entirely accurate.","這份報告完全正確。","",""
"600","080","strongly","adv.","強烈地","We strongly recommend booking early.","我們強烈建議提早預訂。","",""
"600","080","classmate","n.","同學","She met her classmate at the conference.","她在大會上遇到了同學。","",""
"600","080","moral","adj.","道德的","The firm has a moral duty to staff.","公司對員工有道德責任。","",""
"600","080","combination","n.","組合","The package is a combination of flight and hotel.","這個套裝是機票加飯店的組合。","",""
"600","080","abuse","n.","濫用","The system prevents abuse.","這個系統能防止濫用。","",""
"600","080","correction","n.","更正","Please make the correction and resend it.","請更正後重新寄出。","",""
"600","080","ice","n.","冰","Drinks are served with ice.","飲料附冰塊。","",""
"600","080","definitely","adv.","絕對","We will definitely attend.","我們絕對會出席。","",""
"600","080","dedication","n.","奉獻","We thank you for your dedication.","感謝你的奉獻。","",""
"600","080","diagnose","v.","診斷","The technician will diagnose the fault.","技術人員會診斷故障。","",""
"600","080","nevertheless","adv.","儘管如此","It was costly; nevertheless, we went ahead.","雖然很貴，我們還是照做。","",""
"600","080","protection","n.","保護","The policy offers full protection.","這份保險提供完整的保障。","",""
"600","080","largely","adv.","大部分","The delay was largely due to weather.","延誤大多是因為天氣。","",""
"600","080","dishwasher","n.","洗碗機","The kitchen has a new dishwasher.","廚房有一台新洗碗機。","",""
"600","080","wed","v.","結婚","They plan to wed next summer.","他們打算明年夏天結婚。","",""
"600","080","shot","n.","射擊；鏡頭","The photographer took a great shot.","攝影師拍了一張很棒的照片。","",""
"600","080","appearance","n.","外觀；出現","The firm improved the appearance of its lobby.","公司改善了大廳的外觀。","",""
"600","080","economize","v.","節約","The firm needs to economize on travel.","公司需要節省差旅開銷。","",""
"600","080","reasonable","adj.","合理的","The price is reasonable.","價格很合理。","",""
"600","080","till","prep.","直到","The shop is open till nine.","這家店營業到九點。","",""
"600","080","theme","n.","主題","The theme of the conference is innovation.","大會的主題是創新。","",""
"600","080","judgment","n.","判斷","Please use your best judgment.","請自行做出最佳判斷。","",""
"600","080","firework","n.","煙火","The festival ends with a firework show.","節慶以煙火秀作結。","",""
"600","080","odd","adj.","奇怪的；奇數的","The machine makes an odd noise.","機器發出奇怪的聲音。","",""
"600","080","definition","n.","定義","The definition is given at the end of the report.","定義列在報告的最後。","",""
"600","080","fry","v.","油炸","The chef will fry the fish in oil.","主廚會把魚用油炸。","",""
"600","080","elect","v.","選出","The board will elect a new chairperson.","董事會將選出新的董事長。","",""
"600","080","atmosphere","n.","氣氛；大氣","The restaurant has a warm atmosphere.","這家餐廳氣氛溫馨。","",""
"600","081","gallon","n.","加侖","The tank holds fifty gallons of water.","水箱可裝五十加侖的水。","",""
"600","081","comparison","n.","比較","The table makes a comparison of prices.","這張表比較了各項價格。","",""
"600","081","gardener","n.","園丁","The gardener waters the plants every morning.","園丁每天早上替植物澆水。","",""
"600","081","characteristic","n.","特徵","Reliability is a key characteristic of the product.","可靠是這項產品的主要特徵。","",""
"600","081","rely","v.","依賴","Many firms rely on a single supplier.","許多公司依賴單一供應商。","",""
"600","081","ideally","adv.","理想上","Ideally, the work should be finished by Friday.","理想上，工作應該在週五前完成。","",""
"600","081","narrow","adj.","狹窄的","The road is too narrow for trucks.","這條路對卡車來說太窄。","",""
"600","081","inclusive","adj.","包含的","The price is inclusive of tax.","價格含稅。","",""
"600","081","insufficient","adj.","不足的","Funds are insufficient for the project.","資金不足以支應這個專案。","",""
"600","081","seriously","adv.","認真地；嚴重地","Please take the warning seriously.","請認真看待這項警告。","",""
"600","081","introductory","adj.","入門的；介紹性的","Join us for an introductory session.","歡迎參加入門說明會。","",""
"600","081","wild","adj.","野生的；瘋狂的","The park protects wild animals.","公園保護野生動物。","",""
"600","081","junk","n.","垃圾；雜物","Please clear the junk from the hallway.","請把走廊上的雜物清掉。","",""
"600","081","association","n.","協會","She is a member of the trade association.","她是這個同業公會的會員。","",""
"600","081","ma'am","n.","女士（敬稱）","Can I help you, ma'am?","女士，需要幫忙嗎？","",""
"600","081","mileage","n.","里程數","The car has low mileage.","這輛車的里程數很低。","",""
"600","081","lovely","adj.","可愛的；很棒的","It was a lovely dinner.","那是一頓很棒的晚餐。","",""
"600","081","soft","adj.","柔軟的","The towels are soft and thick.","這些毛巾柔軟又厚實。","",""
"600","081","youth","n.","青少年","The firm runs programs for local youth.","公司為當地青少年辦活動。","",""
"600","081","lock","v.","鎖上","Please lock the door when you leave.","離開時請鎖門。","",""
"600","081","pasta","n.","義大利麵","The restaurant is famous for its pasta.","這家餐廳以義大利麵聞名。","",""
"600","081","employment","n.","就業；僱用","The firm offers full-time employment.","公司提供全職工作。","",""
"600","081","periodical","n.","期刊","The library has a wide range of periodicals.","圖書館有各式各樣的期刊。","",""
"600","081","sexual","adj.","性的","Sexual harassment is not tolerated here.","這裡不容許性騷擾。","",""
"600","081","shoulder","n.","肩膀","She carried a bag on her shoulder.","她肩上背著一個包包。","",""
"600","081","pill","n.","藥丸","Take one pill after each meal.","每餐後服用一顆藥。","",""
"600","081","breath","n.","呼吸","Take a deep breath before you speak.","開口前先深呼吸。","",""
"600","081","portable","adj.","可攜式的","The firm sells portable chargers.","公司販售可攜式充電器。","",""
"600","081","ourselves","pron.","我們自己","We organized the event ourselves.","我們自己籌辦了這場活動。","",""
"600","081","sheet","n.","紙張；床單","Please sign the sheet at the door.","請在門口簽名單上簽名。","",""
"600","081","recreation","n.","休閒","The hotel has a recreation center.","飯店有休閒中心。","",""
"600","081","cast","n.","演員陣容","The cast attended the premiere.","演員陣容出席了首映。","",""
"600","081","relieve","v.","減輕","The medicine will relieve the pain.","這種藥能減輕疼痛。","",""
"600","081","conservative","adj.","保守的","The firm takes a conservative approach.","公司採取保守的做法。","",""
"600","081","journey","n.","旅程","The journey takes about three hours.","這趟旅程大約要三小時。","",""
"600","081","opposition","n.","反對","There was strong opposition to the plan.","這項計畫遭到強烈反對。","",""
"600","081","relief","n.","寬慰；救濟","It was a relief to hear the good news.","聽到好消息真令人寬慰。","",""
"600","081","rumor","n.","謠言","There is a rumor about layoffs.","有關於裁員的謠言。","",""
"600","081","honor","n.","榮譽","It is an honor to speak here today.","今天能在這裡演講是我的榮幸。","",""
"600","081","scarf","n.","圍巾","She wore a silk scarf.","她戴著一條絲巾。","",""
"600","081","blame","v.","責怪","Do not blame the new staff for the error.","不要為了這個錯誤責怪新進員工。","",""
"600","081","explanation","n.","解釋","Please give a clear explanation.","請給出清楚的解釋。","",""
"600","081","seaside","n.","海邊","The hotel is at the seaside.","飯店位於海邊。","",""
"600","081","arise","v.","出現","Problems may arise during the trip.","旅途中可能會出現問題。","",""
"600","081","musical","adj.","音樂的","The firm sells musical instruments.","公司販售樂器。","",""
"600","081","shorten","v.","縮短","The new road will shorten the trip.","新路會縮短行程。","",""
"600","081","dad","n.","爸爸","Her dad runs a small shop.","她爸爸經營一家小店。","",""
"600","081","specially","adv.","特別地","The room was specially designed for meetings.","這個房間是專為會議設計的。","",""
"600","081","stretch","v.","伸展；延伸","The road stretches along the coast.","這條路沿著海岸延伸。","",""
"600","081","declare","v.","宣告；申報","Please declare any goods at customs.","請在海關申報任何物品。","",""
"600","082","spill","v.","灑出","Please clean up any spill at once.","任何灑出的東西請立刻清理。","",""
"600","082","tiny","adj.","極小的","The room is tiny but comfortable.","房間很小但很舒適。","",""
"600","082","spouse","n.","配偶","Employees may bring a spouse to the dinner.","員工可以帶配偶參加晚宴。","",""
"600","082","native","adj.","母語的；本地的","She is a native speaker of English.","她的母語是英語。","",""
"600","082","subtract","v.","減去","Subtract the discount from the total.","從總額中扣除折扣。","",""
"600","082","ton","n.","噸","The truck carries ten tons of goods.","這輛卡車載運十噸貨物。","",""
"600","082","terrible","adj.","糟糕的","The weather was terrible all week.","整個星期天氣都很糟。","",""
"600","082","researcher","n.","研究人員","Researchers tested the new design.","研究人員測試了新設計。","",""
"600","082","vend","v.","販賣","The machine will vend hot drinks.","這台機器販售熱飲。","",""
"600","082","ordinary","adj.","普通的","It was an ordinary day at the office.","那是辦公室裡平凡的一天。","",""
"600","082","selection","n.","選擇；精選","The store has a wide selection of shoes.","這家店有各式各樣的鞋可選。","",""
"600","082","yoga","n.","瑜伽","The firm offers a yoga class at lunch.","公司在午休時間開瑜伽課。","",""
"600","082","mental","adj.","心理的","Mental health is an important issue.","心理健康是個重要議題。","",""
"600","082","accent","n.","口音","She speaks English with a slight accent.","她說英語帶有一點口音。","",""
"600","082","personality","n.","個性","She has a friendly personality.","她個性友善。","",""
"600","082","advisory","n.","公告；諮詢的","A travel advisory was issued for the region.","針對該地區發布了旅遊警示。","",""
"600","082","specifically","adv.","明確地","The email specifically mentions the deadline.","郵件明確提到了截止日。","",""
"600","082","fat","adj.","胖的；厚的","The report is a fat file of data.","這份報告是一大疊厚厚的資料。","",""
"600","082","asleep","adj.","睡著的","Passengers were asleep during the flight.","乘客在飛行途中睡著了。","",""
"600","082","fellow","n.","同伴；同儕","She thanked her fellow members.","她感謝了她的同儕會員。","",""
"600","082","chemical","n.","化學物質","The factory stores chemicals safely.","工廠安全存放化學物質。","",""
"600","082","capture","v.","捕捉","The photo captures the mood of the event.","這張照片捕捉了活動的氣氛。","",""
"600","082","carton","n.","紙盒","Please store the milk in a carton.","請把牛奶存放在紙盒裡。","",""
"600","082","chairman","n.","董事長","The chairman opened the meeting.","董事長宣布開會。","",""
"600","082","ear","n.","耳朵","Please keep one ear on the phone.","請留意一下電話。","",""
"600","082","disappear","v.","消失","The files seemed to disappear from the drive.","檔案似乎從硬碟裡消失了。","",""
"600","082","shout","v.","大喊","Please do not shout in the library.","請不要在圖書館大喊。","",""
"600","082","yard","n.","院子；碼","The warehouse has a large yard.","倉庫有一個大院子。","",""
"600","082","constant","adj.","持續的","There is a constant need for new staff.","持續有招聘新人的需求。","",""
"600","082","conveniently","adv.","方便地","The hotel is conveniently located near the station.","飯店位置方便，就在車站附近。","",""
"600","082","hill","n.","山丘","The hotel sits on a hill.","飯店坐落在山丘上。","",""
"600","082","cosmetic","n.","化妝品","The firm sells cosmetic products.","公司販售化妝品。","",""
"600","082","intelligence","n.","智慧；情報","Artificial intelligence is changing the industry.","人工智慧正在改變這個產業。","",""
"600","082","ideal","adj.","理想的","The hotel is ideal for business travelers.","這家飯店最適合商務旅客。","",""
"600","082","folk","n.","人們；民間的","Local folk welcomed the visitors.","當地人歡迎了訪客。","",""
"600","082","surely","adv.","必定","Surely there is a better way.","一定有更好的辦法。","",""
"600","082","creativity","n.","創意","The job requires creativity.","這份工作需要創意。","",""
"600","082","cat","n.","貓","The hotel allows a cat in some rooms.","飯店有些房間允許帶貓。","",""
"600","082","disagreement","n.","意見不合","There was a disagreement about the budget.","大家對預算意見不合。","",""
"600","082","somewhat","adv.","有點","The room was somewhat small.","房間有點小。","",""
"600","082","kiss","n.","親吻","They greeted each other with a kiss on the cheek.","他們互相親吻臉頰問候。","",""
"600","082","disappointment","n.","失望","The delay was a disappointment to everyone.","延誤讓大家都很失望。","",""
"600","082","joint","adj.","共同的","The two firms signed a joint agreement.","兩家公司簽了共同協議。","",""
"600","082","dissatisfy","v.","使不滿","Slow service may dissatisfy customers.","服務緩慢可能讓顧客不滿。","",""
"600","082","poll","n.","民意調查","A poll shows strong support for the plan.","民調顯示這項計畫獲得強烈支持。","",""
"600","082","weak","adj.","弱的","The firm reported weak sales.","公司公布了疲弱的銷售。","",""
"600","082","enjoyable","adj.","愉快的","It was an enjoyable evening.","那是個愉快的夜晚。","",""
"600","082","faith","n.","信心；信仰","Customers have faith in the brand.","顧客對這個品牌有信心。","",""
"600","082","reduction","n.","減少","The firm announced a price reduction.","公司宣布降價。","",""
"600","082","bore","v.","使無聊","Long speeches bore the audience.","冗長的演說讓聽眾覺得無聊。","",""
"600","083","foreman","n.","領班","The foreman checked the site every morning.","領班每天早上巡視工地。","",""
"600","083","somehow","adv.","不知怎麼地","Somehow, the file was deleted.","不知怎麼地，檔案被刪掉了。","",""
"600","083","tone","n.","語氣；音調","Please use a polite tone in emails.","寫電子郵件請用有禮貌的語氣。","",""
"600","083","neighborhood","n.","社區；鄰近地區","The hotel is in a quiet neighborhood.","飯店位於安靜的社區。","",""
"600","083","forum","n.","論壇","The firm hosts an online forum for customers.","公司為顧客設有線上論壇。","",""
"600","083","justice","n.","正義；司法","The firm supports access to justice.","公司支持人人都能接近司法。","",""
"600","083","thin","adj.","薄的；瘦的","The laptop is thin and light.","這台筆電又薄又輕。","",""
"600","083","fundraise","v.","募款","The staff fundraise for local schools.","員工為當地學校募款。","",""
"600","083","rush","n.","匆忙；高峰","Avoid the rush hour if you can.","可以的話請避開尖峰時段。","",""
"600","083","graphics","n.","圖形","The report has clear graphics.","報告的圖形很清楚。","",""
"600","083","religion","n.","宗教","The firm welcomes staff of any religion.","公司歡迎任何宗教的員工。","",""
"600","083","handy","adj.","方便的；有用的","The tool is small and handy.","這個工具小巧又方便。","",""
"600","083","latter","adj.","後者的","Of the two plans, I prefer the latter.","兩個計畫之中，我比較喜歡後者。","",""
"600","083","ban","v.","禁止","The city will ban cars from the center.","市政府將禁止汽車進入市中心。","",""
"600","083","steal","v.","偷","Someone tried to steal the laptop.","有人試圖偷走筆電。","",""
"600","083","healthcare","n.","醫療保健","The firm offers excellent healthcare.","公司提供優質的醫療保健。","",""
"600","083","protest","n.","抗議","Staff held a protest outside the office.","員工在辦公室外舉行抗議。","",""
"600","083","index","n.","索引；指數","The index at the back lists all topics.","書後的索引列出所有主題。","",""
"600","083","humidity","n.","濕度","High humidity can damage the equipment.","高濕度可能損壞設備。","",""
"600","083","sad","adj.","難過的","We are sad to see her leave.","看到她離開我們很難過。","",""
"600","083","frequently","adv.","經常","Prices change frequently.","價格經常變動。","",""
"600","083","influential","adj.","有影響力的","She is an influential leader in the industry.","她是業界有影響力的領導人。","",""
"600","083","circle","n.","圈；圓","Please sit in a circle.","請圍成一圈坐。","",""
"600","083","helpful","adj.","有幫助的","The staff were friendly and helpful.","員工友善又樂於幫忙。","",""
"600","083","nationwide","adj.","全國性的","The firm has a nationwide network.","公司有全國性的網絡。","",""
"600","083","command","n.","指令；掌控","Type the command and press enter.","輸入指令後按 Enter。","",""
"600","083","attractive","adj.","吸引人的","The firm offers an attractive salary.","公司提供誘人的薪水。","",""
"600","083","sick","adj.","生病的","She is sick and cannot attend.","她生病了無法出席。","",""
"600","083","pad","n.","便條紙；墊子","Please write your name on the pad.","請把名字寫在便條紙上。","",""
"600","083","unable","adj.","無法的","We are unable to confirm your booking.","我們無法確認你的預訂。","",""
"600","083","paraphrase","v.","換句話說","Please paraphrase the paragraph.","請用自己的話改寫這一段。","",""
"600","083","joke","n.","笑話","The speaker opened with a joke.","講者以一個笑話開場。","",""
"600","083","sky","n.","天空","The sky was clear all day.","整天天空晴朗。","",""
"600","083","placement","n.","安置；放置","The placement of the sign is important.","標誌擺放的位置很重要。","",""
"600","083","electronic","adj.","電子的","Please submit the form in electronic format.","請以電子格式提交表格。","",""
"600","083","postal","adj.","郵政的","Please include your postal code.","請寫上你的郵遞區號。","",""
"600","083","criminal","adj.","犯罪的","The firm checks the criminal record of applicants.","公司會查核應徵者的犯罪紀錄。","",""
"600","083","besides","prep.","除了…之外","Besides cost, we must consider quality.","除了成本，我們還必須考慮品質。","",""
"600","083","properly","adv.","適當地","The machine is not working properly.","機器沒有正常運作。","",""
"600","083","ancient","adj.","古老的","The museum displays ancient tools.","博物館展出古代工具。","",""
"600","083","renter","n.","承租人","The renter must pay a deposit.","承租人必須付押金。","",""
"600","083","coast","n.","海岸","The hotel is on the east coast.","飯店位於東海岸。","",""
"600","083","ill","adj.","生病的","Several staff were ill last week.","上週有幾位員工生病。","",""
"600","083","repairperson","n.","維修人員","A repairperson will arrive this afternoon.","維修人員今天下午會到。","",""
"600","083","kick","v.","踢","The staff kick off the meeting at nine.","員工九點開始開會。","",""
"600","083","closely","adv.","密切地","Please follow the instructions closely.","請嚴格遵守說明。","",""
"600","083","repeatedly","adv.","反覆地","We called repeatedly but no one answered.","我們打了好幾次電話都沒人接。","",""
"600","083","multiple","adj.","多個的","The system supports multiple users.","系統支援多位使用者。","",""
"600","083","via","prep.","經由","You can book via our website.","你可以透過我們的網站預訂。","",""
"600","083","silently","adv.","默默地","Please read the instructions silently.","請默讀這些說明。","",""
"600","084","county","n.","郡；縣","The county government approved the plan.","郡政府通過了這項計畫。","",""
"600","084","unlike","prep.","不像","Unlike last year, sales are strong.","不像去年，今年銷售強勁。","",""
"600","084","mobile","adj.","行動的","Download our mobile app today.","今天就下載我們的行動應用程式。","",""
"600","084","spa","n.","水療中心","The hotel has a spa on the top floor.","飯店頂樓有水療中心。","",""
"600","084","substantially","adv.","大幅地","Costs have fallen substantially.","成本已大幅下降。","",""
"600","084","east","n.","東方","The firm has a branch in the east.","公司在東部有分店。","",""
"600","084","hat","n.","帽子","Staff must wear a hat in the kitchen.","廚房人員必須戴帽子。","",""
"600","084","academic","adj.","學術的","The firm funds academic research.","公司資助學術研究。","",""
"600","084","tidy","adj.","整潔的","Please keep your desk tidy.","請保持桌面整潔。","",""
"600","084","voter","n.","選民","Voters will decide in November.","選民將在十一月決定。","",""
"600","084","meanwhile","adv.","同時","Meanwhile, the team continued to work.","同時，團隊繼續工作。","",""
"600","084","furthermore","adv.","此外","Furthermore, the price is lower.","此外，價格也比較低。","",""
"600","084","accuse","v.","指控","The firm was accused of fraud.","公司被指控詐欺。","",""
"600","084","scientific","adj.","科學的","The firm uses scientific methods.","公司使用科學的方法。","",""
"600","084","urgently","adv.","緊急地","We urgently need more staff.","我們急需更多人手。","",""
"600","084","absence","n.","缺席","Please explain your absence.","請說明你缺席的原因。","",""
"600","084","remark","n.","評論","His remark upset several staff.","他的評論讓幾位員工不悅。","",""
"600","084","walkway","n.","走道","Please keep the walkway clear.","請保持走道暢通。","",""
"600","084","medicine","n.","藥；醫學","Keep the medicine out of reach of children.","藥品請放在孩童拿不到的地方。","",""
"600","084","professor","n.","教授","The professor will give a lecture on trade.","教授將發表貿易方面的演講。","",""
"600","084","rare","adj.","罕見的","It is rare for the train to be late.","火車很少誤點。","",""
"600","084","intention","n.","意圖","It was never our intention to cause delay.","我們從來無意造成延誤。","",""
"600","084","gap","n.","差距；缺口","There is a gap between supply and demand.","供給與需求之間有落差。","",""
"600","084","widely","adv.","廣泛地","The product is widely available.","這項產品隨處可買到。","",""
"600","084","northern","adj.","北方的","The firm has an office in northern Europe.","公司在北歐有辦公室。","",""
"600","084","equally","adv.","同樣地","All staff are treated equally.","所有員工都受到同等對待。","",""
"600","084","expose","v.","暴露","Do not expose the product to sunlight.","請勿將產品曝露在陽光下。","",""
"600","084","alive","adj.","活著的","The old tradition is still alive.","這個古老的傳統仍然存續。","",""
"600","084","shut","v.","關閉","Please shut the door quietly.","請輕聲關門。","",""
"600","084","victory","n.","勝利","The team celebrated its victory.","團隊慶祝勝利。","",""
"600","084","critic","n.","評論家","Critics praised the new design.","評論家稱讚了新設計。","",""
"600","084","variable","n.","變數","Price is only one variable.","價格只是其中一個變數。","",""
"600","084","sweet","adj.","甜的","The cafe serves sweet and savory snacks.","咖啡廳供應甜鹹點心。","",""
"600","084","urge","v.","敦促","We urge all staff to attend.","我們敦促所有員工出席。","",""
"600","084","enemy","n.","敵人","The firm sees no enemy, only competitors.","公司不視誰為敵人，只有競爭者。","",""
"600","084","milk","n.","牛奶","Fresh milk is delivered every morning.","新鮮牛奶每天早上送到。","",""
"600","084","talent","n.","人才；天分","The firm hires young talent.","公司僱用年輕人才。","",""
"600","084","smell","n.","氣味","There is a strange smell in the room.","房間裡有股怪味。","",""
"600","084","phrase","n.","片語；措辭","She learned many useful phrases.","她學了許多實用的片語。","",""
"600","084","merely","adv.","僅僅","This is merely a suggestion.","這只是個建議。","",""
"600","084","resolution","n.","決議；解析度","The board passed a resolution.","董事會通過了一項決議。","",""
"600","084","producer","n.","製作人；生產者","The producer thanked the team.","製作人感謝團隊。","",""
"600","084","regional","adj.","區域的","The firm has a regional office in Taipei.","公司在台北設有區域辦公室。","",""
"600","084","childhood","n.","童年","The museum is about childhood.","這間博物館以童年為主題。","",""
"600","084","slip","v.","滑倒；溜走","Be careful not to slip on the wet floor.","小心別在濕滑的地板上滑倒。","",""
"600","084","politician","n.","政治人物","A politician opened the new plant.","一位政治人物為新廠剪綵。","",""
"600","084","angry","adj.","生氣的","The customer was angry about the delay.","顧客對延誤很生氣。","",""
"600","084","knock","v.","敲","Please knock before you enter.","進入前請先敲門。","",""
"600","084","seed","n.","種子","The firm sells seeds to farmers.","公司向農民販售種子。","",""
"600","085","liberal","adj.","自由的；寬鬆的","The firm has a liberal leave policy.","公司的休假政策很寬鬆。","",""
"600","085","lake","n.","湖","The hotel overlooks a lake.","飯店俯瞰一座湖。","",""
"600","085","qualify","v.","取得資格","You qualify for a discount.","你符合折扣資格。","",""
"600","085","truly","adv.","真正地","We are truly sorry for the error.","我們對這個錯誤深感抱歉。","",""
"600","085","yellow","adj.","黃色的","The warning label is printed in yellow.","警告標籤是用黃色印的。","",""
"600","085","disk","n.","磁碟","The disk is almost full.","磁碟快滿了。","",""
"600","085","core","n.","核心","Customer service is at the core of our business.","客戶服務是我們事業的核心。","",""
"600","085","emotional","adj.","情緒的","Emotional support is available for staff.","員工可獲得情緒支持。","",""
"600","085","aircraft","n.","飛機","The firm builds aircraft parts.","公司製造飛機零件。","",""
"600","085","self","n.","自我","Be your best self at the interview.","面試時展現最好的自己。","",""
"600","085","metal","n.","金屬","The door is made of metal.","這扇門是金屬製的。","",""
"600","085","existence","n.","存在","Few people knew of its existence.","很少人知道它的存在。","",""
"600","085","bone","n.","骨頭","The clinic treats bone problems.","診所治療骨骼問題。","",""
"600","085","prime","adj.","首要的","The hotel is in a prime location.","飯店位於黃金地段。","",""
"600","085","effectively","adv.","有效地","The team works effectively together.","團隊合作很有效率。","",""
"600","085","elsewhere","adv.","別處","If we cannot help, we will refer you elsewhere.","如果我們幫不上忙，會轉介你到別處。","",""
"600","085","bother","v.","打擾","Sorry to bother you, but I have a question.","抱歉打擾，我有個問題。","",""
"600","085","sharp","adj.","銳利的；急劇的","There was a sharp rise in sales.","銷售急劇上升。","",""
"600","085","diet","n.","飲食","The cafeteria offers a healthy diet.","員工餐廳提供健康飲食。","",""
"600","085","motion","n.","動作；動議","The board approved the motion.","董事會通過了這項動議。","",""
"600","085","gray","adj.","灰色的","The walls are painted gray.","牆壁漆成灰色。","",""
"600","085","plastic","n.","塑膠","The firm reduces plastic waste.","公司減少塑膠廢棄物。","",""
"600","085","complicate","v.","使複雜","Extra rules only complicate the process.","多餘的規定只會讓流程變複雜。","",""
"600","085","disappoint","v.","使失望","We do not want to disappoint our customers.","我們不想讓顧客失望。","",""
"600","085","assumption","n.","假設","The plan is based on a wrong assumption.","這項計畫建立在錯誤的假設上。","",""
"600","085","freeze","v.","凍結；結冰","The firm will freeze hiring.","公司將凍結僱用。","",""
"600","085","passage","n.","通道；段落","Please keep the passage clear.","請保持通道暢通。","",""
"600","085","forth","adv.","向前","The staff went back and forth between offices.","員工在各辦公室之間來來回回。","",""
"600","085","democracy","n.","民主","The course is about democracy and trade.","這門課談民主與貿易。","",""
"600","085","pocket","n.","口袋","Put your phone in your pocket.","把手機放進口袋。","",""
"600","085","lucky","adj.","幸運的","We were lucky to get a room.","我們很幸運訂到房間。","",""
"600","085","crash","n.","當機；撞擊","A system crash delayed the launch.","系統當機延誤了上市。","",""
"600","085","observation","n.","觀察","The report is based on careful observation.","這份報告是根據仔細的觀察。","",""
"600","085","meat","n.","肉","The restaurant serves fresh meat and fish.","這家餐廳供應新鮮的肉和魚。","",""
"600","085","concentration","n.","專注；濃度","The job requires a lot of concentration.","這份工作需要高度專注。","",""
"600","085","unusual","adj.","不尋常的","Please report any unusual activity.","任何不尋常的活動請回報。","",""
"600","085","defend","v.","辯護；防衛","The firm will defend its decision.","公司將為其決定辯護。","",""
"600","085","classic","adj.","經典的","The hotel has a classic design.","飯店有經典的設計。","",""
"600","085","king","n.","國王","The hotel has a king bed in every room.","每間房都有一張特大雙人床。","",""
"600","085","interaction","n.","互動","Good interaction with customers builds trust.","與顧客良好的互動能建立信任。","",""
"600","085","fundamental","adj.","基本的","Honesty is fundamental to our work.","誠實是我們工作的根本。","",""
"600","085","dish","n.","菜餚；盤子","The restaurant's best dish is grilled fish.","這家餐廳最好吃的一道菜是烤魚。","",""
"600","085","soul","n.","靈魂","The founder is the soul of the firm.","創辦人是公司的靈魂。","",""
"600","085","defeat","v.","擊敗","The firm defeated its rivals in the bid.","公司在投標中擊敗了對手。","",""
"600","085","presidential","adj.","總統的；總裁的","The hotel has a presidential suite.","飯店設有總統套房。","",""
"600","085","perfectly","adv.","完美地","The system works perfectly.","系統運作得很完美。","",""
"600","085","proud","adj.","自豪的","We are proud of our team.","我們為團隊感到自豪。","",""
"600","085","educational","adj.","教育的","The firm offers educational programs.","公司提供教育計畫。","",""
"600","085","manufacturer","n.","製造商","The manufacturer offers a two-year warranty.","製造商提供兩年保固。","",""
"600","085","personally","adv.","親自；就個人而言","The manager thanked her personally.","經理親自向她道謝。","",""
"600","086","chip","n.","晶片；洋芋片","The firm designs computer chips.","公司設計電腦晶片。","",""
"600","086","winner","n.","得獎者","The winner will be announced on Friday.","得獎者將在週五公布。","",""
"600","086","brown","adj.","棕色的","The package is wrapped in brown paper.","包裹用棕色紙包著。","",""
"600","086","breathe","v.","呼吸","The mask lets workers breathe easily.","這種口罩讓工人可以輕鬆呼吸。","",""
"600","086","excuse","n.","藉口","There is no excuse for being late.","遲到沒有藉口。","",""
"600","086","partly","adv.","部分地","The delay was partly due to the weather.","延誤有一部分是因為天氣。","",""
"600","086","tennis","n.","網球","The hotel has two tennis courts.","飯店有兩座網球場。","",""
"600","086","urban","adj.","都市的","The firm builds housing in urban areas.","公司在都會區興建住宅。","",""
"600","086","confuse","v.","使困惑","The new layout may confuse customers.","新的配置可能會讓顧客困惑。","",""
"600","086","southern","adj.","南方的","The firm has an office in southern Taiwan.","公司在台灣南部設有辦公室。","",""
"600","086","beauty","n.","美麗","The beauty of the hotel attracts many guests.","飯店的美景吸引許多賓客。","",""
"600","086","mathematics","n.","數學","She teaches mathematics at the college.","她在大學教數學。","",""
"600","086","upper","adj.","上方的","The meeting room is on the upper floor.","會議室在樓上。","",""
"600","086","creation","n.","創造","The creation of new jobs is our goal.","創造新工作是我們的目標。","",""
"600","086","luck","n.","運氣","Good luck with your presentation!","祝你簡報順利！","",""
"600","086","split","v.","分開；分攤","Let's split the cost between the two teams.","讓我們由兩個團隊分攤成本。","",""
"600","086","swing","n.","搖擺；變動","There was a big swing in sales this quarter.","本季銷售有很大的波動。","",""
"600","086","illness","n.","疾病","She was absent due to illness.","她因生病缺席。","",""
"600","086","sudden","adj.","突然的","There was a sudden drop in prices.","價格突然下跌。","",""
"600","086","originally","adv.","原本","The meeting was originally set for Monday.","會議原本訂在週一。","",""
"600","086","aside","adv.","在一旁","Please set these files aside.","請把這些檔案放一旁。","",""
"600","086","comfort","n.","舒適","The hotel offers comfort at a low price.","這家飯店以低價提供舒適的住宿。","",""
"600","086","secondly","adv.","其次","Firstly, it is cheap; secondly, it is fast.","首先它很便宜，其次它很快。","",""
"600","086","gene","n.","基因","The firm studies the human gene.","公司研究人類基因。","",""
"600","086","prospect","n.","前景；潛在客戶","The prospect of growth is good.","成長的前景良好。","",""
"600","086","plot","n.","情節；陰謀；一塊地","The firm bought a plot of land.","公司買了一塊地。","",""
"600","086","neck","n.","脖子","Please wear the badge around your neck.","請把識別證掛在脖子上。","",""
"600","086","primarily","adv.","主要地","The firm sells primarily to schools.","公司主要賣給學校。","",""
"600","086","bet","v.","打賭；確信","I bet the shipment will arrive on time.","我確信貨物會準時到。","",""
"600","086","plain","adj.","樸素的；清楚的","The instructions are written in plain English.","說明用淺顯的英文書寫。","",""
"600","086","calm","adj.","冷靜的","Please stay calm and follow the guide.","請保持冷靜，跟著引導人員走。","",""
"600","086","abandon","v.","放棄","The firm had to abandon the plan.","公司不得不放棄這個計畫。","",""
"600","086","examination","n.","檢查；考試","The medical examination takes an hour.","健康檢查需要一小時。","",""
"600","086","silence","n.","安靜","Please keep silence in the library.","圖書館內請保持安靜。","",""
"600","086","rapidly","adv.","快速地","The firm is growing rapidly.","公司正快速成長。","",""
"600","086","delight","n.","喜悅","The team's delight was clear.","團隊的喜悅溢於言表。","",""
"600","086","spell","v.","拼寫","Could you spell your name, please?","可以請你拼出你的名字嗎？","",""
"600","086","premise","n.","前提；假設","The argument is based on a false premise.","這個論點建立在錯誤的前提上。","",""
"600","086","lean","v.","傾斜；倚靠","Please do not lean on the glass.","請不要倚靠玻璃。","",""
"600","086","dramatic","adj.","戲劇性的","There was a dramatic rise in prices.","價格出現戲劇性的上漲。","",""
"600","086","protein","n.","蛋白質","The breakfast is rich in protein.","這份早餐富含蛋白質。","",""
"600","086","bike","n.","腳踏車","Many staff ride a bike to work.","許多員工騎腳踏車上班。","",""
"600","086","intellectual","adj.","智力的","The firm protects its intellectual property.","公司保護它的智慧財產權。","",""
"600","086","unemployment","n.","失業","Unemployment fell to five percent.","失業率降到百分之五。","",""
"600","086","wheel","n.","輪子","The cart has a broken wheel.","這輛推車有個輪子壞了。","",""
"600","086","crop","n.","農作物","The crop was damaged by the storm.","農作物被暴風雨損毀。","",""
"600","086","interpretation","n.","解讀；口譯","The interpretation of the data is difficult.","數據的解讀並不容易。","",""
"600","086","gentleman","n.","紳士","The gentleman at the desk will help you.","櫃台那位先生會協助你。","",""
"600","086","drama","n.","戲劇","The firm sponsors a local drama club.","公司贊助當地的戲劇社。","",""
"600","086","toy","n.","玩具","The store sells toys for all ages.","這家店販售各年齡層的玩具。","",""
"600","087","hunt","v.","搜尋；狩獵","Many graduates hunt for jobs in the spring.","許多畢業生春天忙著找工作。","",""
"600","087","storm","n.","暴風雨","A storm delayed all flights.","暴風雨讓所有班機延誤。","",""
"600","087","thick","adj.","厚的；濃的","The report is thick with data.","這份報告充滿了數據。","",""
"600","087","achievement","n.","成就","Winning the award was a great achievement.","獲獎是很大的成就。","",""
"600","087","prize","n.","獎品","The winner will receive a cash prize.","優勝者將獲得現金獎。","",""
"600","087","typically","adv.","通常","The process typically takes two days.","這個流程通常需要兩天。","",""
"600","087","peer","n.","同儕","She is respected by her peers.","她受到同儕的尊敬。","",""
"600","087","wing","n.","側翼；機翼","The hotel has a new wing.","飯店增建了一棟側樓。","",""
"600","087","acquisition","n.","收購；取得","The acquisition was completed in May.","收購案在五月完成。","",""
"600","087","laughter","n.","笑聲","Laughter filled the room.","房間裡充滿笑聲。","",""
"600","087","deeply","adv.","深深地","We are deeply sorry for the delay.","對於延誤我們深感抱歉。","",""
"600","087","recognition","n.","認可；辨識","She received recognition for her work.","她的工作受到肯定。","",""
"600","087","electricity","n.","電力","The firm saves electricity at night.","公司在夜間節約用電。","",""
"600","087","respectively","adv.","分別地","Sales rose by five and ten percent respectively.","銷售分別成長百分之五和十。","",""
"600","087","variation","n.","變化","There is little variation in price.","價格幾乎沒有變化。","",""
"600","087","ultimately","adv.","最終","Ultimately, the board will decide.","最終將由董事會決定。","",""
"600","087","proof","n.","證明","Please bring proof of address.","請攜帶地址證明。","",""
"600","087","soil","n.","土壤","The soil here is good for farming.","這裡的土壤適合耕種。","",""
"600","087","smart","adj.","聰明的；智慧型的","The firm sells smart home devices.","公司販售智慧家庭裝置。","",""
"600","087","upset","adj.","不高興的","Customers were upset about the delay.","顧客對延誤感到不高興。","",""
"600","087","tooth","n.","牙齒","The clinic offers tooth cleaning.","診所提供洗牙服務。","",""
"600","087","representation","n.","代表；陳述","The firm needs legal representation.","公司需要法律代表。","",""
"600","087","preparation","n.","準備","Preparation for the event began in May.","活動的準備工作五月就開始了。","",""
"600","087","silver","n.","銀","The firm sells silver jewelry.","公司販售銀飾。","",""
"600","087","entertainment","n.","娛樂","The hotel offers live entertainment.","飯店提供現場娛樂表演。","",""
"600","087","honest","adj.","誠實的","We appreciate your honest feedback.","我們感謝你誠實的意見。","",""
"600","087","unlikely","adj.","不太可能的","It is unlikely that prices will fall.","價格不太可能下跌。","",""
"600","087","publication","n.","出版物","The firm releases a monthly publication.","公司每月出版刊物。","",""
"600","087","slight","adj.","輕微的","There was a slight delay.","有輕微的延誤。","",""
"600","087","unknown","adj.","未知的","The cause of the fault is still unknown.","故障原因仍不明。","",""
"600","087","framework","n.","架構","The report sets out a framework for the project.","報告為專案訂定了架構。","",""
"600","087","zone","n.","區域","Please stay out of the restricted zone.","請勿進入管制區。","",""
"600","087","restrict","v.","限制","The firm will restrict access to the files.","公司將限制檔案的存取權。","",""
"600","087","inch","n.","英寸","The screen is fifteen inches wide.","螢幕寬十五英寸。","",""
"600","087","equivalent","adj.","相等的","One point is equivalent to one dollar.","一點相當於一美元。","",""
"600","087","elderly","adj.","年長的","The bus has seats for the elderly.","公車備有老人座位。","",""
"600","087","owe","v.","欠","The firm owes money to several suppliers.","公司欠幾家供應商錢。","",""
"600","087","governor","n.","州長；總督","The governor opened the new plant.","州長為新廠揭幕。","",""
"600","087","uniform","n.","制服","Staff must wear a uniform.","員工必須穿制服。","",""
"600","087","port","n.","港口","The goods arrived at the port on Monday.","貨物週一抵達港口。","",""
"600","087","pitch","n.","推銷說詞","The salesperson made a strong pitch.","業務員做了有力的推銷。","",""
"600","087","ease","n.","輕鬆","The app is designed for ease of use.","這個應用程式的設計講求易用。","",""
"600","087","beer","n.","啤酒","The restaurant serves local beer.","這家餐廳供應當地啤酒。","",""
"600","087","specialist","n.","專家","A specialist will review your case.","一位專家會審視你的案子。","",""
"600","087","profile","n.","檔案；簡介","Please update your profile.","請更新你的個人檔案。","",""
"600","087","mood","n.","心情","The mood in the office is positive.","辦公室的氣氛很正面。","",""
"600","087","episode","n.","一集；事件","The latest episode will air on Friday.","最新一集將於週五播出。","",""
"600","087","crack","n.","裂縫","There is a crack in the wall.","牆上有一道裂縫。","",""
"600","087","virtually","adv.","幾乎；虛擬地","The work is virtually finished.","工作幾乎完成了。","",""
"600","087","era","n.","時代","The firm began in the era of mail order.","公司創立於郵購的年代。","",""
"600","088","tension","n.","緊張","There is some tension between the two teams.","兩個團隊之間有些緊張。","",""
"600","088","nervous","adj.","緊張的","She felt nervous before the interview.","她面試前感到緊張。","",""
"600","088","prisoner","n.","囚犯","The firm hires former prisoners.","公司僱用更生人。","",""
"600","088","tight","adj.","緊的","The schedule is very tight.","時程非常緊湊。","",""
"600","088","wet","adj.","濕的","The floor is wet; please be careful.","地板是濕的，請小心。","",""
"600","088","secondary","adj.","次要的","Cost is a secondary concern.","成本是次要考量。","",""
"600","088","welfare","n.","福利","The firm cares about staff welfare.","公司關心員工福利。","",""
"600","088","string","n.","細繩；一連串","A string of delays upset the customers.","一連串的延誤惹惱了顧客。","",""
"600","088","cloud","n.","雲","Files are stored in the cloud.","檔案存放在雲端。","",""
"600","088","grand","adj.","盛大的","The hotel will hold a grand opening.","飯店將舉行盛大開幕。","",""
"600","088","hence","adv.","因此","The room is small; hence, the price is low.","房間小，所以價格低。","",""
"600","088","pupil","n.","學生","The school has about five hundred pupils.","這所學校約有五百名學生。","",""
"600","088","false","adj.","錯誤的","The report contains false information.","報告含有不實資訊。","",""
"600","088","assist","v.","協助","Staff are happy to assist you.","員工很樂意協助你。","",""
"600","088","formula","n.","公式；配方","The formula is shown in the manual.","公式列在手冊裡。","",""
"600","088","sink","n.","水槽","The kitchen sink is blocked.","廚房水槽堵住了。","",""
"600","088","stare","v.","盯著看","Please do not stare at the screen all day.","請不要整天盯著螢幕看。","",""
"600","088","anymore","adv.","不再","The shop does not sell that model anymore.","這家店不再賣那一款了。","",""
"600","088","hero","n.","英雄","He became a hero after saving the files.","他搶救了檔案後成了英雄。","",""
"600","088","supporter","n.","支持者","Loyal supporters donated to the fund.","忠實的支持者捐款給基金。","",""
"600","088","meter","n.","公尺；計量表","Read the meter once a month.","每月讀一次計量表。","",""
"600","088","nose","n.","鼻子","The mask covers the nose and mouth.","口罩要蓋住口鼻。","",""
"600","088","sail","v.","航行","The ship will sail at noon.","船將在中午啟航。","",""
"600","088","disaster","n.","災難","The firm helps victims of natural disasters.","公司協助天然災害的受災者。","",""
"600","088","heavily","adv.","大量地","The firm invested heavily in research.","公司大量投資研究。","",""
"600","088","fascinate","v.","使著迷","The exhibition will fascinate visitors.","這場展覽會讓訪客著迷。","",""
"600","088","spare","adj.","多餘的；備用的","Please bring a spare battery.","請帶一顆備用電池。","",""
"600","088","whenever","conj.","每當","Call me whenever you need help.","需要幫忙時隨時打給我。","",""
"600","088","depression","n.","憂鬱；蕭條","The firm survived the economic depression.","公司撐過了經濟蕭條。","",""
"600","088","guilty","adj.","有罪的；愧疚的","The court found him guilty.","法院判他有罪。","",""
"600","088","underlie","v.","是…的基礎","Trust underlies every good partnership.","信任是每個良好合作關係的基礎。","",""
"600","088","mom","n.","媽媽","Her mom owns a small bakery.","她媽媽開了一家小麵包店。","",""
"600","088","distinction","n.","區別；榮譽","There is a clear distinction between the two.","這兩者有明顯的區別。","",""
"600","088","sweep","v.","打掃；席捲","The cleaner will sweep the floor tonight.","清潔人員今晚會掃地。","",""
"600","088","anger","n.","憤怒","Customers expressed their anger at the delay.","顧客對延誤表達憤怒。","",""
"600","088","pub","n.","酒館","The team went to a pub after work.","團隊下班後去了酒館。","",""
"600","088","naturally","adv.","自然地","The tool works naturally with other software.","這個工具能和其他軟體順暢搭配。","",""
"600","088","initially","adv.","最初","Initially, the plan seemed simple.","起初這個計畫看似簡單。","",""
"600","088","territory","n.","領域；轄區","She manages the sales territory in the north.","她負責北部的業務轄區。","",""
"600","088","stream","n.","溪流；串流","You can stream the event live.","你可以線上串流觀看活動。","",""
"600","088","rarely","adv.","很少","The shop rarely closes early.","這家店很少提早打烊。","",""
"600","088","height","n.","高度","Please state your height on the form.","請在表格上填寫身高。","",""
"600","088","western","adj.","西方的；西部的","The firm has a branch in western Europe.","公司在西歐有分店。","",""
"600","088","constantly","adv.","不斷地","Prices change constantly.","價格不斷變動。","",""
"600","088","muscle","n.","肌肉","The gym helps build muscle.","健身房有助於增肌。","",""
"600","088","scare","v.","使害怕","The news will scare some investors.","這個消息會讓一些投資人害怕。","",""
"600","088","badly","adv.","嚴重地；糟糕地","The roof was badly damaged.","屋頂損壞得很嚴重。","",""
"600","088","everyday","adj.","日常的","The app is useful for everyday tasks.","這個應用程式適用於日常工作。","",""
"600","088","boundary","n.","界線","Please stay within the boundary.","請待在界線內。","",""
"600","088","essay","n.","論文；短文","Please write a short essay.","請寫一篇短文。","",""
"600","089","scream","v.","尖叫","The crowd began to scream with joy.","群眾開心地尖叫起來。","",""
"600","089","disorder","n.","混亂；失調","The files were in complete disorder.","檔案一片混亂。","",""
"600","089","apartment","n.","公寓","The firm provides an apartment for visiting staff.","公司為出差員工提供公寓。","",""
"600","089","analyst","n.","分析師","The analyst expects sales to rise.","分析師預期銷售會成長。","",""
"600","089","cake","n.","蛋糕","Cake will be served after the meeting.","會後供應蛋糕。","",""
"600","089","wound","n.","傷口","The nurse cleaned the wound.","護理師清理了傷口。","",""
"600","089","album","n.","相簿；專輯","The band released a new album.","樂團發行了新專輯。","",""
"600","089","trail","n.","小徑；痕跡","The hotel has a hiking trail nearby.","飯店附近有健行步道。","",""
"600","089","trap","n.","陷阱","Do not fall into the trap of cutting prices.","不要落入削價的陷阱。","",""
"600","089","loose","adj.","鬆的","The screw is loose.","這顆螺絲鬆了。","",""
"600","089","wealth","n.","財富","The firm helps clients manage their wealth.","公司協助客戶管理財富。","",""
"600","089","gradually","adv.","逐漸地","Sales are gradually improving.","銷售正逐漸好轉。","",""
"600","089","tank","n.","水箱；油箱","The tank is nearly empty.","油箱快空了。","",""
"600","089","evil","adj.","邪惡的","The film is about an evil plan.","這部電影談的是一個邪惡的計畫。","",""
"600","089","tune","n.","曲調","The phone plays a familiar tune.","手機播放著熟悉的曲調。","",""
"600","089","grass","n.","草","Please keep off the grass.","請勿踐踏草地。","",""
"600","089","frighten","v.","使驚嚇","The sudden noise may frighten children.","突然的噪音可能嚇到孩子。","",""
"600","089","breed","n.","品種","The shop sells many breeds of dogs.","這家店賣許多品種的狗。","",""
"600","089","extraordinary","adj.","非凡的","The team achieved extraordinary results.","團隊取得了非凡的成果。","",""
"600","089","brilliant","adj.","出色的","She had a brilliant idea.","她有個很棒的點子。","",""
"600","089","adviser","n.","顧問","The firm hired an adviser on trade.","公司聘請了貿易顧問。","",""
"600","089","stem","v.","源自；遏止","The delay stems from a shortage of parts.","延誤起因於零件短缺。","",""
"600","089","mode","n.","模式","Switch the phone to silent mode.","請把手機切換成靜音模式。","",""
"600","089","awful","adj.","糟透的","The weather was awful all week.","整個星期天氣都糟透了。","",""
"600","089","creative","adj.","有創意的","The firm hires creative designers.","公司僱用有創意的設計師。","",""
"600","089","nowadays","adv.","現今","Nowadays, most people shop online.","現今大多數人在網路上購物。","",""
"600","089","poem","n.","詩","She read a poem at the ceremony.","她在典禮上朗誦了一首詩。","",""
"600","089","agricultural","adj.","農業的","The firm sells agricultural machinery.","公司販售農業機械。","",""
"600","089","alcohol","n.","酒精","Alcohol is not allowed in the office.","辦公室內禁止飲酒。","",""
"600","089","festival","n.","節慶","The city holds a music festival every spring.","這座城市每年春天舉辦音樂節。","",""
"600","089","van","n.","廂型車","A van delivers the goods every morning.","每天早上有廂型車送貨。","",""
"600","089","planet","n.","行星","The firm works to protect the planet.","公司致力於保護地球。","",""
"600","089","curve","n.","曲線","The graph shows a steady upward curve.","圖表呈現穩定向上的曲線。","",""
"600","089","knee","n.","膝蓋","He hurt his knee during the hike.","他健行時傷到了膝蓋。","",""
"600","089","web","n.","網路；網","The firm sells its goods on the web.","公司在網路上販售商品。","",""
"600","089","depth","n.","深度","The report examines the issue in depth.","報告深入探討了這個議題。","",""
"600","089","log","n.","日誌","Staff must keep a daily log.","員工必須寫每日日誌。","",""
"600","089","giant","adj.","巨大的","The firm is a giant in the retail industry.","這家公司是零售業的巨頭。","",""
"600","089","substance","n.","物質；實質","The report lacks substance.","這份報告缺乏實質內容。","",""
"600","089","extensive","adj.","廣泛的","The firm has extensive experience in exports.","公司在出口方面有豐富的經驗。","",""
"600","089","independence","n.","獨立","The branch has full independence.","這間分公司完全獨立運作。","",""
"600","089","sugar","n.","糖","The drink contains no added sugar.","這款飲料沒有額外添加糖。","",""
"600","089","inner","adj.","內部的","The inner pocket holds your passport.","內袋可以放你的護照。","",""
"600","089","pink","adj.","粉紅色的","The logo is pink and white.","標誌是粉紅色和白色。","",""
"600","089","shadow","n.","影子；跟班","New staff shadow an experienced worker.","新進員工會跟著資深員工學習。","",""
"600","089","strip","n.","長條","A strip of tape holds the box shut.","一條膠帶把箱子封住。","",""
"600","089","smooth","adj.","順暢的","The check-in process was smooth.","辦理入住很順暢。","",""
"600","089","intervention","n.","介入","Early intervention prevented a larger problem.","及早介入避免了更大的問題。","",""
"600","089","impress","v.","使印象深刻","She tried to impress the interviewer.","她努力讓面試官留下好印象。","",""
"600","090","vice","adj.","副的","She is the vice president of sales.","她是業務副總。","",""
"600","090","similarly","adv.","同樣地","Similarly, the second plan also failed.","同樣地，第二個計畫也失敗了。","",""
"600","090","behave","v.","表現；守規矩","Please behave politely toward guests.","請對賓客有禮貌。","",""
"600","090","infection","n.","感染","The clinic treats ear infection.","診所治療耳朵感染。","",""
"600","090","statistic","n.","統計數字","The statistic shows a clear trend.","這個統計數字顯示出明確的趨勢。","",""
"600","090","regularly","adv.","定期地","The machine is checked regularly.","機器會定期檢查。","",""
"600","090","resort","n.","度假村","The firm hosts its retreat at a resort.","公司在度假村舉辦員工旅遊。","",""
"600","090","iron","n.","鐵；熨斗","The room has an iron and a board.","房間備有熨斗與燙衣板。","",""
"600","090","blind","adj.","盲的","The app helps blind users.","這個應用程式能幫助視障使用者。","",""
"600","090","pure","adj.","純的","The product is made of pure cotton.","這項產品是純棉製成。","",""
"600","090","ally","n.","盟友","The firm found a strong ally in the bank.","公司在銀行找到強力盟友。","",""
"600","090","bend","v.","彎曲","Do not bend the cable.","請勿彎折電線。","",""
"600","090","mature","adj.","成熟的","The firm operates in a mature market.","公司在成熟市場中營運。","",""
"600","090","briefly","adv.","簡短地","Please describe the issue briefly.","請簡短描述這個問題。","",""
"600","090","crazy","adj.","瘋狂的","The market has been crazy this week.","這週市場很瘋狂。","",""
"600","090","cite","v.","引用","The report cites several sources.","報告引用了好幾個來源。","",""
"600","090","newly","adv.","新近地","The newly opened store is crowded.","新開幕的店很擁擠。","",""
"600","090","gender","n.","性別","Please state your gender on the form.","請在表格上填寫性別。","",""
"600","090","boot","n.","靴子","Workers wear safety boots.","工人穿安全靴。","",""
"600","090","button","n.","按鈕；鈕扣","Press the green button to start.","按下綠色按鈕即可開始。","",""
"600","090","desert","n.","沙漠","The firm builds solar plants in the desert.","公司在沙漠興建太陽能電廠。","",""
"600","090","mate","n.","夥伴","She talked with a mate from the sales team.","她和業務團隊的一位夥伴聊了一下。","",""
"600","090","occasionally","adv.","偶爾","The system is occasionally slow.","系統偶爾會變慢。","",""
"600","090","discovery","n.","發現","The discovery changed the industry.","這項發現改變了產業。","",""
"600","090","bath","n.","浴缸；沐浴","Each room has a bath and a shower.","每間房都有浴缸和淋浴。","",""
"600","090","frequency","n.","頻率","The frequency of trains has increased.","列車班次的頻率增加了。","",""
"600","090","criticize","v.","批評","Critics criticize the new policy.","評論者批評了這項新政策。","",""
"600","090","tap","v.","輕敲；點選","Tap the screen to continue.","請點螢幕繼續。","",""
"600","090","lip","n.","嘴唇","The product keeps lips soft.","這項產品能讓嘴唇保持柔軟。","",""
"600","090","grab","v.","抓取；匆忙拿","Grab a snack before the meeting.","開會前先拿點點心。","",""
"600","090","involvement","n.","參與","The firm thanks you for your involvement.","公司感謝你的參與。","",""
"600","090","translate","v.","翻譯","Please translate the letter into English.","請把這封信翻成英文。","",""
"600","090","formation","n.","形成；組成","The formation of the team took a month.","團隊組成花了一個月。","",""
"600","090","pleasant","adj.","愉快的","It was a pleasant surprise.","這是個令人愉快的驚喜。","",""
"600","090","establishment","n.","機構；建立","The firm is a well-known establishment.","這是一家知名機構。","",""
"600","090","summary","n.","摘要","Please send a brief summary.","請寄一份簡短的摘要。","",""
"600","090","rough","adj.","粗糙的；大致的","Here is a rough estimate of the cost.","這是成本的粗略估計。","",""
"600","090","recovery","n.","復甦","The economy shows signs of recovery.","經濟出現復甦的跡象。","",""
"600","090","tube","n.","管子","The product comes in a small tube.","這項產品裝在小管子裡。","",""
"600","090","tower","n.","塔","The firm's office is in a tall tower.","公司辦公室在一座高塔裡。","",""
"600","090","characterize","v.","描述特徵","The report characterizes the market as stable.","報告把市場描述為穩定。","",""
"600","090","specify","v.","明確指出","Please specify your preferred date.","請明確說明你偏好的日期。","",""
"600","090","exact","adj.","確切的","Please state the exact amount.","請說明確切的金額。","",""
"600","090","spin","v.","旋轉","The wheel will spin when you press the button.","按下按鈕後輪子會旋轉。","",""
"600","090","infant","n.","嬰兒","The airline provides a seat for an infant.","航空公司為嬰兒提供座位。","",""
"600","091","dig","v.","挖掘","Workers will dig a trench for the cable.","工人會為電纜挖一條溝。","",""
"600","091","drag","v.","拖曳","Drag the file into the folder.","把檔案拖進資料夾。","",""
"600","091","mount","v.","安裝；爬上","Please mount the screen on the wall.","請把螢幕裝在牆上。","",""
"600","091","dependent","adj.","依賴的","The firm is dependent on a few large clients.","公司依賴少數幾個大客戶。","",""
"600","091","angle","n.","角度","Look at the problem from a new angle.","從新的角度看這個問題。","",""
"600","091","anxiety","n.","焦慮","Waiting for the results caused anxiety.","等待結果令人焦慮。","",""
"600","091","virus","n.","病毒","The software detects any computer virus.","這套軟體能偵測任何電腦病毒。","",""
"600","091","precisely","adv.","精確地","The meeting starts at precisely nine.","會議準九點開始。","",""
"600","091","rival","n.","對手","The firm outsold its main rival.","公司銷量勝過主要對手。","",""
"600","091","offense","n.","冒犯；違規","Parking here is an offense.","在這裡停車是違規。","",""
"600","091","teenager","n.","青少年","The firm hires teenagers for summer jobs.","公司僱用青少年做暑期工。","",""
"600","091","admire","v.","欣賞","We admire her leadership.","我們欣賞她的領導力。","",""
"600","091","moderate","adj.","適度的","The firm expects moderate growth.","公司預期適度成長。","",""
"600","091","significance","n.","重要性","The significance of the result is clear.","這個結果的重要性很明顯。","",""
"600","091","shower","n.","淋浴；陣雨","Each room has a private shower.","每間房都有獨立淋浴間。","",""
"600","091","illegal","adj.","非法的","It is illegal to park here.","在這裡停車是違法的。","",""
"600","091","charity","n.","慈善機構","The firm donates to a local charity.","公司捐款給當地慈善機構。","",""
"600","091","universal","adj.","通用的","The adapter has a universal plug.","這個轉接器有通用插頭。","",""
"600","091","cigarette","n.","香菸","Cigarette smoking is banned in the building.","大樓內禁止吸菸。","",""
"600","091","historian","n.","歷史學家","A historian will lead the tour.","一位歷史學家將帶領導覽。","",""
"600","091","cousin","n.","表親","Her cousin works at the same firm.","她的表親在同一家公司工作。","",""
"600","091","visual","adj.","視覺的","The report includes a visual summary.","報告附有視覺化摘要。","",""
"600","091","stupid","adj.","愚蠢的","It would be stupid to ignore the warning.","忽視這個警告是愚蠢的。","",""
"600","091","ethnic","adj.","種族的；民族的","The city has many ethnic restaurants.","這座城市有許多異國風味餐廳。","",""
"600","091","twin","n.","雙胞胎","The hotel offers a twin room.","飯店提供雙人雙床房。","",""
"600","091","clinical","adj.","臨床的","The drug is in clinical trials.","這種藥正在進行臨床試驗。","",""
"600","091","eastern","adj.","東方的","The firm has an office in eastern Asia.","公司在東亞設有辦公室。","",""
"600","091","sand","n.","沙","The hotel has a private sand beach.","飯店有私人沙灘。","",""
"600","091","cap","n.","帽子；上限","There is a cap on spending.","支出有上限。","",""
"600","091","charm","n.","魅力","The old hotel has a lot of charm.","這家老飯店很有魅力。","",""
"600","091","react","v.","反應","Customers reacted well to the new design.","顧客對新設計反應良好。","",""
"600","091","compound","n.","化合物；園區","The firm has a large compound near the port.","公司在港口附近有一大片廠區。","",""
"600","091","rescue","v.","拯救","The team worked to rescue the project.","團隊努力挽救這個專案。","",""
"600","091","mess","n.","雜亂","Please clean up the mess.","請把這團亂清理乾淨。","",""
"600","091","dialog","n.","對話框；對話","A dialog box will appear on the screen.","螢幕上會跳出一個對話框。","",""
"600","091","cream","n.","奶油；乳霜","Coffee is served with cream and sugar.","咖啡附奶精和糖。","",""
"600","091","regret","v.","遺憾","We regret to inform you of the delay.","我們很遺憾通知您延誤了。","",""
"600","091","beneath","prep.","在…之下","The files are stored beneath the stairs.","檔案存放在樓梯下方。","",""
"600","091","resist","v.","抵抗","It is hard to resist the offer.","這個優惠讓人很難抗拒。","",""
"600","091","capability","n.","能力","The new system has more capability.","新系統有更多功能。","",""
"600","091","absolute","adj.","絕對的","The firm has an absolute ban on smoking.","公司絕對禁止吸菸。","",""
"600","091","stroke","n.","一擊；中風","The deal was done at a stroke.","這筆交易一下子就談成了。","",""
"730","092","absorb","v.","吸收","The firm will absorb the extra cost.","公司將吸收額外的成本。","",""
"730","092","antique","n.","古董","The shop sells antiques and old books.","這家店賣古董和舊書。","",""
"730","092","bean","n.","豆子","The cafe roasts its own coffee beans.","這間咖啡廳自己烘焙咖啡豆。","",""
"730","092","careless","adj.","粗心的","A careless error cost the firm money.","一個粗心的錯誤讓公司損失了錢。","",""
"730","092","collector","n.","收藏家；收款人","The collector bought several paintings.","收藏家買了幾幅畫。","",""
"730","092","contradiction","n.","矛盾","There is a contradiction in the report.","報告中有個矛盾。","",""
"730","092","contrary","adj.","相反的","Contrary to reports, the firm is profitable.","與報導相反，公司是獲利的。","",""
"730","092","dive","v.","潛水；暴跌","Share prices dived after the news.","消息一出股價暴跌。","",""
"730","092","energetic","adj.","精力充沛的","The firm hires energetic young staff.","公司僱用精力充沛的年輕員工。","",""
"730","092","environmentally","adv.","環境方面地","The firm is environmentally responsible.","公司對環境負責。","",""
"730","092","exotic","adj.","異國風味的","The restaurant serves exotic dishes.","這家餐廳供應異國料理。","",""
"730","092","generalization","n.","概括性說法","Avoid generalization when you report.","報告時避免以偏概全。","",""
"730","092","gum","n.","口香糖","Chewing gum is not allowed in the lab.","實驗室內不准嚼口香糖。","",""
"730","092","hesitant","adj.","猶豫的","Investors are hesitant to commit.","投資人遲疑不敢投入。","",""
"730","092","individually","adv.","個別地","The items are wrapped individually.","每項商品都單獨包裝。","",""
"730","092","junior","adj.","資淺的","She is a junior designer.","她是資淺的設計師。","",""
"730","092","lifestyle","n.","生活方式","The app promotes a healthy lifestyle.","這個應用程式推廣健康的生活方式。","",""
"730","092","likewise","adv.","同樣地","Likewise, we plan to cut costs.","同樣地，我們也打算降低成本。","",""
"730","092","orchestra","n.","管弦樂團","The orchestra will play at the gala.","管弦樂團將在晚會上演奏。","",""
"730","092","organizational","adj.","組織的","The firm made organizational changes.","公司做了組織調整。","",""
"730","092","physics","n.","物理學","She studied physics at university.","她在大學讀物理。","",""
"730","092","pole","n.","桿；極","A flag hangs from the pole.","旗子掛在旗桿上。","",""
"730","092","puzzle","n.","謎題","The missing file is a puzzle.","不見的檔案是個謎。","",""
"730","092","reflexive","adj.","反射性的","His reflexive reply surprised us.","他反射性的回答讓我們意外。","",""
"730","092","snowy","adj.","下雪的","It was a cold and snowy day.","那天又冷又下雪。","",""
"730","092","steak","n.","牛排","The restaurant is famous for its steak.","這家餐廳以牛排聞名。","",""
"730","092","sticker","n.","貼紙","Please put a sticker on each box.","請在每個箱子上貼一張貼紙。","",""
"730","092","telecommunication","n.","電信","She works in the telecommunication industry.","她在電信業工作。","",""
"730","092","timely","adj.","及時的","Thank you for your timely reply.","謝謝你及時的回覆。","",""
"730","092","uncomfortable","adj.","不舒服的","The seats were uncomfortable.","座位不太舒服。","",""
"730","092","approximate","adj.","大約的","The approximate cost is two hundred dollars.","大約的費用是兩百美元。","",""
"730","092","await","v.","等待","We await your reply.","我們靜候你的回覆。","",""
"730","092","barbecue","n.","烤肉","The firm holds a barbecue every summer.","公司每年夏天辦烤肉活動。","",""
"730","092","beginner","n.","初學者","The course is designed for beginners.","這門課是為初學者設計的。","",""
"730","092","biology","n.","生物學","She teaches biology at the college.","她在大學教生物學。","",""
"730","092","blanket","n.","毯子","Extra blankets are in the closet.","備用毯子在衣櫥裡。","",""
"730","092","charitable","adj.","慈善的","The firm gives to charitable causes.","公司捐款給慈善事業。","",""
"730","092","cooler","n.","冰桶；冷卻器","Drinks are kept in a cooler.","飲料放在冰桶裡。","",""
"730","092","crane","n.","起重機","A crane lifted the steel beams.","起重機吊起了鋼梁。","",""
"730","092","dependable","adj.","可靠的","We need a dependable supplier.","我們需要可靠的供應商。","",""
"730","092","disconnect","v.","斷線；中斷連接","Please disconnect the power before cleaning.","清潔前請先切斷電源。","",""
"730","092","enthusiastically","adv.","熱情地","The audience applauded enthusiastically.","聽眾熱烈鼓掌。","",""
"730","092","freelance","adj.","自由工作的","She works as a freelance designer.","她是自由接案設計師。","",""
"730","092","grill","n.","烤架","The chef cooks the fish on the grill.","主廚在烤架上烤魚。","",""
"730","092","habitual","adj.","習慣性的","Habitual lateness is not acceptable.","習慣性遲到是不被接受的。","",""
"730","092","internationally","adv.","在國際上","The firm is known internationally.","公司享譽國際。","",""
"730","092","messenger","n.","送信人","A messenger delivered the package.","快遞員送來了包裹。","",""
"730","092","paperback","n.","平裝書","The paperback costs ten dollars.","這本平裝書十美元。","",""
"730","092","recur","v.","再次發生","The error may recur after the update.","更新後這個錯誤可能再次發生。","",""
"730","092","reproduce","v.","複製；重現","It is hard to reproduce the error.","這個錯誤很難重現。","",""
"730","093","spray","v.","噴灑","Please spray the plants once a week.","請每週替植物噴一次水。","",""
"730","093","staple","n.","釘書針；主食","Rice is a staple food in the region.","米是這個地區的主食。","",""
"730","093","stripe","n.","條紋","The uniform has a red stripe.","制服上有一道紅色條紋。","",""
"730","093","teen","n.","青少年","The shop is popular with teens.","這家店很受青少年歡迎。","",""
"730","093","tempt","v.","誘惑","The low price will tempt many buyers.","低價會吸引許多買家。","",""
"730","093","timer","n.","計時器","Set the timer for ten minutes.","請把計時器設為十分鐘。","",""
"730","093","unload","v.","卸貨","Workers unload the trucks every morning.","工人每天早上卸貨。","",""
"730","093","unusually","adv.","異常地","The weather was unusually cold.","天氣異常寒冷。","",""
"730","093","vacate","v.","搬出；騰空","Guests must vacate the room by noon.","房客必須在中午前退房。","",""
"730","093","whale","n.","鯨魚","The tour includes a whale watching trip.","行程包含賞鯨。","",""
"730","093","wisely","adv.","明智地","The firm used its budget wisely.","公司明智地運用預算。","",""
"730","093","amateur","n.","業餘者","The photos were taken by an amateur.","這些照片是業餘人士拍的。","",""
"730","093","ambassador","n.","大使","The ambassador met local business leaders.","大使會見了當地商界領袖。","",""
"730","093","anew","adv.","重新","The firm decided to start anew.","公司決定重新開始。","",""
"730","093","architectural","adj.","建築的","The hotel is an architectural landmark.","這家飯店是建築地標。","",""
"730","093","balloon","n.","氣球","The room was decorated with balloons.","房間用氣球布置。","",""
"730","093","bug","n.","程式錯誤；蟲","The update fixes a software bug.","這次更新修正了一個軟體錯誤。","",""
"730","093","clap","v.","鼓掌","The audience began to clap.","聽眾開始鼓掌。","",""
"730","093","cord","n.","電線；繩","Please unplug the power cord.","請拔掉電源線。","",""
"730","093","counselor","n.","顧問；輔導員","A career counselor will meet the students.","職涯顧問將會見學生。","",""
"730","093","delicate","adj.","易碎的；精細的","Handle the delicate items with care.","請小心搬運易碎的物品。","",""
"730","093","dependence","n.","依賴","The firm wants to reduce its dependence on oil.","公司想降低對石油的依賴。","",""
"730","093","distraction","n.","使人分心的事","Noise is a major distraction.","噪音是主要的干擾。","",""
"730","093","downsize","v.","縮編","The firm plans to downsize its staff.","公司打算縮減人力。","",""
"730","093","elephant","n.","大象","The zoo has two elephants.","動物園有兩頭大象。","",""
"730","093","enthusiasm","n.","熱忱","She shows great enthusiasm for her work.","她對工作充滿熱忱。","",""
"730","093","enthusiast","n.","愛好者","The shop is popular with music enthusiasts.","這家店很受音樂愛好者歡迎。","",""
"730","093","flexibility","n.","彈性","The job offers a lot of flexibility.","這份工作很有彈性。","",""
"730","093","flextime","n.","彈性工時","The firm offers flextime to all staff.","公司對所有員工提供彈性工時。","",""
"730","093","fortunately","adv.","幸運地","Fortunately, the files were saved.","幸好檔案有儲存。","",""
"730","093","freighter","n.","貨船","The freighter carries goods to Europe.","貨船載運貨物到歐洲。","",""
"730","093","generator","n.","發電機","A generator keeps the lights on during a blackout.","停電時發電機讓燈保持亮著。","",""
"730","093","hallway","n.","走廊","Please keep the hallway clear.","請保持走廊暢通。","",""
"730","093","hamburger","n.","漢堡","The cafe sells hamburgers and fries.","這間咖啡廳賣漢堡和薯條。","",""
"730","093","homeowner","n.","屋主","The homeowner signed the contract.","屋主簽了合約。","",""
"730","093","inflate","v.","充氣；膨脹","Prices were inflated during the holiday.","假期期間價格被哄抬。","",""
"730","093","insert","v.","插入","Insert your card into the machine.","請把卡片插入機器。","",""
"730","093","lecturer","n.","講師","The lecturer gave a talk on finance.","講師發表了財務方面的演講。","",""
"730","093","meaningful","adj.","有意義的","The job gives her meaningful work.","這份工作給了她有意義的事。","",""
"730","093","memorize","v.","記住","Please memorize the safety rules.","請記住安全規則。","",""
"730","093","modification","n.","修改","The design needs a small modification.","這個設計需要小幅修改。","",""
"730","093","occupant","n.","居住者","The occupant of the room must sign here.","房間的住客必須在此簽名。","",""
"730","093","overcharge","v.","多收費","The shop overcharged me for the item.","店家多收了我這項商品的錢。","",""
"730","093","petition","n.","請願書","Staff signed a petition for flexible hours.","員工連署請願要求彈性工時。","",""
"730","093","pillow","n.","枕頭","Extra pillows are in the closet.","備用枕頭在衣櫥裡。","",""
"730","093","popcorn","n.","爆米花","Popcorn is sold at the cinema.","電影院有賣爆米花。","",""
"730","093","pottery","n.","陶器","The shop sells handmade pottery.","這家店販售手工陶器。","",""
"730","093","professionally","adv.","專業地","The room was professionally cleaned.","房間經過專業清潔。","",""
"730","093","ray","n.","光線","The sun's rays shone through the window.","陽光從窗戶照進來。","",""
"730","093","redecorate","v.","重新裝潢","The hotel will redecorate the lobby.","飯店將重新裝潢大廳。","",""
"730","094","refinery","n.","煉油廠","The refinery produces fuel for the region.","煉油廠為這個地區生產燃料。","",""
"730","094","refresh","v.","重新整理；使清爽","Please refresh the page to see updates.","請重新整理頁面查看更新。","",""
"730","094","refundable","adj.","可退款的","The ticket is fully refundable.","這張票可全額退款。","",""
"730","094","reliability","n.","可靠性","The product is known for its reliability.","這項產品以可靠聞名。","",""
"730","094","sewer","n.","下水道","Workers repaired the sewer.","工人修理了下水道。","",""
"730","094","skate","v.","溜冰","Guests can skate on the rink.","賓客可以在溜冰場滑冰。","",""
"730","094","skateboard","n.","滑板","The shop sells skateboards.","這家店賣滑板。","",""
"730","094","sleepy","adj.","想睡的","Passengers felt sleepy after the long flight.","乘客在長途飛行後覺得想睡。","",""
"730","094","termination","n.","終止","The contract allows termination with notice.","合約允許通知後終止。","",""
"730","094","theft","n.","竊盜","The firm reported the theft to police.","公司向警方報了失竊。","",""
"730","094","thunderstorm","n.","雷雨","A thunderstorm delayed the flight.","雷雨延誤了班機。","",""
"730","094","transmission","n.","傳輸；變速箱","The transmission of data is secure.","資料傳輸是安全的。","",""
"730","094","transmit","v.","傳送","The device will transmit data every hour.","這個裝置每小時傳送一次資料。","",""
"730","094","unused","adj.","未使用的","Unused tickets can be refunded.","未使用的票可以退款。","",""
"730","094","yen","n.","日圓","The price is five thousand yen.","價格是五千日圓。","",""
"730","094","activate","v.","啟動","Please activate your account.","請啟用你的帳號。","",""
"730","094","additionally","adv.","此外","Additionally, we offer free delivery.","此外，我們還提供免費送貨。","",""
"730","094","affirmative","adj.","肯定的","We received an affirmative reply.","我們收到肯定的答覆。","",""
"730","094","brainstorm","v.","腦力激盪","The team will brainstorm new ideas.","團隊會腦力激盪出新點子。","",""
"730","094","cage","n.","籠子","The zoo keeps birds in a large cage.","動物園把鳥養在大籠子裡。","",""
"730","094","cinema","n.","電影院","The cinema is next to the mall.","電影院在購物中心旁邊。","",""
"730","094","condominium","n.","公寓大廈","The firm built a new condominium.","公司蓋了一棟新的公寓大廈。","",""
"730","094","cordless","adj.","無線的","The cordless phone is on the desk.","無線電話在桌上。","",""
"730","094","deluxe","adj.","豪華的","Guests can book a deluxe room.","賓客可以預訂豪華客房。","",""
"730","094","desirable","adj.","值得擁有的","The location is highly desirable.","這個地點非常搶手。","",""
"730","094","dull","adj.","乏味的；遲鈍的","The talk was long and dull.","這場演講又長又乏味。","",""
"730","094","economically","adv.","經濟地","The firm operates economically.","公司以節約的方式營運。","",""
"730","094","evenly","adv.","均勻地","Spread the cost evenly across the year.","把成本平均分攤到全年。","",""
"730","094","excellence","n.","卓越","The firm is known for its excellence.","公司以卓越聞名。","",""
"730","094","exclusively","adv.","專屬地","The lounge is exclusively for members.","休息室僅供會員使用。","",""
"730","094","farewell","n.","告別","The firm held a farewell party for him.","公司為他舉辦了歡送會。","",""
"730","094","fatigue","n.","疲勞","Fatigue can cause mistakes at work.","疲勞可能造成工作上的失誤。","",""
"730","094","fleet","n.","車隊；艦隊","The firm owns a fleet of trucks.","公司擁有一支卡車車隊。","",""
"730","094","flour","n.","麵粉","The bakery buys flour in bulk.","麵包店大量採購麵粉。","",""
"730","094","fog","n.","霧","Heavy fog delayed the flights.","濃霧延誤了班機。","",""
"730","094","formally","adv.","正式地","The deal was formally announced on Monday.","這筆交易週一正式宣布。","",""
"730","094","gram","n.","公克","The product weighs fifty grams.","這項產品重五十公克。","",""
"730","094","handbook","n.","手冊","The staff handbook explains the rules.","員工手冊說明了各項規定。","",""
"730","094","headphone","n.","耳機","Plug the headphone into the left port.","請把耳機插進左側插孔。","",""
"730","094","heater","n.","暖氣機","The heater is in the corner of the room.","暖氣機在房間角落。","",""
"730","094","hiker","n.","健行者","Hikers can rest at the lodge.","健行者可以在山莊休息。","",""
"730","094","homeless","adj.","無家可歸的","The firm donates meals to homeless people.","公司捐贈餐點給無家可歸的人。","",""
"730","094","lighter","n.","打火機","Passengers may not carry a lighter on board.","乘客不得攜帶打火機登機。","",""
"730","094","loudly","adv.","大聲地","Please do not speak loudly in the library.","圖書館內請勿大聲說話。","",""
"730","094","microwave","n.","微波爐","There is a microwave in the break room.","休息室有一台微波爐。","",""
"730","094","misidentify","v.","認錯","The system may misidentify some items.","系統可能會誤認某些項目。","",""
"730","094","neat","adj.","整齊的","Please keep your desk neat.","請保持桌面整齊。","",""
"730","094","nomination","n.","提名","She received a nomination for the award.","她獲得了這個獎項的提名。","",""
"730","094","officially","adv.","正式地","The store will officially open on Friday.","這家店將在週五正式開幕。","",""
"730","094","outfit","n.","服裝；組合","She wore a smart business outfit.","她穿著一套俐落的商務服裝。","",""
"730","095","pastry","n.","糕點","The bakery sells fresh pastry every morning.","麵包店每天早上賣新鮮糕點。","",""
"730","095","personalize","v.","客製化","You can personalize the card with a message.","你可以在卡片上加上個人訊息。","",""
"730","095","poorly","adv.","差地","The product sold poorly last year.","這項產品去年賣得不好。","",""
"730","095","prestigious","adj.","有聲望的","She won a prestigious award.","她贏得了一個很有名望的獎項。","",""
"730","095","purser","n.","事務長","The purser welcomed the passengers.","事務長歡迎乘客登機。","",""
"730","095","reassure","v.","使安心","The manager tried to reassure the customers.","經理試圖讓顧客安心。","",""
"730","095","reunion","n.","重聚","The firm holds a staff reunion each year.","公司每年舉辦員工重聚。","",""
"730","095","revolutionize","v.","徹底改變","The app will revolutionize online shopping.","這個應用程式將徹底改變網路購物。","",""
"730","095","seafood","n.","海鮮","The buffet includes fresh seafood every Friday.","自助餐每週五提供新鮮海鮮。","",""
"730","095","signify","v.","表示；意味著","A green light will signify that the machine is ready.","綠燈表示機器已就緒。","",""
"730","095","slot","n.","時段；投幣口","There is a free slot at three o'clock.","三點有一個空檔。","",""
"730","095","steer","v.","引導；駕駛","The manager will steer the project to success.","經理將帶領專案邁向成功。","",""
"730","095","superb","adj.","極好的","The hotel offers superb service.","這家飯店提供極佳的服務。","",""
"730","095","traditionally","adv.","傳統上","Traditionally, the shop closes on Sundays.","傳統上，這家店週日休息。","",""
"730","095","tremendous","adj.","極大的","The firm made a tremendous profit.","公司賺了一大筆利潤。","",""
"730","095","underway","adj.","進行中的","Construction is already underway.","工程已經在進行中。","",""
"730","095","unpleasant","adj.","令人不愉快的","The smell in the room was unpleasant.","房間裡的味道很不舒服。","",""
"730","095","violin","n.","小提琴","She plays the violin in the orchestra.","她在管弦樂團拉小提琴。","",""
"730","095","ward","n.","病房；行政區","The hospital opened a new ward.","醫院開設了新的病房。","",""
"730","095","worthwhile","adj.","值得的","The trip was well worthwhile.","這趟旅行非常值得。","",""
"730","095","adapter","n.","轉接器","You will need a plug adapter in Europe.","在歐洲你會需要插頭轉接器。","",""
"730","095","artistic","adj.","藝術的","The hotel has an artistic design.","飯店有藝術感的設計。","",""
"730","095","assurance","n.","保證","We give you our assurance of quality.","我們向你保證品質。","",""
"730","095","athletic","adj.","運動的","The firm sponsors an athletic club.","公司贊助一個運動俱樂部。","",""
"730","095","butter","n.","奶油","Breakfast comes with toast and butter.","早餐附吐司和奶油。","",""
"730","095","centimeter","n.","公分","The screen is thirty centimeters wide.","螢幕寬三十公分。","",""
"730","095","comb","n.","梳子","The hotel provides a comb and a brush.","飯店提供梳子和刷子。","",""
"730","095","comfortably","adv.","舒適地","The room can comfortably seat ten people.","這個房間可以舒適地坐十個人。","",""
"730","095","contraction","n.","縮減；縮寫","The economy faced a contraction.","經濟面臨萎縮。","",""
"730","095","cookbook","n.","食譜書","The chef published a new cookbook.","主廚出版了一本新食譜書。","",""
"730","095","cushion","n.","靠墊","There are cushions on every chair.","每張椅子上都有靠墊。","",""
"730","095","drum","n.","鼓；桶","The oil is stored in a steel drum.","油存放在鋼桶裡。","",""
"730","095","embed","v.","嵌入","The video is embedded in the page.","影片嵌入在頁面中。","",""
"730","095","extinguisher","n.","滅火器","A fire extinguisher is in every hall.","每條走廊都有滅火器。","",""
"730","095","familiarity","n.","熟悉度","Familiarity with the software is required.","需要熟悉這套軟體。","",""
"730","095","honestly","adv.","老實說","Honestly, the plan needs more work.","老實說，這個計畫還需要加強。","",""
"730","095","housekeep","v.","做房務清潔","Staff housekeep every room before noon.","員工在中午前完成每間房的清潔。","",""
"730","095","hurricane","n.","颶風","The hurricane closed the airport.","颶風讓機場關閉。","",""
"730","095","hygiene","n.","衛生","Good hygiene is vital in the kitchen.","廚房裡良好的衛生至關重要。","",""
"730","095","interactive","adj.","互動式的","The museum has interactive displays.","博物館有互動式展覽。","",""
"730","095","kilogram","n.","公斤","The bag weighs two kilograms.","這個袋子重兩公斤。","",""
"730","095","layoff","n.","裁員","The firm announced a layoff of fifty staff.","公司宣布裁員五十人。","",""
"730","095","lightweight","adj.","輕量的","The laptop is thin and lightweight.","這台筆電又薄又輕。","",""
"730","095","necklace","n.","項鍊","She wore a silver necklace.","她戴著一條銀項鍊。","",""
"730","095","needy","adj.","貧困的","The firm donates food to needy families.","公司捐贈食物給貧困家庭。","",""
"730","095","overpay","v.","多付","Customers may overpay if they do not check.","顧客若不檢查可能會多付錢。","",""
"730","095","pamphlet","n.","小冊子","A pamphlet explains the rules.","一本小冊子說明了規則。","",""
"730","095","partial","adj.","部分的","The firm offers a partial refund.","公司提供部分退款。","",""
"730","095","penalize","v.","處罰","The firm will penalize late delivery.","公司會對延遲交貨進行處罰。","",""
"730","095","pollute","v.","污染","The factory may pollute the river.","這家工廠可能污染河川。","",""
"730","096","prescribe","v.","開處方；規定","The doctor will prescribe a new medicine.","醫生會開新的藥。","",""
"730","096","probable","adj.","很可能的","A delay is probable because of the storm.","因為暴風雨，很可能會延誤。","",""
"730","096","rainfall","n.","降雨量","Heavy rainfall closed the road.","大雨讓道路封閉。","",""
"730","096","relocation","n.","搬遷","The relocation of the office will take a week.","辦公室搬遷需要一週。","",""
"730","096","residence","n.","住所","Please state your place of residence.","請填寫你的居住地。","",""
"730","096","rider","n.","乘客；騎士","Riders must buy a ticket before boarding.","乘客上車前必須先買票。","",""
"730","096","rubber","n.","橡膠","The tires are made of rubber.","輪胎是橡膠做的。","",""
"730","096","rug","n.","小地毯","A rug covers the lobby floor.","大廳地板上鋪著一塊地毯。","",""
"730","096","salespeople","n.","業務人員","The salespeople attend a weekly meeting.","業務人員每週開會。","",""
"730","096","sharply","adv.","急劇地","Prices rose sharply last month.","價格上個月急劇上漲。","",""
"730","096","similarity","n.","相似之處","There is a strong similarity between the two plans.","這兩個計畫非常相似。","",""
"730","096","someday","adv.","有一天","Someday we hope to open a branch abroad.","我們希望有一天能在海外開分店。","",""
"730","096","spectator","n.","觀眾","Spectators lined up outside the stadium.","觀眾在體育場外排隊。","",""
"730","096","stereo","n.","音響","The room has a stereo and a television.","房間有音響和電視。","",""
"730","096","storeroom","n.","儲藏室","Extra supplies are kept in the storeroom.","多餘的用品放在儲藏室。","",""
"730","096","subsidize","v.","補貼","The government will subsidize new housing.","政府將補貼新建住宅。","",""
"730","096","suspicious","adj.","可疑的","Please report any suspicious activity.","任何可疑活動請回報。","",""
"730","096","tasty","adj.","好吃的","The cafeteria serves tasty meals.","員工餐廳供應好吃的餐點。","",""
"730","096","terrific","adj.","極好的","You did a terrific job.","你做得非常好。","",""
"730","096","underground","adj.","地下的","The parking lot is underground.","停車場在地下。","",""
"730","096","dare","v.","敢","No one dared to challenge the plan.","沒有人敢挑戰這個計畫。","",""
"730","096","unpaid","adj.","未付的","Unpaid bills will be sent to collection.","未付的帳單會轉交催收。","",""
"730","096","rid","v.","擺脫","The firm hopes to rid itself of debt.","公司希望擺脫債務。","",""
"730","096","divorce","n.","離婚","The firm offers advice on divorce.","公司提供離婚相關的諮詢。","",""
"730","096","volleyball","n.","排球","Staff play volleyball on the beach.","員工在海灘打排球。","",""
"730","096","ruin","v.","毀掉","One mistake could ruin the whole project.","一個錯誤可能毀掉整個專案。","",""
"730","096","bury","v.","埋；掩蓋","Do not bury important details in the report.","別把重要細節埋在報告裡。","",""
"730","096","wheelchair","n.","輪椅","The clinic provides a wheelchair for visitors.","診所為訪客提供輪椅。","",""
"730","096","counsel","n.","法律顧問；建議","The firm hired counsel to review the deal.","公司聘請法律顧問審閱這筆交易。","",""
"730","096","tendency","n.","傾向","Prices have a tendency to rise in summer.","價格有在夏天上漲的傾向。","",""
"730","096","whoever","pron.","無論誰","Whoever arrives first should open the door.","誰先到誰就開門。","",""
"730","096","survival","n.","生存","The firm's survival depends on this contract.","公司的生存取決於這份合約。","",""
"730","096","wool","n.","羊毛","The coat is made of pure wool.","這件大衣是純羊毛製的。","",""
"730","096","wrinkle","n.","皺紋；皺褶","Hang the shirt to avoid a wrinkle.","把襯衫掛起來以免起皺。","",""
"730","096","valley","n.","山谷","The hotel is in a quiet valley.","飯店位在安靜的山谷。","",""
"730","096","accuracy","n.","準確度","The accuracy of the data is important.","數據的準確度很重要。","",""
"730","096","float","v.","漂浮；發行","The firm plans to float its shares next year.","公司打算明年發行股票上市。","",""
"730","096","mad","adj.","生氣的；瘋狂的","Customers were mad about the delay.","顧客對延誤很生氣。","",""
"730","096","anyhow","adv.","無論如何","Anyhow, the meeting will go ahead.","無論如何，會議照常舉行。","",""
"730","096","greatly","adv.","大大地","We greatly appreciate your help.","我們非常感謝你的幫忙。","",""
"730","096","visible","adj.","看得見的","The sign is clearly visible from the road.","從路上可以清楚看到這個標誌。","",""
"730","096","electric","adj.","電動的","The firm sells electric cars.","公司販售電動車。","",""
"730","096","impressive","adj.","令人印象深刻的","Her results were impressive.","她的成果令人印象深刻。","",""
"730","096","evolution","n.","演進","The evolution of the industry has been rapid.","這個產業的演進非常快。","",""
"730","096","arc","n.","弧形","The road follows a wide arc.","這條路呈一道大弧形。","",""
"730","096","awareness","n.","意識","The campaign raises awareness of safety.","這項活動提高大眾對安全的意識。","",""
"730","096","violent","adj.","暴力的；猛烈的","Violent storms hit the coast.","猛烈的暴風雨襲擊海岸。","",""
"730","096","audition","n.","試鏡","Applicants must attend an audition.","應徵者必須參加試鏡。","",""
"730","096","wealthy","adj.","富裕的","The shop targets wealthy customers.","這家店鎖定富裕的顧客。","",""
"730","096","backpack","n.","背包","Please leave your backpack at the desk.","請把背包放在櫃台。","",""
"730","097","architecture","n.","建築；架構","The hotel is known for its modern architecture.","這家飯店以現代建築聞名。","",""
"730","097","acceptable","adj.","可接受的","The quality of the product is acceptable.","這項產品的品質可以接受。","",""
"730","097","ballroom","n.","宴會廳","The banquet will be held in the ballroom.","宴會將在宴會廳舉行。","",""
"730","097","coal","n.","煤","The plant burns coal to make power.","這座電廠燒煤發電。","",""
"730","097","measurement","n.","測量","Please check the measurement of the room.","請確認房間的尺寸。","",""
"730","097","successfully","adv.","成功地","The team successfully completed the project.","團隊成功完成了專案。","",""
"730","097","biography","n.","傳記","The speaker's biography is in the program.","講者的簡介列在節目單中。","",""
"730","097","depress","v.","使沮喪；壓低","Bad weather may depress sales.","壞天氣可能壓低銷售。","",""
"730","097","illustration","n.","插圖","The manual has a clear illustration.","手冊有一幅清楚的插圖。","",""
"730","097","burst","v.","爆裂；突然出現","A pipe burst in the basement.","地下室有一條水管破裂。","",""
"730","097","buyer","n.","買家","The buyer asked for a lower price.","買家要求降價。","",""
"730","097","cheeseburger","n.","起司漢堡","The cafe serves a famous cheeseburger.","這間咖啡廳賣一款有名的起司漢堡。","",""
"730","097","rail","n.","鐵路；欄杆","The firm ships goods by rail.","公司以鐵路運送貨物。","",""
"730","097","laboratory","n.","實驗室","The laboratory tests every sample.","實驗室檢驗每個樣本。","",""
"730","097","chilly","adj.","涼颼颼的","It is chilly in the conference room.","會議室裡涼颼颼的。","",""
"730","097","circus","n.","馬戲團","The circus comes to town in June.","馬戲團六月來到這座城市。","",""
"730","097","champion","n.","冠軍；擁護者","She is a champion of equal pay.","她是同工同酬的擁護者。","",""
"730","097","compliment","n.","讚美","The chef received a compliment from the guests.","主廚獲得了賓客的讚美。","",""
"730","097","fulfill","v.","履行；滿足","The firm must fulfill its promise.","公司必須履行承諾。","",""
"730","097","dust","n.","灰塵","Dust can damage the equipment.","灰塵會損壞設備。","",""
"730","097","consignment","n.","寄售；託運貨物","The consignment will arrive on Monday.","這批託運貨物會在週一到。","",""
"730","097","roughly","adv.","大約","The trip takes roughly two hours.","這趟路程大約要兩小時。","",""
"730","097","continental","adj.","大陸的","Continental breakfast is served daily.","每天供應歐陸式早餐。","",""
"730","097","skirt","n.","裙子","The uniform includes a skirt or trousers.","制服包含裙子或長褲。","",""
"730","097","province","n.","省份","The firm has a plant in every province.","公司在每個省份都有工廠。","",""
"730","097","march","v.","行進","Staff will march in the parade.","員工將參加遊行。","",""
"730","097","countryside","n.","鄉間","The hotel is in the countryside.","飯店位在鄉間。","",""
"730","097","weakness","n.","弱點","The report points out the firm's weakness.","報告指出公司的弱點。","",""
"730","097","demolish","v.","拆除","The firm will demolish the old building.","公司將拆除這棟舊大樓。","",""
"730","097","salt","n.","鹽","The soup needs a little salt.","這道湯需要一點鹽。","",""
"730","097","departmental","adj.","部門的","A departmental meeting is held weekly.","每週召開部門會議。","",""
"730","097","opera","n.","歌劇","The firm invited clients to the opera.","公司邀請客戶去看歌劇。","",""
"730","097","desperate","adj.","迫切的","The firm is desperate for skilled workers.","公司迫切需要熟練工人。","",""
"730","097","contest","n.","比賽","The firm runs a photo contest.","公司舉辦攝影比賽。","",""
"730","097","brush","n.","刷子","Use a brush to clean the machine.","用刷子清潔機器。","",""
"730","097","embarrass","v.","使尷尬","The error may embarrass the firm.","這個錯誤可能讓公司難堪。","",""
"730","097","genetic","adj.","基因的","The firm does genetic research.","公司進行基因研究。","",""
"730","097","diagnostic","adj.","診斷的","Run the diagnostic test first.","請先執行診斷測試。","",""
"730","097","chest","n.","胸部；箱子","The first aid kit is in the chest.","急救包在箱子裡。","",""
"730","097","literary","adj.","文學的","The festival celebrates literary talent.","這個節慶表揚文學人才。","",""
"730","097","diamond","n.","鑽石","The store sells diamond rings.","這家店販售鑽戒。","",""
"730","097","disable","v.","停用","You can disable the alert in settings.","你可以在設定中停用警示。","",""
"730","097","praise","v.","稱讚","The manager will praise her work.","經理會稱讚她的工作。","",""
"730","097","silent","adj.","安靜的","Please keep your phone silent.","請把手機調成靜音。","",""
"730","097","pump","n.","幫浦","The pump supplies water to the building.","幫浦為大樓供水。","",""
"730","097","disgust","n.","厭惡","Customers expressed disgust at the dirty room.","顧客對骯髒的房間表示厭惡。","",""
"730","097","publisher","n.","出版商","The publisher will release the book in May.","出版商將在五月發行這本書。","",""
"730","097","celebration","n.","慶祝活動","The celebration will start at noon.","慶祝活動中午開始。","",""
"730","097","donut","n.","甜甜圈","Donuts are served at the morning meeting.","晨會供應甜甜圈。","",""
"730","097","golf","n.","高爾夫","The firm hosts a golf day for clients.","公司為客戶舉辦高爾夫日。","",""
"730","098","doorman","n.","門衛","The doorman will call a taxi for you.","門衛會幫你叫計程車。","",""
"730","098","classical","adj.","古典的","Classical music plays in the lobby.","大廳播放著古典音樂。","",""
"730","098","weigh","v.","秤重；權衡","Please weigh your luggage before check-in.","辦理登機前請先秤行李重量。","",""
"730","098","electronically","adv.","以電子方式","Please submit the form electronically.","請以電子方式提交表格。","",""
"730","098","versus","prep.","對比；對抗","The report compares cost versus benefit.","報告比較了成本與效益。","",""
"730","098","flash","n.","閃光","Please do not use a flash in the museum.","博物館內請勿使用閃光燈。","",""
"730","098","friendship","n.","友誼","The deal began as a friendship.","這筆生意是從友誼開始的。","",""
"730","098","literally","adv.","字面上地","The word literally means ""by the letter"".","這個字字面上的意思是「照字面」。","",""
"730","098","enrollment","n.","註冊；入學人數","Enrollment for the course closes Friday.","課程報名週五截止。","",""
"730","098","equation","n.","方程式","The equation is shown on the board.","方程式寫在白板上。","",""
"730","098","gesture","n.","手勢；表示","Sending flowers was a kind gesture.","送花是個貼心的表示。","",""
"730","098","euro","n.","歐元","The price is fifty euros.","價格是五十歐元。","",""
"730","098","entertain","v.","招待；娛樂","The firm will entertain clients at dinner.","公司將在晚宴招待客戶。","",""
"730","098","fantastic","adj.","極好的","The view from the room is fantastic.","房間的景色棒極了。","",""
"730","098","fork","n.","叉子","Please bring a fork and a knife.","請帶叉子和刀子。","",""
"730","098","historic","adj.","歷史性的","The hotel is in a historic building.","飯店位在歷史建築裡。","",""
"730","098","injure","v.","使受傷","Wet floors may injure staff.","濕滑的地板可能讓員工受傷。","",""
"730","098","remote","adj.","遠端的；偏遠的","Many staff do remote work on Fridays.","許多員工週五遠距工作。","",""
"730","098","orange","n.","柳橙；橘色","Fresh orange juice is served at breakfast.","早餐供應新鮮柳橙汁。","",""
"730","098","getaway","n.","短途度假","The firm offers a weekend getaway package.","公司推出週末度假套裝行程。","",""
"730","098","twist","n.","轉折；扭轉","There was a surprising twist in the plan.","計畫出現了出人意料的轉折。","",""
"730","098","gossip","n.","閒話","Gossip can harm office morale.","閒話可能損害辦公室士氣。","",""
"730","098","imagination","n.","想像力","The job calls for imagination.","這份工作需要想像力。","",""
"730","098","hacker","n.","駭客","A hacker tried to break into the system.","有駭客試圖入侵系統。","",""
"730","098","throat","n.","喉嚨","Drink water if your throat is dry.","喉嚨乾的話請喝點水。","",""
"730","098","hardworking","adj.","勤奮的","The firm hires hardworking young staff.","公司僱用勤奮的年輕員工。","",""
"730","098","forever","adv.","永遠","The offer will not last forever.","這項優惠不會永遠有效。","",""
"730","098","impatient","adj.","不耐煩的","Customers grew impatient at the long wait.","顧客因為久候而不耐煩。","",""
"730","098","joy","n.","喜悅","The joy of the team was clear.","團隊的喜悅溢於言表。","",""
"730","098","indirect","adj.","間接的","Indirect costs must be included.","間接成本必須算進去。","",""
"730","098","pregnant","adj.","懷孕的","Pregnant staff may leave early.","懷孕的員工可以提早下班。","",""
"730","098","interpreter","n.","口譯員","An interpreter will join the meeting.","會議將有口譯員參加。","",""
"730","098","click","v.","點擊","Click the button to submit your application.","請點擊按鈕送出申請。","",""
"730","098","poet","n.","詩人","A famous poet will read at the event.","一位知名詩人將在活動中朗誦。","",""
"730","098","irrelevant","adj.","不相關的","Please delete the irrelevant data.","請刪除不相關的資料。","",""
"730","098","pig","n.","豬","Visitors can feed a pig at the farm.","訪客可以在農場餵豬。","",""
"730","098","jeans","n.","牛仔褲","Jeans are allowed on Fridays.","週五可以穿牛仔褲。","",""
"730","098","mixture","n.","混合物","The mixture must be stirred for ten minutes.","混合物必須攪拌十分鐘。","",""
"730","098","automatically","adv.","自動地","The door opens automatically.","門會自動開啟。","",""
"730","098","journalism","n.","新聞業","She studied journalism at college.","她在大學讀新聞。","",""
"730","098","scholar","n.","學者","A visiting scholar will give a lecture.","一位訪問學者將發表演講。","",""
"730","098","psychological","adj.","心理的","Psychological stress can affect work.","心理壓力可能影響工作。","",""
"730","098","letterhead","n.","信紙抬頭","Please print the letter on company letterhead.","請把信印在公司信紙上。","",""
"730","098","dramatically","adv.","戲劇性地","Sales rose dramatically in June.","銷售在六月大幅上升。","",""
"730","098","lifeguard","n.","救生員","A lifeguard is on duty at the pool.","泳池有救生員值勤。","",""
"730","098","creature","n.","生物","The aquarium has many sea creatures.","水族館有許多海洋生物。","",""
"730","098","modem","n.","數據機","Please restart the modem.","請重新啟動數據機。","",""
"730","098","participation","n.","參與","Thank you for your participation.","感謝你的參與。","",""
"730","098","monument","n.","紀念碑","The tour passes a famous monument.","行程會經過一座有名的紀念碑。","",""
"730","098","chamber","n.","議事廳；房間","The meeting will be held in the council chamber.","會議將在議事廳舉行。","",""
"730","099","fancy","adj.","高級的；花俏的","The hotel has a fancy restaurant.","飯店有一間高級餐廳。","",""
"730","099","mosquito","n.","蚊子","The room has a mosquito net.","房間有蚊帳。","",""
"730","099","poetry","n.","詩歌","The cafe hosts a poetry night.","咖啡廳舉辦詩歌之夜。","",""
"730","099","chat","v.","聊天","Staff chat in the break room.","員工在休息室聊天。","",""
"730","099","obligate","v.","使有義務","The contract does not obligate us to buy.","合約沒有規定我們非買不可。","",""
"730","099","clothing","n.","衣物","The store sells clothing for all seasons.","這家店賣四季的衣物。","",""
"730","099","sake","n.","緣故","For the sake of safety, please wear a helmet.","為了安全，請戴安全帽。","",""
"730","099","occurrence","n.","發生；事件","The error is a rare occurrence.","這個錯誤很少發生。","",""
"730","099","tail","n.","尾部","Please sit near the tail of the plane.","請坐在飛機尾部附近。","",""
"730","099","possession","n.","擁有；財物","The ring is her most valued possession.","這枚戒指是她最珍視的財物。","",""
"730","099","curious","adj.","好奇的","Customers are curious about the new model.","顧客對新機型很好奇。","",""
"730","099","outage","n.","停電；中斷","A power outage lasted two hours.","停電持續了兩小時。","",""
"730","099","wooden","adj.","木製的","The hotel has wooden floors.","飯店有木質地板。","",""
"730","099","boom","n.","繁榮；暴增","The city is enjoying a tourism boom.","這座城市正享受觀光熱潮。","",""
"730","099","overcrowd","v.","使過度擁擠","Too many visitors may overcrowd the hall.","太多訪客可能讓大廳過度擁擠。","",""
"730","099","tale","n.","故事","The guide told a tale about the old castle.","導遊講了一則關於古堡的故事。","",""
"730","099","democratic","adj.","民主的","The firm has a democratic culture.","公司有民主的文化。","",""
"730","099","paralegal","n.","法務助理","The paralegal prepared the documents.","法務助理準備了文件。","",""
"730","099","consequently","adv.","因此","The flight was late; consequently, we missed the meeting.","班機延誤，所以我們錯過了會議。","",""
"730","099","partially","adv.","部分地","The road is partially closed.","道路部分封閉。","",""
"730","099","cow","n.","母牛","The farm keeps a hundred cows.","農場養了一百頭牛。","",""
"730","099","strengthen","v.","加強","The firm will strengthen its security.","公司將加強安全。","",""
"730","099","pepper","n.","胡椒；辣椒","Please pass the salt and pepper.","請把鹽和胡椒遞過來。","",""
"730","099","whilst","conj.","當…時","Please wait here whilst I check.","我確認時請在這裡稍候。","",""
"730","099","permanently","adv.","永久地","The store is permanently closed.","這家店已永久歇業。","",""
"730","099","bin","n.","垃圾桶；箱子","Please put paper in the recycling bin.","紙類請丟進回收箱。","",""
"730","099","plow","v.","犁；投入","The firm will plow profits back into research.","公司會把利潤再投入研究。","",""
"730","099","potentially","adv.","潛在地","The software is potentially dangerous.","這套軟體可能有危險。","",""
"730","099","query","n.","疑問","Please send your query by email.","請以電子郵件寄出你的疑問。","",""
"730","099","pretend","v.","假裝","Do not pretend that nothing happened.","別假裝什麼都沒發生。","",""
"730","099","railway","n.","鐵路","The railway connects the two cities.","鐵路連接兩座城市。","",""
"730","099","diversity","n.","多元性","The firm values diversity.","公司重視多元性。","",""
"730","099","allege","v.","聲稱","The report alleges that the firm hid the loss.","報告指稱公司隱瞞了虧損。","",""
"730","099","pride","n.","自豪","We take pride in our service.","我們以我們的服務為傲。","",""
"730","099","raincoat","n.","雨衣","Bring a raincoat; it may rain.","帶件雨衣吧，可能會下雨。","",""
"730","099","reconsider","v.","重新考慮","We ask you to reconsider the decision.","我們請你重新考慮這項決定。","",""
"730","099","redesign","v.","重新設計","The firm will redesign its website.","公司將重新設計網站。","",""
"730","099","strict","adj.","嚴格的","The firm has strict safety rules.","公司有嚴格的安全規定。","",""
"730","099","rehearsal","n.","排練","The rehearsal starts at ten.","排練十點開始。","",""
"730","099","shell","n.","殼","The shell of the building is complete.","大樓的主體結構已完成。","",""
"730","099","relaxation","n.","放鬆","The spa offers relaxation and comfort.","水療中心提供放鬆與舒適。","",""
"730","099","humor","n.","幽默","The speaker used humor to win the crowd.","講者用幽默贏得了群眾。","",""
"730","099","limitation","n.","限制","The software has one major limitation.","這套軟體有一項主要限制。","",""
"730","099","repetition","n.","重複","Repetition helps you remember new words.","重複有助於記住新單字。","",""
"730","099","indication","n.","跡象","There is no indication of a problem.","沒有任何問題的跡象。","",""
"730","099","retreat","n.","靜修；撤退","The firm holds an annual staff retreat.","公司每年舉辦員工靜修營。","",""
"730","099","wise","adj.","明智的","It is wise to book early.","提早預訂是明智的。","",""
"730","099","neglect","v.","忽視","Do not neglect routine checks.","不要忽略例行檢查。","",""
"730","099","salon","n.","沙龍","The hotel has a hair salon.","飯店有一間美髮沙龍。","",""
"730","099","compose","v.","組成；撰寫","The committee is composed of seven members.","委員會由七名成員組成。","",""
"730","100","jail","n.","監獄","The firm provides books to the jail library.","公司為監獄圖書館提供書籍。","",""
"730","100","satellite","n.","衛星","The firm uses satellite images to plan routes.","公司用衛星影像規劃路線。","",""
"730","100","shelter","n.","避難所；遮蔽處","Staff took shelter during the storm.","員工在暴風雨期間躲避。","",""
"730","100","mere","adj.","僅僅的","The delay was a mere ten minutes.","延誤只有短短十分鐘。","",""
"730","100","scenery","n.","風景","The hotel is famous for its scenery.","飯店以風景聞名。","",""
"730","100","carbon","n.","碳","The firm aims to cut its carbon output.","公司目標是減少碳排放。","",""
"730","100","serial","adj.","序列的","Please enter the serial number.","請輸入序號。","",""
"730","100","sew","v.","縫紉","The factory workers sew the garments by hand.","工廠工人用手縫製衣服。","",""
"730","100","destruction","n.","破壞","The storm caused widespread destruction.","暴風雨造成大範圍破壞。","",""
"730","100","guitar","n.","吉他","He plays the guitar in the band.","他在樂團彈吉他。","",""
"730","100","sketch","n.","草圖","The designer showed us a sketch.","設計師給我們看了一張草圖。","",""
"730","100","piano","n.","鋼琴","There is a piano in the hotel lobby.","飯店大廳有一架鋼琴。","",""
"730","100","smartphone","n.","智慧型手機","Download the app on your smartphone.","請在你的智慧型手機上下載應用程式。","",""
"730","100","magic","n.","魔術；魔法","The show includes a magic act.","表演包含魔術節目。","",""
"730","100","mystery","n.","謎團","The cause of the fault is still a mystery.","故障原因仍是個謎。","",""
"730","100","soar","v.","飆升","Sales soared after the campaign.","活動後銷售飆升。","",""
"730","100","ski","n.","滑雪","The firm organizes a ski trip each winter.","公司每年冬天安排滑雪旅行。","",""
"730","100","whisper","v.","低語","Please whisper in the library.","圖書館內請小聲說話。","",""
"730","100","rear","n.","後面","The exit is at the rear of the building.","出口在大樓後方。","",""
"730","100","stimulus","n.","刺激","The tax cut gave a stimulus to spending.","減稅刺激了消費。","",""
"730","100","species","n.","物種","The park protects many species.","公園保護許多物種。","",""
"730","100","stockbroker","n.","股票經紀人","The stockbroker advised us to wait.","股票經紀人建議我們等一等。","",""
"730","100","moon","n.","月亮","The hotel has a view of the moon over the sea.","飯店能看到海上的月亮。","",""
"730","100","presumably","adv.","大概；想必","Presumably, the shipment has already left.","想必貨物已經出發了。","",""
"730","100","tablecloth","n.","桌巾","The tablecloth is changed every day.","桌巾每天更換。","",""
"730","100","bless","v.","祝福","We wish to bless the new store with success.","我們祝福新店生意興隆。","",""
"730","100","airline","n.","航空公司","The airline offers free meals.","這家航空公司提供免費餐點。","",""
"730","100","thirsty","adj.","口渴的","Thirsty guests can find water in the lobby.","口渴的賓客可以在大廳找到水。","",""
"730","100","grandmother","n.","祖母","Her grandmother founded the shop.","她祖母創辦了這家店。","",""
"730","100","thrill","n.","刺激；興奮","The ride gives visitors a thrill.","這個遊樂設施讓遊客感到刺激。","",""
"730","100","jury","n.","評審團；陪審團","The jury will choose the winner.","評審團將選出優勝者。","",""
"730","100","cooperation","n.","合作","Thank you for your cooperation.","感謝你的合作。","",""
"730","100","tile","n.","磁磚","The bathroom floor is covered with tile.","浴室地板鋪著磁磚。","",""
"730","100","civilian","n.","平民","The museum is open to civilians.","博物館對一般民眾開放。","",""
"730","100","composition","n.","組成；作文","The composition of the team is diverse.","團隊的組成很多元。","",""
"730","100","coin","n.","硬幣","Insert a coin to unlock the cart.","投入一枚硬幣即可解鎖推車。","",""
"730","100","toiletry","n.","盥洗用品","The hotel provides free toiletries.","飯店提供免費盥洗用品。","",""
"730","100","regardless","adv.","不管怎樣","Regardless of cost, we must act.","不論成本如何，我們都必須行動。","",""
"730","100","bunch","n.","一串；一群","She brought a bunch of flowers.","她帶來了一束花。","",""
"730","100","racial","adj.","種族的","The firm bans racial discrimination.","公司禁止種族歧視。","",""
"730","100","tropical","adj.","熱帶的","The resort is on a tropical island.","度假村位於熱帶島嶼。","",""
"730","100","hopefully","adv.","希望地","Hopefully, the shipment will arrive today.","希望貨物今天能到。","",""
"730","100","tuna","n.","鮪魚","The restaurant serves fresh tuna.","這家餐廳供應新鮮鮪魚。","",""
"730","100","trick","n.","訣竅；把戲","Here is a trick for saving time.","這裡有個節省時間的訣竅。","",""
"730","100","paragraph","n.","段落","Please read the first paragraph.","請讀第一段。","",""
"730","100","unemployed","adj.","失業的","The program helps unemployed workers.","這項計畫幫助失業的工人。","",""
"730","100","maker","n.","製造者","The maker offers a one-year warranty.","製造商提供一年保固。","",""
"730","101","chocolate","n.","巧克力","The hotel leaves chocolate on every pillow.","飯店在每個枕頭上放一塊巧克力。","",""
"730","101","belt","n.","腰帶；輸送帶","Luggage arrives on the belt at gate B.","行李會從 B 號出口的輸送帶送出。","",""
"730","101","vanilla","n.","香草","The dessert comes with vanilla ice cream.","這道甜點附香草冰淇淋。","",""
"730","101","potato","n.","馬鈴薯","The meal comes with baked potato.","這份餐附烤馬鈴薯。","",""
"730","101","willingness","n.","意願","We appreciate your willingness to help.","我們感謝你樂意幫忙。","",""
"730","101","tissue","n.","面紙","Tissue is available in every room.","每間房都備有面紙。","",""
"730","101","wristwatch","n.","手錶","He checked his wristwatch and left.","他看了看手錶就離開了。","",""
"730","101","tourism","n.","觀光業","Tourism is the city's main industry.","觀光業是這座城市的主要產業。","",""
"730","101","pro","n.","專業人士；贊成","The pros and cons were listed in the report.","報告列出了利弊。","",""
"730","101","stair","n.","階梯","One stair is broken and needs repair.","有一階樓梯壞了需要修理。","",""
"730","101","hesitate","v.","猶豫","Do not hesitate to contact us.","請隨時與我們聯絡。","",""
"730","101","actively","adv.","積極地","The firm is actively seeking new partners.","公司正積極尋找新夥伴。","",""
"730","101","shine","v.","發亮；表現出色","The new designer will shine in this role.","新設計師在這個職位上會表現亮眼。","",""
"730","101","motivation","n.","動機；幹勁","Good pay improves staff motivation.","優渥的薪資能提升員工幹勁。","",""
"730","101","romantic","adj.","浪漫的","The hotel is known for its romantic setting.","飯店以浪漫的環境聞名。","",""
"730","101","firmly","adv.","堅定地","The firm firmly rejected the offer.","公司堅決拒絕了這項提議。","",""
"730","101","stomach","n.","胃；腹部","Take the medicine after a meal to protect your stomach.","請飯後服藥以保護胃。","",""
"730","101","automotive","adj.","汽車的","She works in the automotive industry.","她在汽車業工作。","",""
"730","101","nowhere","adv.","無處","There is nowhere to park nearby.","附近沒有地方停車。","",""
"730","101","pray","v.","祈禱","The chapel is open for those who wish to pray.","想祈禱的人可使用禮拜堂。","",""
"730","101","bacteria","n.","細菌","The filter removes bacteria from the water.","過濾器能去除水中的細菌。","",""
"730","101","championship","n.","錦標賽","The firm sponsors the national championship.","公司贊助全國錦標賽。","",""
"730","101","servant","n.","僕人；公僕","She is a civil servant.","她是公務員。","",""
"730","101","immigrant","n.","移民","Many immigrants work in the hotel industry.","許多移民在旅館業工作。","",""
"730","101","complexity","n.","複雜性","The complexity of the system caused delays.","系統的複雜性造成延誤。","",""
"730","101","bulb","n.","燈泡","Please replace the bulb in the hall.","請更換走廊的燈泡。","",""
"730","101","surprisingly","adv.","令人驚訝地","Surprisingly, the project finished early.","令人驚訝的是，專案提早完成了。","",""
"730","101","by-law","n.","細則；規章","The by-law limits parking to two hours.","這項規章限制停車兩小時。","",""
"730","101","implementation","n.","實施","The implementation of the plan begins in May.","計畫將從五月開始實施。","",""
"730","101","cheer","v.","歡呼；使振奮","The crowd began to cheer.","群眾開始歡呼。","",""
"730","101","differently","adv.","不同地","The two teams approached the problem differently.","兩個團隊用不同的方式處理這個問題。","",""
"730","101","complication","n.","併發症；麻煩","A complication delayed the shipment.","一個麻煩事耽誤了出貨。","",""
"730","101","continuous","adj.","連續的","The machine runs on a continuous basis.","機器持續運轉。","",""
"730","101","golden","adj.","金色的；黃金的","It is a golden opportunity for the firm.","這對公司是個黃金機會。","",""
"730","101","considerate","adj.","體貼的","Staff are polite and considerate.","員工有禮貌又體貼。","",""
"730","101","daytime","n.","白天","The pool is open during the daytime.","游泳池白天開放。","",""
"730","101","knife","n.","刀子","Please bring a knife and a fork.","請帶刀叉。","",""
"730","101","decoration","n.","裝飾","The lobby decoration changes each season.","大廳的裝飾每季更換。","",""
"730","101","biological","adj.","生物的","The lab studies biological samples.","實驗室研究生物樣本。","",""
"730","101","drastically","adv.","大幅地","Prices dropped drastically.","價格大幅下跌。","",""
"730","101","wherever","conj.","無論哪裡","You can work wherever you like.","你可以在任何喜歡的地方工作。","",""
"730","101","bite","n.","一口","Grab a bite before the meeting.","開會前先吃點東西。","",""
"730","101","firstly","adv.","首先","Firstly, we need to check the budget.","首先，我們需要確認預算。","",""
"730","101","anxious","adj.","焦慮的","Customers are anxious about delivery.","顧客對送貨感到焦慮。","",""
"730","101","explorer","n.","探險家","The museum is about a famous explorer.","這間博物館是關於一位著名的探險家。","",""
"730","101","adventure","n.","冒險","The tour offers an outdoor adventure.","這個行程提供戶外冒險。","",""
"730","101","factual","adj.","事實的","The report is factual and clear.","這份報告據實且清楚。","",""
"730","101","attraction","n.","景點；吸引力","The tower is a major tourist attraction.","這座塔是主要的觀光景點。","",""
"730","101","quietly","adv.","安靜地","Please leave the room quietly.","請安靜地離開房間。","",""
"730","101","footwear","n.","鞋類","The store sells sports footwear.","這家店販售運動鞋類。","",""
"730","102","castle","n.","城堡","The tour includes a visit to the castle.","行程包含參觀城堡。","",""
"730","102","veteran","n.","資深者；退伍軍人","She is a veteran of the retail industry.","她是零售業的資深人士。","",""
"730","102","reflection","n.","反映；反思","The result is a reflection of hard work.","這個結果反映了努力。","",""
"730","102","genre","n.","類型","The store sells books of every genre.","這家店賣各種類型的書。","",""
"730","102","nerve","n.","神經；膽量","It takes nerve to start a business.","創業需要膽量。","",""
"730","102","determination","n.","決心","Her determination led to success.","她的決心帶來了成功。","",""
"730","102","gymnasium","n.","體育館","The firm rents a gymnasium for events.","公司租體育館辦活動。","",""
"730","102","altogether","adv.","總共；完全","There were fifty guests altogether.","總共有五十位賓客。","",""
"730","102","fiction","n.","小說；虛構","The bookstore has a large fiction section.","書店有很大的小說區。","",""
"730","102","hesitation","n.","猶豫","She accepted without hesitation.","她毫不猶豫地接受了。","",""
"730","102","confusion","n.","混亂；困惑","The new layout caused some confusion.","新的配置造成了一些混亂。","",""
"730","102","homemade","adj.","自製的","The cafe sells homemade cakes.","這間咖啡廳賣自製蛋糕。","",""
"730","102","raw","adj.","生的；未加工的","The firm imports raw materials.","公司進口原料。","",""
"730","102","grammar","n.","文法","The test covers grammar and vocabulary.","測驗涵蓋文法和字彙。","",""
"730","102","incoming","adj.","進來的","Incoming calls are answered by the front desk.","來電由櫃台接聽。","",""
"730","102","hint","n.","提示","Here is a hint for the next question.","這是下一題的提示。","",""
"730","102","hook","n.","掛鉤","Please hang your coat on the hook.","請把外套掛在掛鉤上。","",""
"730","102","induction","n.","新進培訓；就任","New staff attend an induction session.","新進員工參加新人培訓。","",""
"730","102","bell","n.","鈴","Please ring the bell for service.","需要服務請按鈴。","",""
"730","102","inspiration","n.","靈感","The trip was a source of inspiration.","這趟旅行是靈感的來源。","",""
"730","102","panic","n.","恐慌","Do not panic if the alarm rings.","警報響起時不要驚慌。","",""
"730","102","uncle","n.","叔叔；舅舅","Her uncle founded the firm.","她叔叔創辦了這家公司。","",""
"730","102","intently","adv.","專注地","The audience listened intently.","聽眾專注地聆聽。","",""
"730","102","slope","n.","斜坡","The hotel is at the foot of a ski slope.","飯店位於滑雪坡道的山腳下。","",""
"730","102","happiness","n.","幸福","Customer happiness is our goal.","顧客滿意是我們的目標。","",""
"730","102","mower","n.","割草機","The gardener uses a mower on the lawn.","園丁用割草機修剪草坪。","",""
"730","102","vessel","n.","船；容器","The vessel will arrive at the port tomorrow.","這艘船明天會抵達港口。","",""
"730","102","verb","n.","動詞","The test asks you to choose the correct verb.","測驗要求你選擇正確的動詞。","",""
"730","102","reckon","v.","認為；估計","I reckon the meeting will last an hour.","我估計會議會開一小時。","",""
"730","102","restatement","n.","重述","A restatement of the rules was sent to staff.","一份規則重述寄給了員工。","",""
"730","102","silly","adj.","愚蠢的","It was a silly mistake.","那是個愚蠢的錯誤。","",""
"730","102","sedan","n.","轎車","The firm leases a sedan for visitors.","公司租了一輛轎車給訪客用。","",""
"730","102","comedy","n.","喜劇","The cinema is showing a comedy tonight.","電影院今晚放映一部喜劇。","",""
"730","102","chase","v.","追趕","The team will chase the sales target.","團隊將追趕銷售目標。","",""
"730","102","sunscreen","n.","防曬乳","Please apply sunscreen before going outside.","外出前請擦防曬乳。","",""
"730","102","universe","n.","宇宙","The museum has a show about the universe.","博物館有一場關於宇宙的展覽。","",""
"730","102","wellness","n.","健康","The firm runs a wellness program.","公司辦有健康促進計畫。","",""
"730","102","horrible","adj.","可怕的","The traffic this morning was horrible.","今早的交通糟透了。","",""
"730","102","sheep","n.","綿羊","The farm raises sheep for wool.","農場養羊取毛。","",""
"730","102","workbook","n.","練習簿","Please complete the workbook before class.","上課前請完成練習簿。","",""
"730","102","lover","n.","愛好者","The shop is popular with book lovers.","這家店很受愛書人歡迎。","",""
"730","102","rat","n.","老鼠","The restaurant was fined for rats in the kitchen.","這間餐廳因廚房有老鼠被罰款。","",""
"730","102","bookcase","n.","書櫃","The bookcase is next to the window.","書櫃在窗邊。","",""
"730","102","portrait","n.","肖像","A portrait of the founder hangs in the hall.","大廳掛著創辦人的肖像。","",""
"730","102","innocent","adj.","無辜的","The court found him innocent.","法院判他無罪。","",""
"730","102","cleanliness","n.","清潔","Cleanliness is our top priority.","清潔是我們的首要任務。","",""
"730","102","substitute","n.","替代品；代理人","A substitute will cover for her.","會有代理人替她代班。","",""
"730","102","adjustment","n.","調整","A small adjustment fixed the problem.","一個小調整就解決了問題。","",""
"730","102","contestant","n.","參賽者","Each contestant received a certificate.","每位參賽者都收到證書。","",""
"730","102","reasonably","adv.","合理地","The room is reasonably priced.","這個房間價格合理。","",""
"730","103","healthful","adj.","有益健康的","The cafeteria serves healthful meals.","員工餐廳供應有益健康的餐點。","",""
"730","103","tent","n.","帳篷","The event will be held in a large tent.","活動將在一頂大帳篷裡舉行。","",""
"730","103","inefficient","adj.","沒效率的","The old system is slow and inefficient.","舊系統又慢又沒效率。","",""
"730","103","liter","n.","公升","The bottle holds one liter of water.","這個瓶子可裝一公升水。","",""
"730","103","shade","n.","遮蔭","Guests can sit in the shade.","賓客可以坐在遮蔭處。","",""
"730","103","grain","n.","穀物","The firm exports grain to Asia.","公司向亞洲出口穀物。","",""
"730","103","situate","v.","使位於","The hotel is situated near the station.","飯店位於車站附近。","",""
"730","103","leap","n.","飛躍","The new model is a leap forward in design.","新機型是設計上的一大躍進。","",""
"730","103","timeline","n.","時程表","The timeline shows each stage of the project.","時程表顯示專案的每個階段。","",""
"730","103","snap","v.","拍攝；突然斷裂","Tourists snap photos of the tower.","遊客拍下這座塔的照片。","",""
"730","103","probability","n.","機率","There is a high probability of rain.","下雨的機率很高。","",""
"730","103","unreliable","adj.","不可靠的","The old machine is unreliable.","舊機器不可靠。","",""
"730","103","leather","n.","皮革","The shop sells leather bags.","這家店賣皮包。","",""
"730","103","uncertainty","n.","不確定性","Economic uncertainty affects sales.","經濟的不確定性影響銷售。","",""
"730","103","swear","v.","發誓","Witnesses must swear to tell the truth.","證人必須發誓說實話。","",""
"730","103","refugee","n.","難民","The firm hires refugee workers.","公司僱用難民身分的工人。","",""
"730","103","shore","n.","岸邊","The hotel is on the shore of the lake.","飯店位於湖岸邊。","",""
"730","103","stir","v.","攪拌；引起","The news will stir debate.","這個消息會引起爭論。","",""
"730","103","excitement","n.","興奮","There was great excitement at the launch.","新品發表現場非常興奮。","",""
"730","103","sigh","v.","嘆氣","Staff sigh when the system crashes.","系統當機時員工嘆氣。","",""
"730","103","pregnancy","n.","懷孕","Staff may take leave during pregnancy.","員工在懷孕期間可以請假。","",""
"730","103","unauthorized","adj.","未經授權的","Unauthorized entry is prohibited.","禁止未經授權進入。","",""
"730","103","experimental","adj.","實驗性的","The firm is testing an experimental design.","公司正在測試實驗性的設計。","",""
"730","103","institutional","adj.","機構的","The firm serves institutional investors.","公司服務機構投資人。","",""
"730","103","violate","v.","違反","The firm violated safety rules.","公司違反了安全規定。","",""
"730","103","slice","n.","薄片；一塊","Each plate comes with a slice of lemon.","每份餐點附一片檸檬。","",""
"730","103","wander","v.","漫步","Guests can wander through the garden.","賓客可以在花園裡漫步。","",""
"730","103","unplug","v.","拔掉插頭","Please unplug the machine before cleaning.","清潔前請先拔掉機器插頭。","",""
"730","103","empire","n.","帝國","The tour explains the rise of the empire.","導覽解說這個帝國的興起。","",""
"730","103","subsequently","adv.","隨後","The file was subsequently deleted.","檔案隨後被刪除了。","",""
"730","103","gentle","adj.","溫和的","The soap is gentle on skin.","這種肥皂對皮膚溫和。","",""
"730","103","videoconference","n.","視訊會議","The meeting will be a videoconference.","會議將以視訊方式進行。","",""
"730","103","ownership","n.","所有權","The firm changed ownership last year.","公司去年易主。","",""
"730","103","functional","adj.","實用的；可運作的","The system is fully functional.","系統完全可運作。","",""
"730","103","pale","adj.","淺色的；蒼白的","The walls are a pale shade of blue.","牆壁是淺藍色。","",""
"730","103","stain","n.","污漬","Please remove the stain from the carpet.","請清除地毯上的污漬。","",""
"730","103","athlete","n.","運動員","The firm sponsors a young athlete.","公司贊助一位年輕運動員。","",""
"730","103","tongue","n.","舌頭；語言","English is not her mother tongue.","英語不是她的母語。","",""
"730","103","server","n.","伺服器；服務生","The server is down for maintenance.","伺服器因維護而停機。","",""
"730","103","structural","adj.","結構的","Engineers checked for structural damage.","工程師檢查了結構損壞。","",""
"730","103","fool","n.","傻瓜","Do not make a fool of yourself in public.","別在公開場合出糗。","",""
"730","103","unite","v.","團結","The project helped unite the two teams.","這個專案幫助兩個團隊團結起來。","",""
"730","103","gently","adv.","輕輕地","Please handle the glass gently.","請輕拿輕放玻璃製品。","",""
"730","103","compute","v.","計算","The software will compute the total cost.","軟體會計算總成本。","",""
"730","103","wipe","v.","擦拭","Please wipe the table after use.","使用後請擦拭桌面。","",""
"730","103","weird","adj.","奇怪的","The machine makes a weird noise.","機器發出奇怪的聲音。","",""
"730","103","gaze","v.","凝視","Visitors gaze at the paintings.","訪客凝視著畫作。","",""
"730","103","fade","v.","褪色；減弱","The sign will fade in the sun.","標誌會在陽光下褪色。","",""
"730","103","cough","n.","咳嗽","Please cover your mouth when you cough.","咳嗽時請遮住口鼻。","",""
"730","103","hypothesis","n.","假設","The test supports our hypothesis.","測試支持了我們的假設。","",""
"730","104","royal","adj.","皇家的","The hotel hosted a royal visit.","飯店接待過一次皇室訪問。","",""
"730","104","theoretical","adj.","理論上的","The report is theoretical, not practical.","這份報告偏理論，而不是實務。","",""
"730","104","curtain","n.","窗簾","Please close the curtain at night.","晚上請拉上窗簾。","",""
"730","104","mayor","n.","市長","The mayor opened the new library.","市長為新圖書館揭幕。","",""
"730","104","darkness","n.","黑暗","The room was in complete darkness.","房間一片漆黑。","",""
"730","104","aunt","n.","阿姨；姑姑","Her aunt runs a small cafe.","她阿姨經營一間小咖啡廳。","",""
"730","104","tournament","n.","錦標賽","The firm sponsors a golf tournament.","公司贊助一場高爾夫錦標賽。","",""
"730","104","fragment","n.","碎片","Pick up any fragment of glass carefully.","請小心撿起任何玻璃碎片。","",""
"730","104","listener","n.","聽眾","The radio show has many listeners.","這個廣播節目有許多聽眾。","",""
"730","104","tender","adj.","軟嫩的；溫柔的","The steak is tender and juicy.","這份牛排軟嫩多汁。","",""
"730","104","density","n.","密度","The city has a high population density.","這座城市人口密度很高。","",""
"730","104","ugly","adj.","醜的","The old sign looked ugly.","舊招牌看起來很醜。","",""
"730","104","module","n.","模組；單元","The course has six modules.","這門課有六個單元。","",""
"730","104","faithfully","adv.","忠實地","Yours faithfully, John Park.","謹上，朴約翰。","",""
"730","104","autumn","n.","秋天","The firm holds a sale every autumn.","公司每年秋天都有特賣。","",""
"730","104","cheek","n.","臉頰","The baby has soft, round cheeks.","這個寶寶的臉頰又軟又圓。","",""
"730","104","holder","n.","持有人；支架","Each card holder receives a discount.","每位持卡人都享有折扣。","",""
"730","104","grin","n.","笑容","He greeted us with a broad grin.","他笑容滿面地迎接我們。","",""
"730","104","rose","n.","玫瑰","A red rose was placed on each table.","每張桌上都放了一朵紅玫瑰。","",""
"730","104","noun","n.","名詞","Choose the correct noun to fill the blank.","請選出正確的名詞填空。","",""
"730","104","fortunate","adj.","幸運的","We are fortunate to have a good team.","我們很幸運有個好團隊。","",""
"730","104","alright","adj.","沒問題的","Is it alright if we meet at noon?","中午碰面可以嗎？","",""
"730","104","lazy","adj.","懶惰的","A lazy approach will not work.","懶散的做法行不通。","",""
"730","104","hunger","n.","飢餓","The charity fights hunger in the region.","這個慈善機構對抗當地的飢餓問題。","",""
"730","104","insure","v.","投保","The firm will insure the shipment.","公司會為這批貨投保。","",""
"730","104","ashamed","adj.","羞愧的","The firm was ashamed of the error.","公司對這個錯誤感到羞愧。","",""
"730","104","blog","n.","部落格","The firm posts news on its blog.","公司在部落格上發布消息。","",""
"730","104","thirst","n.","口渴","Cold drinks quench your thirst.","冷飲能解渴。","",""
"600","105","sponsorship","n.","贊助","The event relies on corporate sponsorship.","這場活動仰賴企業贊助。","",""
"600","105","marginal","adj.","微小的；邊緣的","The firm saw only a marginal improvement.","公司只看到微幅的改善。","",""
"600","105","variance","n.","差異；變異數","There is a large variance between the two budgets.","這兩份預算之間的差異很大。","",""
"600","105","allocation","n.","分配","The allocation of funds was approved on Monday.","資金的分配在週一獲得核准。","",""
"600","105","volatility","n.","波動性","Market volatility worries investors.","市場的波動讓投資人憂心。","",""
"600","105","deviation","n.","偏差","Any deviation from the plan must be reported.","任何偏離計畫的情況都必須回報。","",""
"600","105","equilibrium","n.","平衡","Supply and demand reached an equilibrium.","供給與需求達到了平衡。","",""
"600","105","disclosure","n.","揭露；公開","The law requires full disclosure of fees.","法律要求完整揭露費用。","",""
"600","105","regime","n.","制度；體制","A new tax regime takes effect in January.","新的稅制從一月起生效。","",""
"600","105","risky","adj.","有風險的","The plan is too risky for a small firm.","這項計畫對小公司來說風險太高。","",""
"600","105","parliament","n.","國會","Parliament passed the new trade law.","國會通過了新的貿易法。","",""
"600","105","beta","n.","測試版；貝塔值","The firm released a beta version of the app.","公司推出了應用程式的測試版。","",""
"600","105","lender","n.","放款人","The lender approved the loan on Friday.","放款機構週五核准了這筆貸款。","",""
"600","105","regulator","n.","監管機構","The regulator fined the bank.","監管機構對銀行開罰。","",""
"600","105","par","n.","票面價值；標準","The bond was sold at par.","這檔債券以票面價值售出。","",""
"600","105","swap","v.","交換","The two firms agreed to swap shares.","兩家公司同意交換股份。","",""
"600","105","regression","n.","迴歸；退步","The report uses a regression to predict sales.","報告用迴歸分析來預測銷售。","",""
"600","105","constitution","n.","章程；憲法","The club's constitution sets out its rules.","俱樂部的章程訂定了規則。","",""
"600","105","trader","n.","交易員","The trader sold the shares at noon.","交易員中午賣出了股票。","",""
"600","105","correlation","n.","相關性","There is a strong correlation between price and demand.","價格與需求之間有很強的相關性。","",""
"600","105","corruption","n.","貪腐","The firm has a zero-tolerance policy on corruption.","公司對貪腐採零容忍政策。","",""
"600","105","issuer","n.","發行人","The issuer of the bond is a large bank.","這檔債券的發行人是一家大銀行。","",""
"600","105","borrower","n.","借款人","The borrower must repay within five years.","借款人必須在五年內還清。","",""
"600","105","insurer","n.","保險公司","The insurer will cover the damage.","保險公司會理賠這項損害。","",""
"600","105","regulatory","adj.","監管的","The firm must meet regulatory requirements.","公司必須符合監管要求。","",""
"600","105","coefficient","n.","係數","The coefficient shows how the two variables relate.","這個係數顯示兩個變數的關係。","",""
"600","105","nominal","adj.","名義上的；微小的","The fee is nominal.","這項費用微不足道。","",""
"600","105","conversion","n.","轉換","The conversion of the office took a month.","辦公室的改建花了一個月。","",""
"600","105","taxpayer","n.","納稅人","Taxpayers can file online.","納稅人可以線上申報。","",""
"600","105","integration","n.","整合","The integration of the two systems took a year.","兩套系統的整合花了一年。","",""
"600","105","scandal","n.","醜聞","The scandal damaged the firm's reputation.","這起醜聞損害了公司的聲譽。","",""
"600","105","payoff","n.","回報","The payoff from the project was high.","這個專案的回報很高。","",""
"600","105","ethical","adj.","合乎道德的","The firm follows ethical practices.","公司遵循道德的做法。","",""
"600","105","publicly","adv.","公開地","The firm publicly apologized.","公司公開道歉。","",""
"600","105","governance","n.","治理","Good governance builds investor trust.","良好的治理能建立投資人的信任。","",""
"600","105","marketer","n.","行銷人員","The marketer ran an online campaign.","行銷人員執行了一次網路宣傳。","",""
"600","105","rebel","v.","反抗","Some staff rebel against the new rules.","有些員工反抗新規定。","",""
"600","105","residual","adj.","剩餘的","Residual value is the worth after use.","殘值是使用後剩下的價值。","",""
"600","105","bubble","n.","泡沫","Analysts warned of a housing bubble.","分析師警告房市有泡沫。","",""
"600","105","arbitrage","n.","套利","The trader made a profit through arbitrage.","交易員靠套利獲利。","",""
"600","105","statistical","adj.","統計的","The report includes statistical data.","報告包含統計資料。","",""
"600","105","matrix","n.","矩陣；對照表","The matrix shows each task and its owner.","這張對照表列出每項任務和負責人。","",""
"600","105","telecom","n.","電信","She works for a telecom firm.","她在一家電信公司工作。","",""
"600","105","referendum","n.","公投","The city held a referendum on the plan.","市政府就這項計畫舉行公投。","",""
"600","105","treaty","n.","條約","The two countries signed a trade treaty.","兩國簽署了貿易條約。","",""
"600","105","taxation","n.","課稅","Taxation of imports rose this year.","今年進口品的課稅增加了。","",""
"600","105","technological","adj.","科技的","The firm leads in technological innovation.","公司在科技創新上領先。","",""
"600","105","multinational","adj.","跨國的","It is a large multinational firm.","這是一家大型跨國公司。","",""
"600","105","shrink","v.","縮小；萎縮","The market began to shrink.","市場開始萎縮。","",""
"600","106","foreigner","n.","外國人","Foreigners may apply for a work visa.","外國人可以申請工作簽證。","",""
"600","106","taxable","adj.","應稅的","Bonuses are taxable income.","獎金屬於應稅所得。","",""
"600","106","subordinate","n.","部屬","A manager must support every subordinate.","主管必須支持每位部屬。","",""
"600","106","inflow","n.","流入","There was a large inflow of foreign funds.","有大量外資流入。","",""
"600","106","pledge","n.","承諾；抵押","The firm made a pledge to cut waste.","公司承諾要減少浪費。","",""
"600","106","convertible","adj.","可轉換的","The bond is convertible into shares.","這檔債券可轉換成股票。","",""
"600","106","thereby","adv.","藉此","The firm cut costs, thereby raising profit.","公司降低成本，藉此提高利潤。","",""
"600","106","linear","adj.","線性的","The graph shows a linear increase in sales.","圖表顯示銷售呈線性成長。","",""
"600","106","summit","n.","高峰會","The leaders will attend a trade summit.","領袖們將出席貿易高峰會。","",""
"600","106","repay","v.","償還","The firm will repay the loan next year.","公司明年會償還這筆貸款。","",""
"600","106","ministry","n.","部會","The ministry issued a new rule.","部會發布了新規定。","",""
"600","106","multiply","v.","相乘；倍增","Multiply the price by the quantity.","把價格乘以數量。","",""
"600","106","essentially","adv.","基本上","The two plans are essentially the same.","這兩個計畫基本上相同。","",""
"600","106","presidency","n.","總統職位；會長職位","She took up the presidency of the firm.","她接任了公司總裁一職。","",""
"600","106","identical","adj.","完全相同的","The two reports are identical.","這兩份報告完全相同。","",""
"600","106","deputy","n.","副手","The deputy manager will attend the meeting.","副理將出席會議。","",""
"600","106","sole","adj.","唯一的","She is the sole owner of the firm.","她是公司的唯一所有人。","",""
"600","106","chancellor","n.","校長；大法官","The chancellor welcomed the new students.","校長歡迎新生。","",""
"600","106","notably","adv.","尤其","Costs rose, notably in transport.","成本上升，尤其是運輸方面。","",""
"600","106","discrimination","n.","歧視","The firm bans discrimination of any kind.","公司禁止任何形式的歧視。","",""
"600","106","widespread","adj.","普遍的","There is widespread support for the plan.","這項計畫獲得廣泛支持。","",""
"600","106","goodwill","n.","商譽；善意","The brand has built a lot of goodwill.","這個品牌累積了很多商譽。","",""
"600","106","orient","v.","使適應；定位","New staff attend a session to orient them.","新進員工會參加說明會熟悉環境。","",""
"600","106","insider","n.","內部人士","An insider revealed the plan.","一位內部人士透露了這項計畫。","",""
"600","106","minus","prep.","減去","Net profit is revenue minus costs.","淨利是營收減去成本。","",""
"600","106","constitutional","adj.","憲法的；章程的","The change needs a constitutional vote.","這項改變需要章程上的投票。","",""
"600","106","privatization","n.","民營化","The privatization of the railway began in May.","鐵路民營化從五月開始。","",""
"600","106","accordance","n.","依照","The work was done in accordance with the contract.","工作是依合約完成的。","",""
"600","106","parliamentary","adj.","國會的","A parliamentary committee reviewed the bill.","一個國會委員會審查了這項法案。","",""
"600","106","vertical","adj.","垂直的","The graph has a vertical axis for sales.","圖表的垂直軸代表銷售。","",""
"600","106","activist","n.","行動者","Activists called for lower prices.","行動人士呼籲降價。","",""
"600","106","node","n.","節點","Each node in the network is monitored.","網路中的每個節點都受到監控。","",""
"600","106","consultancy","n.","顧問公司","The firm hired a consultancy to cut costs.","公司聘請顧問公司協助降低成本。","",""
"600","106","classification","n.","分類","The classification of goods affects the tax.","商品的分類會影響稅額。","",""
"600","106","methodology","n.","方法論","The report explains its methodology.","報告說明了它的研究方法。","",""
"600","106","upward","adv.","向上","Prices have moved upward since May.","價格自五月以來一路向上。","",""
"600","106","dominant","adj.","占主導地位的","The firm has a dominant market position.","這家公司在市場上居主導地位。","",""
"600","106","citation","n.","引用；傳票","Each citation must be listed in the report.","每條引用都必須列在報告中。","",""
"600","106","bust","n.","破產；崩盤","The firm went bust last year.","這家公司去年倒閉了。","",""
"600","106","execution","n.","執行","The execution of the plan was flawless.","計畫的執行無懈可擊。","",""
"600","106","sensitivity","n.","敏感度","The report tests the sensitivity of the forecast.","報告測試了預測的敏感度。","",""
"600","106","rally","n.","反彈；集會","Shares staged a rally in May.","股價在五月出現反彈。","",""
"600","106","successor","n.","繼任者","The CEO named her successor.","執行長指定了她的繼任者。","",""
"600","106","globalization","n.","全球化","Globalization has changed trade.","全球化改變了貿易。","",""
"600","106","elasticity","n.","彈性","The elasticity of demand is high.","需求彈性很高。","",""
"600","106","weaken","v.","削弱","A strong dollar may weaken exports.","美元強勢可能削弱出口。","",""
"600","106","interim","adj.","暫時的","An interim manager will lead the team.","一位臨時經理將帶領團隊。","",""
"600","106","payout","n.","支付金額","The insurer announced a large payout.","保險公司宣布了一筆高額理賠。","",""
"600","106","electoral","adj.","選舉的","The firm tracks the electoral calendar.","公司追蹤選舉的時程。","",""
"600","106","ambition","n.","抱負","The firm has an ambition to expand abroad.","公司有拓展海外的雄心。","",""
"600","107","systematic","adj.","有系統的","The firm takes a systematic approach to quality.","公司以有系統的方式管理品質。","",""
"600","107","outsider","n.","外人","The board hired an outsider as CEO.","董事會聘請了外部人士擔任執行長。","",""
"600","107","observer","n.","觀察員","An observer attended the meeting.","有一位觀察員出席了會議。","",""
"600","107","algorithm","n.","演算法","The app uses an algorithm to suggest products.","這個應用程式用演算法推薦商品。","",""
"600","107","horizon","n.","地平線；視野","The firm is looking beyond the horizon.","公司著眼於更遠的未來。","",""
"600","107","quantitative","adj.","量化的","The report is based on quantitative data.","這份報告以量化數據為基礎。","",""
"600","107","collective","adj.","集體的","The decision was a collective effort.","這項決定是集體努力的成果。","",""
"600","107","repayment","n.","還款","The repayment period is five years.","還款期限為五年。","",""
"600","107","offshore","adj.","境外的","The firm moved its production offshore.","公司把生產移到海外。","",""
"600","107","marketplace","n.","市場","The online marketplace has thousands of sellers.","這個線上市集有數千名賣家。","",""
"600","107","comparable","adj.","可比較的","The two models are comparable in price.","這兩款機型價格相當。","",""
"600","107","proxy","n.","代理；委託書","Shareholders may vote by proxy.","股東可以用委託書投票。","",""
"600","107","politically","adv.","政治上","The plan is politically difficult.","這項計畫在政治上很棘手。","",""
"600","107","tonne","n.","公噸","The plant produces ten thousand tonnes of steel.","工廠生產一萬公噸鋼。","",""
"600","107","barrel","n.","桶；一桶（油）","Oil sold for eighty dollars a barrel.","石油每桶賣八十美元。","",""
"600","107","donor","n.","捐贈者","A generous donor funded the new library.","一位慷慨的捐贈者出資興建新圖書館。","",""
"600","107","gamble","v.","冒險","The firm decided to gamble on a new product.","公司決定賭一把推出新產品。","",""
"600","107","tighten","v.","收緊","The bank will tighten its lending rules.","銀行將收緊放貸規定。","",""
"600","107","squeeze","v.","擠壓；壓縮","Rising costs squeeze our profit margins.","不斷上升的成本壓縮了我們的利潤。","",""
"600","107","axis","n.","軸","The horizontal axis shows the months.","橫軸顯示月份。","",""
"600","107","scrap","n.","廢料；碎片","The factory sells its scrap to recyclers.","工廠把廢料賣給回收業者。","",""
"600","107","petrol","n.","汽油","The price of petrol rose again.","汽油價格又上漲了。","",""
"600","107","uncertain","adj.","不確定的","The outlook for next year is uncertain.","明年的前景不明朗。","",""
"600","107","domain","n.","領域；網域","She is an expert in the legal domain.","她是法律領域的專家。","",""
"600","107","frontier","n.","邊界；新領域","The firm is at the frontier of technology.","公司站在科技的最前線。","",""
"600","107","comparative","adj.","比較的","The report gives a comparative analysis.","報告提供了比較分析。","",""
"600","107","capitalism","n.","資本主義","The course covers the history of capitalism.","這門課涵蓋資本主義的歷史。","",""
"600","107","readily","adv.","輕易地","The data is readily available online.","這些資料在網路上很容易取得。","",""
"600","107","fraction","n.","一小部分","The firm used only a fraction of its budget.","公司只用了預算的一小部分。","",""
"600","107","solely","adv.","僅僅","The decision rests solely with the manager.","這項決定完全由經理決定。","",""
"600","107","capitalization","n.","市值；資本化","The firm's capitalization reached ten billion.","公司的市值達到一百億。","",""
"600","107","diplomat","n.","外交官","The diplomat met trade leaders.","外交官與貿易界領袖會面。","",""
"600","107","cheque","n.","支票","Please make the cheque payable to the firm.","請將支票抬頭開給公司。","",""
"600","107","intent","n.","意圖","The letter states the firm's intent to buy.","信中表明了公司想購買的意圖。","",""
"600","107","exporter","n.","出口商","The firm is a major exporter of machinery.","這家公司是機械的主要出口商。","",""
"600","107","prosecutor","n.","檢察官","The prosecutor presented the evidence.","檢察官提出了證據。","",""
"600","107","slump","n.","衰退","The firm survived the sales slump.","公司撐過了銷售低迷。","",""
"600","107","lag","v.","落後","Sales in Europe lag behind Asia.","歐洲的銷售落後亞洲。","",""
"600","107","enforcement","n.","執行；執法","Enforcement of the new rule begins in May.","新規定從五月開始執行。","",""
"600","107","sack","v.","解僱","The firm sacked the manager.","公司解僱了這位經理。","",""
"600","107","issuance","n.","發行","The issuance of new shares was approved.","新股的發行獲得核准。","",""
"600","107","capitalist","n.","資本家","The capitalist invested in several startups.","這位資本家投資了好幾家新創公司。","",""
"600","107","contractual","adj.","合約上的","The firm has a contractual duty to deliver.","公司有合約上的交貨責任。","",""
"600","107","differential","n.","差額","The price differential is small.","價格差額很小。","",""
"600","107","amortization","n.","攤銷","Amortization of the loan lasts ten years.","貸款的攤還期為十年。","",""
"600","107","unfair","adj.","不公平的","The fee seems unfair to customers.","這項費用對顧客而言似乎不公平。","",""
"600","107","elite","n.","菁英","The school trains the business elite.","這所學校培養商界菁英。","",""
"600","107","nationalist","adj.","民族主義的","The firm faced a nationalist backlash.","公司面臨民族主義的反彈。","",""
"600","107","simultaneously","adv.","同時","The two products will launch simultaneously.","兩項產品將同時上市。","",""
"600","107","broadly","adv.","大致上","The plan was broadly accepted.","這項計畫大致獲得接受。","",""
"600","108","simulation","n.","模擬","The training includes a flight simulation.","訓練包含飛行模擬。","",""
"600","108","senator","n.","參議員","A senator visited the plant.","一位參議員參觀了工廠。","",""
"600","108","adoption","n.","採用","The adoption of the new system was quick.","新系統很快就被採用了。","",""
"600","108","standardize","v.","標準化","The firm will standardize its forms.","公司將統一表格格式。","",""
"600","108","consolidation","n.","整合；合併","The consolidation of the two firms is complete.","兩家公司的整合已完成。","",""
"600","108","sensible","adj.","明智的；合理的","It is sensible to book early.","提早預訂是明智的。","",""
"600","108","macroeconomic","adj.","總體經濟的","Macroeconomic data points to slower growth.","總體經濟數據顯示成長放緩。","",""
"600","108","privately","adv.","私下地；私人地","The firm is privately owned.","這家公司是私人持有的。","",""
"600","108","repurchase","v.","買回","The firm will repurchase its own shares.","公司將買回自家股票。","",""
"600","108","denote","v.","表示","A red flag will denote a high risk.","紅旗代表高風險。","",""
"600","108","inequality","n.","不平等","The report studies income inequality.","報告研究所得不平等。","",""
"600","108","intensive","adj.","密集的","The course is a one-week intensive program.","這門課是為期一週的密集課程。","",""
"600","108","nonetheless","adv.","儘管如此","It was costly; nonetheless, it paid off.","雖然很貴，但還是值得。","",""
"600","108","horizontal","adj.","水平的","The graph has a horizontal axis for time.","圖表的橫軸代表時間。","",""
"600","108","legally","adv.","依法地","The firm is legally bound to pay.","公司在法律上有義務付款。","",""
"600","108","revive","v.","復甦；重振","The firm hopes to revive the brand.","公司希望重振品牌。","",""
"600","108","ballot","n.","選票","Shareholders cast their ballot by mail.","股東以郵寄方式投票。","",""
"600","108","treasury","n.","財政部；庫房","The treasury issued new bonds.","財政部發行了新債券。","",""
"600","108","boast","v.","自誇；擁有","The hotel boasts a fine view of the sea.","飯店擁有絕佳的海景。","",""
"600","108","discourage","v.","使氣餒；勸阻","High fees may discourage new customers.","高額費用可能讓新客戶卻步。","",""
"600","108","fate","n.","命運","The fate of the project is uncertain.","專案的命運未定。","",""
"600","108","widen","v.","擴大","The gap between the two firms continues to widen.","這兩家公司之間的差距持續擴大。","",""
"600","108","transformation","n.","轉型","The firm is undergoing a digital transformation.","公司正在進行數位轉型。","",""
"600","108","qualitative","adj.","質化的","The study uses qualitative research.","這項研究採用質化研究。","",""
"600","108","robust","adj.","強健的","The firm reported robust growth.","公司公布了強勁的成長。","",""
"600","108","speculation","n.","臆測；投機","There is speculation about a merger.","外界臆測可能有合併案。","",""
"600","108","incremental","adj.","漸進的","The firm made incremental improvements.","公司做了漸進式的改進。","",""
"600","108","fighter","n.","戰士；鬥士","She is a fighter for workers' rights.","她是勞工權益的捍衛者。","",""
"600","108","grip","n.","握力；掌控","The firm has a firm grip on the market.","公司牢牢掌握市場。","",""
"600","108","mathematical","adj.","數學的","The model is based on mathematical formulas.","這個模型是依據數學公式。","",""
"600","108","compel","v.","迫使","New rules compel firms to report earnings.","新規定迫使公司公布盈餘。","",""
"600","108","agriculture","n.","農業","The firm sells machinery to agriculture.","公司向農業界販售機械。","",""
"600","108","multiplier","n.","乘數；倍數","The multiplier effect boosted local spending.","乘數效應提振了當地消費。","",""
"600","108","slowdown","n.","減緩","The firm expects a slowdown in sales.","公司預期銷售會放緩。","",""
"600","108","suspicion","n.","懷疑","There is suspicion of fraud.","有人懷疑涉及詐欺。","",""
"600","108","virtue","n.","美德；優點","Patience is a virtue in sales.","耐心是業務工作的美德。","",""
"600","108","flee","v.","逃離","Customers began to flee the failing brand.","顧客開始離開這個走下坡的品牌。","",""
"600","108","behavioral","adj.","行為的","The firm studies consumer behavioral patterns.","公司研究消費者的行為模式。","",""
"730","109","dump","v.","傾倒；拋售","The firm was accused of dumping goods at low prices.","公司被指控以低價傾銷商品。","",""
"730","109","discharge","v.","解除；排放","The factory must not discharge waste into the river.","工廠不得把廢水排入河川。","",""
"730","109","bail","n.","保釋；紓困","The firm received a bail-out loan.","公司獲得了紓困貸款。","",""
"730","109","outflow","n.","流出","There was a large outflow of capital.","有大量資金外流。","",""
"730","109","albeit","conj.","雖然","The deal is good, albeit risky.","這筆交易很好，雖然有風險。","",""
"730","109","tricky","adj.","棘手的","The situation is tricky to handle.","這個情況很難處理。","",""
"730","109","spokesman","n.","發言人","The firm's spokesman denied the rumor.","公司發言人否認了這個傳聞。","",""
"730","109","surrender","v.","交出；投降","Customers must surrender the old card.","顧客必須交回舊卡。","",""
"730","109","judicial","adj.","司法的","The case is under judicial review.","這個案件正在接受司法審查。","",""
"730","109","certainty","n.","確定性","There is no certainty that prices will fall.","價格會下跌並不確定。","",""
"730","109","rebuild","v.","重建","The firm plans to rebuild its trust with clients.","公司打算重建與客戶之間的信任。","",""
"730","109","corrupt","adj.","貪腐的","The firm fired a corrupt official.","公司解僱了一名貪腐的官員。","",""
"730","109","proposition","n.","提議","The offer is an attractive proposition.","這項提議很有吸引力。","",""
"730","109","bold","adj.","大膽的","The firm made a bold move into Asia.","公司大膽進軍亞洲。","",""
"730","109","straightforward","adj.","簡單明瞭的","The form is straightforward to fill out.","這份表格很容易填寫。","",""
"730","109","handful","n.","少數","Only a handful of staff attended.","只有少數員工出席。","",""
"730","109","unchanged","adj.","不變的","Prices remain unchanged this year.","今年價格維持不變。","",""
"730","109","bidder","n.","投標者","The highest bidder will win the contract.","出價最高的投標者將得標。","",""
"730","109","odds","n.","機率","The odds of success are low.","成功的機率很低。","",""
"730","109","redemption","n.","贖回；兌換","The redemption of the bond is due in May.","這檔債券五月到期贖回。","",""
"730","109","downward","adv.","向下","Prices moved downward all week.","價格整週都在下滑。","",""
"730","109","grid","n.","網格；電網","The new plant feeds the power grid.","新電廠為電網供電。","",""
"730","109","interface","n.","介面","The app has a simple interface.","這個應用程式的介面很簡單。","",""
"730","109","digit","n.","數字位數","Enter a four-digit code.","請輸入四位數的代碼。","",""
"730","109","hybrid","adj.","混合的","The firm sells hybrid cars.","公司販售油電混合車。","",""
"730","109","provoke","v.","激起","The price rise may provoke complaints.","漲價可能引起抱怨。","",""
"730","109","inevitably","adv.","不可避免地","Inevitably, some delays will occur.","不可避免地會發生一些延誤。","",""
"730","109","secular","adj.","世俗的；長期的","The firm studies secular trends in demand.","公司研究需求的長期趨勢。","",""
"730","109","distress","n.","困境；苦惱","The firm is in financial distress.","公司陷入財務困境。","",""
"730","109","sterling","n.","英鎊","The price is quoted in sterling.","價格以英鎊報價。","",""
"730","109","legacy","n.","遺產；舊有的","The firm still uses a legacy system.","公司仍在使用舊有系統。","",""
"730","109","commander","n.","指揮官","The commander of the ship greeted guests.","船長歡迎賓客。","",""
"730","109","incorporation","n.","成立公司；納入","The incorporation of the firm took place in 2010.","公司於 2010 年登記成立。","",""
"730","109","bondholder","n.","債券持有人","Bondholders will receive interest each year.","債券持有人每年會收到利息。","",""
"730","109","unveil","v.","揭曉","The firm will unveil its new model in May.","公司將在五月發表新款。","",""
"730","109","continent","n.","大陸；洲","The firm sells on every continent.","公司在每個大陸都有銷售。","",""
"730","109","computation","n.","計算","The computation took only a second.","這項計算只花了一秒。","",""
"730","109","diplomatic","adj.","外交的；圓滑的","She gave a diplomatic answer.","她給了一個圓滑的回答。","",""
"730","109","formerly","adv.","以前","The hotel was formerly a bank.","這家飯店以前是銀行。","",""
"730","109","optimization","n.","最佳化","Route optimization saves fuel.","路線最佳化可以省油。","",""
"730","109","validity","n.","有效性","The validity of the ticket is one year.","這張票的有效期為一年。","",""
"730","109","repertoire","n.","曲目；全部本領","The chef has a wide repertoire of dishes.","主廚會做的菜色很多。","",""
"730","109","halt","v.","停止","The firm had to halt production.","公司不得不停產。","",""
"730","109","shed","v.","減少；脫落","The firm plans to shed fifty jobs.","公司打算裁減五十個職位。","",""
"730","109","whereby","adv.","藉此","The firm has a system whereby staff share ideas.","公司有一套讓員工分享想法的機制。","",""
"730","109","median","adj.","中位數的","The median salary rose by three percent.","薪資中位數成長了百分之三。","",""
"730","109","wholly","adv.","完全地","The firm is wholly owned by its founder.","這家公司完全由創辦人持有。","",""
"730","109","supposedly","adv.","據說","The meeting was supposedly canceled.","會議據說取消了。","",""
"730","109","crude","adj.","粗製的；原油的","The firm trades in crude oil.","公司從事原油交易。","",""
"730","109","commissioner","n.","委員；專員","The commissioner approved the permit.","專員核准了許可證。","",""
"730","110","sufficiently","adv.","足夠地","The firm is sufficiently funded for two years.","公司的資金足夠支撐兩年。","",""
"730","110","constrain","v.","限制","Budget cuts constrain our growth.","預算刪減限制了我們的成長。","",""
"730","110","legislature","n.","立法機關","The legislature passed a new tax law.","立法機關通過了新的稅法。","",""
"730","110","punish","v.","處罰","The firm will punish repeated late delivery.","公司會處罰一再延遲交貨的行為。","",""
"730","110","predictable","adj.","可預期的","Sales follow a predictable pattern.","銷售遵循可預期的模式。","",""
"730","110","liquidation","n.","清算","The firm entered liquidation last month.","公司上個月進入清算程序。","",""
"730","110","chaos","n.","混亂","The system crash caused chaos at the airport.","系統當機讓機場陷入混亂。","",""
"730","110","impairment","n.","減損；損傷","The firm booked an impairment of assets.","公司認列了資產減損。","",""
"730","110","migrant","n.","移工；移民","Many migrant workers work on the farm.","許多移工在農場工作。","",""
"730","110","objection","n.","異議","There was no objection to the plan.","大家對這項計畫沒有異議。","",""
"730","110","macroeconomics","n.","總體經濟學","She teaches macroeconomics at the university.","她在大學教總體經濟學。","",""
"730","110","confront","v.","面對","The firm must confront rising costs.","公司必須面對不斷上升的成本。","",""
"730","110","punishment","n.","處罰","The punishment for late filing is a fine.","逾期申報的處罰是罰款。","",""
"730","110","passive","adj.","被動的","A passive attitude will not help.","被動的態度沒有幫助。","",""
"730","110","conditional","adj.","有條件的","The offer is conditional on approval.","這項提議以核准為條件。","",""
"730","110","explicitly","adv.","明確地","The contract explicitly bans resale.","合約明確禁止轉售。","",""
"730","110","clever","adj.","聰明的；巧妙的","It was a clever marketing idea.","那是個巧妙的行銷點子。","",""
"730","110","payback","n.","回收；報酬","The payback period is three years.","回收期為三年。","",""
"730","110","sacrifice","n.","犧牲","The firm made sacrifices to stay afloat.","公司為了維持營運做了犧牲。","",""
"730","110","conviction","n.","信念；定罪","He spoke with conviction.","他很有信念地說話。","",""
"730","110","continuously","adv.","持續地","The machine runs continuously.","機器持續運轉。","",""
"730","110","tier","n.","層級","The firm offers three tiers of service.","公司提供三個層級的服務。","",""
"730","110","transparency","n.","透明度","The firm values transparency in pricing.","公司重視定價的透明度。","",""
"730","110","inadequate","adj.","不足的","Funding is inadequate for the project.","專案的資金不足。","",""
"730","110","acre","n.","英畝","The firm bought fifty acres of land.","公司買下了五十英畝的土地。","",""
"730","110","levy","n.","徵收；稅額","The government introduced a new levy.","政府推出了一項新的稅費。","",""
"730","110","freely","adv.","自由地","Staff can speak freely at the meeting.","員工可以在會上自由發言。","",""
"730","110","prosecute","v.","起訴","The firm will prosecute the offender.","公司將起訴違規者。","",""
"730","110","materially","adv.","實質上","The change did not materially affect profit.","這項改變沒有實質影響利潤。","",""
"730","110","convict","v.","判決有罪","The court convicted him of fraud.","法院判他詐欺罪名成立。","",""
"730","110","clash","n.","衝突","There was a clash between two departments.","兩個部門之間起了衝突。","",""
"730","110","prosecution","n.","起訴；檢方","The prosecution presented new evidence.","檢方提出了新證據。","",""
"730","110","nasty","adj.","惡劣的","The firm faced a nasty dispute.","公司面臨一場惡劣的糾紛。","",""
"730","110","condemn","v.","譴責","Many groups condemn the plan.","許多團體譴責這項計畫。","",""
"730","110","operative","adj.","生效的；運作的","The new rule becomes operative in May.","新規定五月生效。","",""
"730","110","privatize","v.","民營化","The government plans to privatize the airline.","政府打算讓這家航空公司民營化。","",""
"730","110","endure","v.","忍受；持續","The firm cannot endure such losses.","公司無法忍受這樣的虧損。","",""
"730","110","doctrine","n.","信條；學說","The firm follows a doctrine of customer first.","公司奉行顧客至上的信條。","",""
"730","110","triple","v.","成為三倍","The firm hopes to triple its sales.","公司希望銷售成長到三倍。","",""
"730","110","textile","n.","紡織品","The firm exports textile goods.","公司出口紡織品。","",""
"730","110","unity","n.","團結","The crisis brought the team unity.","這場危機讓團隊更團結。","",""
"730","110","alpha","n.","超額報酬；第一","The fund aims to generate alpha.","這檔基金的目標是創造超額報酬。","",""
"730","110","refine","v.","精煉；改進","We will refine the design.","我們會改進這個設計。","",""
"730","110","deflation","n.","通貨緊縮","The country faces deflation.","這個國家面臨通貨緊縮。","",""
"730","110","antitrust","adj.","反壟斷的","The deal faces an antitrust review.","這筆交易面臨反壟斷審查。","",""
"730","110","practitioner","n.","從業人員","The course is taught by a practitioner.","這門課由實務工作者授課。","",""
"730","110","prosperity","n.","繁榮","The region enjoys prosperity.","這個地區享有繁榮。","",""
"730","110","reinvest","v.","再投資","The firm will reinvest its profit.","公司會把利潤再投資。","",""
"730","110","provincial","adj.","省的；地方的","The firm has a provincial office.","公司設有地方辦事處。","",""
"730","110","controversy","n.","爭議","The ad caused controversy.","這則廣告引發了爭議。","",""
"730","111","fierce","adj.","激烈的","Competition in the market is fierce.","市場競爭很激烈。","",""
"730","111","veto","v.","否決","The board may veto the plan.","董事會可能否決這項計畫。","",""
"730","111","instant","adj.","立即的","The app gives instant results.","這個應用程式能立即提供結果。","",""
"730","111","handset","n.","話筒；手機","The handset is on the desk.","話筒放在桌上。","",""
"730","111","sentiment","n.","情緒；看法","Investor sentiment improved this month.","投資人情緒本月好轉。","",""
"730","111","beef","n.","牛肉","The restaurant serves local beef.","這家餐廳供應本地牛肉。","",""
"730","111","parity","n.","同等；平價","The two currencies are near parity.","這兩種貨幣接近等值。","",""
"730","111","centralize","v.","集中化","The firm will centralize its purchasing.","公司將集中採購。","",""
"730","111","sovereign","adj.","主權的","The fund is a sovereign wealth fund.","這是一檔主權基金。","",""
"730","111","estimation","n.","估計","By my estimation, the work will take a week.","依我的估計，這項工作要一週。","",""
"730","111","stabilize","v.","穩定","Prices began to stabilize in May.","價格在五月開始穩定。","",""
"730","111","molecule","n.","分子","The lab studies the structure of the molecule.","實驗室研究這個分子的結構。","",""
"730","111","variability","n.","變異性","The variability of demand makes planning hard.","需求的變動讓規劃變難。","",""
"730","111","strive","v.","努力","We strive to offer the best service.","我們努力提供最好的服務。","",""
"730","111","cure","n.","療法；解決辦法","There is no quick cure for the problem.","這個問題沒有速效的解決辦法。","",""
"730","111","bribe","n.","賄賂","Staff must never accept a bribe.","員工絕不能收受賄賂。","",""
"730","111","wisdom","n.","智慧","The board valued her wisdom.","董事會看重她的智慧。","",""
"730","111","controller","n.","財務長；控制器","The controller reviewed the accounts.","財務長審查了帳目。","",""
"730","111","shield","v.","保護","The firm tries to shield customers from price rises.","公司試圖讓顧客免受漲價影響。","",""
"730","111","pact","n.","協定","The two firms signed a pact to share data.","兩家公司簽署了共享資料的協定。","",""
"730","111","supervision","n.","監督","New staff work under supervision.","新進員工在監督下工作。","",""
"730","111","purely","adv.","純粹地","The decision was purely financial.","這項決定純粹是財務考量。","",""
"730","111","substitution","n.","替換","The substitution of parts caused a delay.","零件替換造成了延誤。","",""
"730","111","pursuit","n.","追求","The firm is in pursuit of new markets.","公司正在追求新市場。","",""
"730","111","vector","n.","向量；媒介","The report uses a vector to show direction.","報告用向量表示方向。","",""
"730","111","governmental","adj.","政府的","The firm works with governmental agencies.","公司與政府機構合作。","",""
"730","111","scarce","adj.","稀少的","Skilled workers are scarce.","熟練工人很稀少。","",""
"730","111","restraint","n.","克制；限制","The firm showed restraint in its spending.","公司在支出上表現出克制。","",""
"730","111","follower","n.","追隨者；粉絲","The brand has a million followers online.","這個品牌在網路上有百萬追蹤者。","",""
"730","111","crunch","n.","緊要關頭","The firm faced a cash crunch.","公司面臨資金吃緊。","",""
"730","111","receiver","n.","接收者；話筒","Please lift the receiver and dial nine.","請拿起話筒撥九。","",""
"730","111","overlap","n.","重疊","There is some overlap between the two roles.","這兩個職務有些重疊。","",""
"730","111","encyclopedia","n.","百科全書","The library has a full encyclopedia set.","圖書館有一整套百科全書。","",""
"730","111","lump","n.","塊；一次性","She received a lump sum payment.","她領到一筆一次性給付。","",""
"730","111","probe","v.","調查","Regulators will probe the merger.","監管機關將調查這項合併案。","",""
"730","111","aversion","n.","厭惡","Many investors have an aversion to risk.","許多投資人厭惡風險。","",""
"730","111","indirectly","adv.","間接地","The change indirectly affects staff.","這項改變間接影響員工。","",""
"730","111","yuan","n.","人民幣；元","The price is quoted in yuan.","價格以人民幣報價。","",""
"730","111","namely","adv.","也就是","Two firms bid, namely Alpha and Beta.","有兩家公司投標，也就是 Alpha 和 Beta。","",""
"730","111","liberty","n.","自由","You are at liberty to leave early.","你可以自由提早離開。","",""
"730","111","decent","adj.","像樣的","The hotel offers decent rooms at a fair price.","這家飯店以合理價格提供像樣的房間。","",""
"730","111","appetite","n.","胃口；意願","Investors have an appetite for risk.","投資人願意承擔風險。","",""
"730","111","tobacco","n.","菸草","Tobacco products are taxed heavily.","菸草製品被課重稅。","",""
"730","111","unpopular","adj.","不受歡迎的","The new policy is unpopular with staff.","新政策不受員工歡迎。","",""
"730","111","quantify","v.","量化","It is hard to quantify the benefit.","這項效益很難量化。","",""
"730","111","persist","v.","持續","The problem will persist unless we act.","除非我們採取行動，否則問題會持續。","",""
"730","111","corn","n.","玉米","The firm trades in corn and wheat.","公司買賣玉米和小麥。","",""
"730","111","legislative","adj.","立法的","The bill is under legislative review.","這項法案正在接受立法審查。","",""
"730","111","independently","adv.","獨立地","Each branch operates independently.","每間分公司獨立運作。","",""
"730","111","determinant","n.","決定因素","Price is a key determinant of demand.","價格是需求的關鍵決定因素。","",""
"730","112","redeem","v.","兌換；贖回","You can redeem the voucher at any store.","你可以在任何門市兌換禮券。","",""
"730","112","tribunal","n.","法庭；仲裁庭","The dispute went to an employment tribunal.","這項爭議交由勞動仲裁庭處理。","",""
"730","112","chunk","n.","大塊","A large chunk of the budget goes to salaries.","預算有一大塊用在薪資上。","",""
"730","112","icon","n.","圖示；象徵","Click the icon to open the file.","點選圖示開啟檔案。","",""
"730","112","intermediate","adj.","中級的","The course is for intermediate learners.","這門課適合中級學習者。","",""
"730","112","steep","adj.","陡峭的；大幅的","The firm faced a steep drop in sales.","公司面臨銷售的大幅下滑。","",""
"730","112","acid","n.","酸","The lab stores acid in a safe cabinet.","實驗室把酸存放在安全櫃裡。","",""
"730","112","loom","v.","隱約出現","A deadline looms next week.","下週有個期限逼近。","",""
"730","112","uranium","n.","鈾","The firm mines uranium.","公司開採鈾礦。","",""
"730","112","conceptual","adj.","概念上的","The report offers a conceptual framework.","報告提供了概念架構。","",""
"730","112","optimism","n.","樂觀","There is optimism about next year.","大家對明年很樂觀。","",""
"730","112","painful","adj.","痛苦的","The restructuring was painful but necessary.","重組雖然痛苦但有必要。","",""
"730","112","faction","n.","派系","Two factions split the board.","兩個派系讓董事會意見分歧。","",""
"730","112","null","adj.","無效的","The contract is null and void.","這份合約無效。","",""
"730","112","rig","n.","鑽油平台；裝備","The firm owns an oil rig.","公司擁有一座鑽油平台。","",""
"730","112","predetermine","v.","預先決定","The outcome was predetermined.","結果早已預先決定。","",""
"730","112","inherit","v.","繼承","She will inherit the family business.","她將繼承家族事業。","",""
"730","112","analytical","adj.","分析的","The job requires strong analytical skills.","這份工作需要很強的分析能力。","",""
"730","112","congressional","adj.","國會的","A congressional panel reviewed the bill.","一個國會小組審查了這項法案。","",""
"730","112","spy","n.","間諜","The firm hired a security expert to stop corporate spies.","公司聘請安全專家防範商業間諜。","",""
"730","112","fiber","n.","纖維","The cable is made of optical fiber.","這條電纜是光纖製成的。","",""
"730","112","stall","n.","攤位；停滯","The firm rents a stall at the fair.","公司在展覽會上租了一個攤位。","",""
"730","112","lure","v.","吸引","Discounts lure new customers.","折扣吸引了新顧客。","",""
"730","112","populist","adj.","民粹的","The firm criticized the populist policy.","公司批評這項民粹政策。","",""
"730","112","socially","adv.","社交上；社會上","The firm is socially responsible.","公司負有社會責任。","",""
"730","112","raid","n.","突襲","Police carried out a raid on the warehouse.","警方突襲了倉庫。","",""
"730","112","diplomacy","n.","外交；手腕","The deal required careful diplomacy.","這筆交易需要謹慎的外交手腕。","",""
"730","112","rocket","n.","火箭","The firm builds rocket engines.","公司製造火箭引擎。","",""
"730","112","debenture","n.","債券","The firm issued a ten-year debenture.","公司發行了一檔十年期債券。","",""
"730","112","collar","n.","衣領","Staff wear a shirt with a collar.","員工穿有領子的襯衫。","",""
"730","112","outperform","v.","表現優於","The fund will outperform the market.","這檔基金表現會優於大盤。","",""
"730","112","optimize","v.","使最佳化","We need to optimize the supply chain.","我們需要最佳化供應鏈。","",""
"730","112","broadband","n.","寬頻","The hotel offers free broadband.","飯店提供免費寬頻上網。","",""
"730","112","reactor","n.","反應爐","The plant has a nuclear reactor.","這座電廠有一座核反應爐。","",""
"730","112","equality","n.","平等","The firm promotes gender equality.","公司推動性別平等。","",""
"730","112","attributable","adj.","可歸因於的","The loss is attributable to poor planning.","這項虧損可歸因於規劃不佳。","",""
"730","112","revolutionary","adj.","革命性的","The product is a revolutionary design.","這項產品是革命性的設計。","",""
"730","112","carmaker","n.","汽車製造商","The carmaker will open a new plant.","這家汽車製造商將開一座新廠。","",""
"730","112","reconciliation","n.","對帳；和解","Bank reconciliation is done monthly.","銀行對帳每月進行。","",""
"730","112","directive","n.","指令","A new directive was sent to all staff.","一項新指令發給了全體員工。","",""
"730","112","mutually","adv.","相互地","The two firms reached a mutually beneficial deal.","兩家公司達成了互惠的交易。","",""
"730","112","subprime","adj.","次級的","The bank lent heavily in the subprime market.","銀行在次級房貸市場大量放款。","",""
"730","112","refusal","n.","拒絕","The refusal to pay caused a dispute.","拒絕付款引發了爭議。","",""
"730","112","geographic","adj.","地理的","The firm expanded its geographic reach.","公司擴大了地理範圍。","",""
"730","112","speculative","adj.","投機的","Speculative investments are risky.","投機性投資風險很高。","",""
"730","112","policeman","n.","警察","A policeman directed the traffic.","一名警察指揮交通。","",""
"730","112","historically","adv.","歷史上","Historically, sales peak in December.","歷史上，銷售在十二月達到高峰。","",""
"730","112","exploration","n.","探勘；探索","The firm funds oil exploration.","公司資助石油探勘。","",""
"730","112","deliberately","adv.","故意地","The error was not made deliberately.","這個錯誤不是故意造成的。","",""
"730","112","mill","n.","工廠；磨坊","The paper mill employs two hundred workers.","造紙廠僱用兩百名工人。","",""
"730","113","loser","n.","輸家","The deal left no clear loser.","這筆交易沒有明顯的輸家。","",""
"730","113","subjective","adj.","主觀的","Taste is subjective.","品味是主觀的。","",""
"730","113","builder","n.","建築商","The builder finished the house on time.","建商準時完成了房子。","",""
"730","113","mainland","n.","本土；大陸","The ferry connects the island to the mainland.","渡輪連接島嶼與本土。","",""
"730","113","peaceful","adj.","平靜的","The hotel is in a peaceful setting.","飯店環境平靜。","",""
"730","113","importantly","adv.","重要的是","Importantly, the price includes tax.","重要的是，價格含稅。","",""
"730","113","backward","adv.","向後","Please step backward from the door.","請從門邊往後退。","",""
"730","113","counterparty","n.","交易對手","The counterparty failed to pay.","交易對手沒有付款。","",""
"730","113","consistency","n.","一致性","Consistency in quality builds trust.","品質的一致性能建立信任。","",""
"730","113","declaration","n.","申報；宣告","Please complete the customs declaration.","請填寫海關申報單。","",""
"730","113","harsh","adj.","嚴酷的","The firm faced harsh criticism.","公司受到嚴厲的批評。","",""
"730","113","covariance","n.","共變異數","The model estimates the covariance of two assets.","這個模型估計兩項資產的共變異數。","",""
"730","113","jointly","adv.","共同地","The two firms jointly own the plant.","兩家公司共同擁有這座工廠。","",""
"730","113","exclusion","n.","排除","The policy has several exclusions.","這份保單有幾項除外責任。","",""
"730","113","viewer","n.","觀眾；檢視器","The viewer can zoom in on the image.","使用者可以放大圖片。","",""
"730","113","prospectus","n.","公開說明書","Please read the prospectus before investing.","投資前請先閱讀公開說明書。","",""
"730","113","conscious","adj.","有意識的","We are conscious of the risks.","我們意識到這些風險。","",""
"730","113","robot","n.","機器人","A robot packs the boxes.","機器人負責裝箱。","",""
"730","113","infect","v.","感染","The virus can infect the whole network.","病毒可能感染整個網路。","",""
"730","113","formulate","v.","制定","The team will formulate a new strategy.","團隊將制定新策略。","",""
"730","113","socialist","adj.","社會主義的","The book describes socialist economies.","這本書描述社會主義經濟。","",""
"730","113","browser","n.","瀏覽器","Please update your browser.","請更新你的瀏覽器。","",""
"730","113","cyclical","adj.","週期性的","Demand in this industry is cyclical.","這個產業的需求有週期性。","",""
"730","113","cartel","n.","卡特爾；壟斷聯盟","The firms were accused of forming a cartel.","這些公司被指控組成壟斷聯盟。","",""
"730","113","triumph","n.","勝利","The launch was a triumph for the team.","這次發表是團隊的一大勝利。","",""
"730","113","processor","n.","處理器","The laptop has a fast processor.","這台筆電有快速的處理器。","",""
"730","113","divert","v.","轉移；改道","Traffic was diverted to another road.","交通被改道到另一條路。","",""
"730","113","arguably","adv.","可以說","It is arguably the best hotel in the city.","這可以說是城裡最好的飯店。","",""
"730","113","dot","n.","點","Please add a dot at the end of the sentence.","請在句尾加一個句點。","",""
"730","113","distinctive","adj.","獨特的","The brand has a distinctive logo.","這個品牌有獨特的標誌。","",""
"730","113","inflationary","adj.","通貨膨脹的","Higher wages can be inflationary.","較高的薪資可能造成通膨。","",""
"730","113","positively","adv.","正面地","Customers responded positively to the change.","顧客對這項改變反應正面。","",""
"730","113","constituency","n.","選區；支持群眾","The firm serves a broad constituency.","公司服務廣大的族群。","",""
"730","113","liberalization","n.","自由化","Trade liberalization boosted exports.","貿易自由化提振了出口。","",""
"730","113","separation","n.","分離","The separation of duties prevents fraud.","職務分離可以防止舞弊。","",""
"730","113","remarkably","adv.","顯著地","The firm recovered remarkably fast.","公司復甦得非常快。","",""
"730","113","migration","n.","遷移","The firm helps with data migration.","公司協助資料遷移。","",""
"730","113","dip","n.","下滑","There was a slight dip in sales.","銷售略有下滑。","",""
"730","113","competitiveness","n.","競爭力","The weak currency helps our competitiveness.","貨幣疲軟有助於我們的競爭力。","",""
"730","113","inclusion","n.","納入","The inclusion of tax raised the price.","把稅納入後價格提高了。","",""
"730","113","copper","n.","銅","The price of copper rose sharply.","銅價大幅上漲。","",""
"730","113","justification","n.","正當理由","There is no justification for the delay.","延誤沒有正當理由。","",""
"730","113","outright","adv.","完全地；直接地","The firm bought the shop outright.","公司一次付清買下了這間店。","",""
"730","113","stance","n.","立場","The firm took a firm stance on safety.","公司在安全問題上立場堅定。","",""
"730","113","fringe","n.","邊緣；額外福利","Fringe benefits include medical insurance.","額外福利包括醫療保險。","",""
"730","113","bitter","adj.","苦的；激烈的","The two firms are bitter rivals.","這兩家公司是激烈的對手。","",""
"730","113","wheat","n.","小麥","The firm exports wheat to Asia.","公司向亞洲出口小麥。","",""
"730","113","hostility","n.","敵意","There was hostility toward the new boss.","大家對新老闆有敵意。","",""
"730","113","enlargement","n.","擴大","The enlargement of the airport will cost millions.","機場的擴建將花費數百萬。","",""
"730","113","hub","n.","樞紐","The city is a major shipping hub.","這座城市是主要的運輸樞紐。","",""
"730","114","trim","v.","修剪；削減","The firm will trim its costs by ten percent.","公司將削減百分之十的成本。","",""
"730","114","lesser","adj.","較少的；次要的","The lesser of the two costs was chosen.","選了兩者中成本較低的。","",""
"730","114","republic","n.","共和國","The firm has an office in the Czech Republic.","公司在捷克共和國設有辦公室。","",""
"730","114","artificial","adj.","人工的","The firm studies artificial intelligence.","公司研究人工智慧。","",""
"730","114","trait","n.","特質","Honesty is a key trait of a good manager.","誠實是好主管的關鍵特質。","",""
"730","114","protester","n.","抗議者","Protesters gathered outside the office.","抗議者聚集在辦公室外。","",""
"730","114","echo","v.","附和；迴響","Her words echo the firm's values.","她的話呼應了公司的價值觀。","",""
"730","114","haul","n.","運輸；收穫","The long haul to Asia takes ten hours.","飛往亞洲的長程航班要十小時。","",""
"730","114","financially","adv.","財務上","The firm is financially sound.","公司財務穩健。","",""
"730","114","maximization","n.","最大化","Profit maximization is not the only goal.","利潤最大化不是唯一的目標。","",""
"730","114","bureaucrat","n.","官僚","A bureaucrat approved the permit.","一位官員核准了許可證。","",""
"730","114","dissolution","n.","解散","The dissolution of the partnership was agreed.","合夥關係的解散獲得同意。","",""
"730","114","distortion","n.","扭曲","The tax causes a distortion in prices.","這項稅造成價格扭曲。","",""
"730","114","continually","adv.","不斷地","The firm continually improves its service.","公司不斷改進服務。","",""
"730","114","coordination","n.","協調","Good coordination saves time.","良好的協調可以節省時間。","",""
"730","114","awkward","adj.","尷尬的；不方便的","The meeting time is awkward for me.","這個會議時間對我不太方便。","",""
"730","114","slack","adj.","鬆弛的；清淡的","Business is slack in winter.","冬天生意清淡。","",""
"730","114","drift","v.","漂移；逐漸偏離","Sales began to drift downward.","銷售開始逐漸下滑。","",""
"730","114","particle","n.","微粒","The filter traps dust particles.","濾網能攔截灰塵微粒。","",""
"730","114","emergence","n.","出現","The emergence of online shopping changed retail.","網路購物的出現改變了零售業。","",""
"730","114","interference","n.","干擾","Wireless interference caused the error.","無線干擾造成了這個錯誤。","",""
"730","114","indifference","n.","冷漠","Staff indifference hurt customer service.","員工的冷漠損害了客戶服務。","",""
"730","114","geographical","adj.","地理的","The firm covers a wide geographical area.","公司涵蓋廣大的地理範圍。","",""
"730","114","proportional","adj.","成比例的","The fee is proportional to the size of the order.","費用與訂單大小成正比。","",""
"730","114","uncover","v.","揭發；發現","The audit helped uncover errors.","審計幫忙找出了錯誤。","",""
"730","114","petty","adj.","小額的；瑣碎的","Petty cash is kept in the office safe.","零用金存放在辦公室保險箱裡。","",""
"730","114","convergence","n.","趨同","The convergence of the two industries is clear.","這兩個產業的趨同很明顯。","",""
"730","114","worsen","v.","惡化","The delay may worsen the problem.","延誤可能使問題惡化。","",""
"730","114","rejection","n.","拒絕","The rejection of the bid was a surprise.","投標被駁回讓人意外。","",""
"730","114","reorganization","n.","重組","The reorganization of the firm began in May.","公司的重組從五月開始。","",""
"730","114","successive","adj.","連續的","The firm posted losses for three successive years.","公司連續三年虧損。","",""
"730","114","blend","v.","混合","The cafe will blend three kinds of coffee.","咖啡廳會調配三種咖啡。","",""
"730","114","simplicity","n.","簡單","The app is praised for its simplicity.","這個應用程式因簡單易用而受稱讚。","",""
"730","114","static","adj.","靜止的","Sales have been static for a year.","銷售已經停滯一年。","",""
"730","114","computerize","v.","電腦化","The firm will computerize its records.","公司將把紀錄電腦化。","",""
"730","114","classroom","n.","教室","The classroom has a projector and a screen.","教室有投影機和螢幕。","",""
"730","114","spectacular","adj.","壯觀的","The hotel has a spectacular view.","飯店有壯觀的景色。","",""
"730","114","script","n.","腳本","The speaker read from a script.","講者照稿念。","",""
"730","114","oral","adj.","口頭的","The test has an oral section.","測驗有口說部分。","",""
"730","114","setup","n.","設置","The setup of the system takes an hour.","系統的設置需要一小時。","",""
"730","114","tranche","n.","一期款項","The second tranche of the loan will arrive in June.","貸款的第二期款項六月到。","",""
"730","114","numerical","adj.","數字的","The data is shown in numerical order.","資料依數字順序排列。","",""
"730","114","policymaker","n.","決策者","Policymakers are discussing a new tax.","決策者正在討論一項新稅。","",""
"730","114","technically","adv.","技術上；嚴格說","Technically, the offer is still valid.","嚴格來說，這項優惠仍然有效。","",""
"860","115","organ","n.","器官；機關","The newspaper is the organ of the trade union.","這份報紙是工會的機關報。","",""
"860","115","cheat","v.","欺騙","Customers who cheat the system will be banned.","欺騙系統的顧客會被停權。","",""
"860","115","utilization","n.","利用率","Machine utilization rose to ninety percent.","機器利用率提高到百分之九十。","",""
"860","115","tumble","v.","暴跌","Share prices tumbled after the report.","報告發布後股價暴跌。","",""
"860","115","baseline","n.","基準線","The survey sets a baseline for future results.","這項調查為未來的結果設定了基準線。","",""
"860","115","instability","n.","不穩定","Political instability worries investors.","政局不穩讓投資人擔憂。","",""
"860","115","denominate","v.","以…計價","The bond is denominated in dollars.","這檔債券以美元計價。","",""
"860","115","shortfall","n.","缺口","There is a shortfall in the budget.","預算出現缺口。","",""
"860","115","originate","v.","起源","The idea originated in the sales team.","這個點子源自業務團隊。","",""
"860","115","stochastic","adj.","隨機的","The model uses stochastic methods.","這個模型使用隨機方法。","",""
"860","115","prevention","n.","預防","Fire prevention is everyone's job.","防火是每個人的責任。","",""
"860","115","redundancy","n.","冗員；資遣","The firm announced fifty redundancies.","公司宣布資遣五十人。","",""
"860","115","dual","adj.","雙重的","She holds dual citizenship.","她擁有雙重國籍。","",""
"860","115","brick","n.","磚","The new office is built of brick.","新辦公室是磚造的。","",""
"860","115","internally","adv.","內部地","The problem was solved internally.","問題在內部解決了。","",""
"860","115","refinance","v.","再融資","The firm will refinance its loan at a lower rate.","公司會以較低利率再融資。","",""
"860","115","tribal","adj.","部落的","The museum has a tribal art section.","博物館有一個部落藝術區。","",""
"860","115","predictor","n.","預測指標","Past sales are a good predictor of future demand.","過去的銷售是未來需求的良好預測指標。","",""
"860","115","dominance","n.","優勢地位","The firm's dominance of the market is ending.","公司在市場上的優勢地位即將結束。","",""
"860","115","segmentation","n.","市場區隔","Customer segmentation helps target ads.","客戶區隔有助於鎖定廣告對象。","",""
"860","115","hugely","adv.","極大地","The product was hugely successful.","這項產品大獲成功。","",""
"860","115","seemingly","adv.","表面上","Seemingly small errors can cost a lot.","看似微小的錯誤可能代價很高。","",""
"860","115","wholesaler","n.","批發商","The wholesaler sells goods to retailers.","批發商把商品賣給零售商。","",""
"860","115","cotton","n.","棉花","The shirts are made of pure cotton.","這些襯衫是純棉製成。","",""
"860","115","intensity","n.","強度","The intensity of competition has increased.","競爭的強度增加了。","",""
"860","115","routinely","adv.","例行地","The machine is routinely checked.","機器會例行檢查。","",""
"860","115","displace","v.","取代；使移位","Automation may displace some workers.","自動化可能取代一些工人。","",""
"860","115","obscure","adj.","不清楚的；冷門的","The contract wording is obscure.","合約措辭含糊不清。","",""
"860","115","mobility","n.","機動性；流動性","The firm values staff mobility.","公司重視員工的流動性。","",""
"860","115","reprint","v.","重印","The firm will reprint the brochure.","公司將重印這本手冊。","",""
"860","115","bull","n.","公牛；多頭","It was a bull market for shares.","那是股票的多頭市場。","",""
"860","115","peg","v.","固定；釘住","The currency is pegged to the dollar.","這種貨幣與美元掛鉤。","",""
"860","115","allegedly","adv.","據稱","The firm allegedly hid the loss.","據稱公司隱瞞了虧損。","",""
"860","115","annualize","v.","年化","Please annualize the monthly figures.","請把月數字換算成年化。","",""
"860","115","turmoil","n.","動盪","The firm is in turmoil after the news.","消息傳出後公司陷入動盪。","",""
"860","115","reinforcement","n.","強化；增援","The report calls for reinforcement of the rules.","報告呼籲加強規定。","",""
"860","115","wary","adj.","謹慎的","Investors are wary of the new market.","投資人對新市場保持謹慎。","",""
"860","115","woe","n.","困境","The firm's woes began last year.","公司的困境從去年開始。","",""
"860","115","capita","n.","人均（per capita）","Income per capita has risen.","人均所得已經上升。","",""
"860","115","underestimate","v.","低估","Do not underestimate the cost.","不要低估成本。","",""
"860","115","downside","n.","缺點；下行風險","The downside is the high price.","缺點是價格高。","",""
"860","115","steam","n.","蒸氣","The plant uses steam to make power.","電廠用蒸氣發電。","",""
"860","115","hydrogen","n.","氫","The firm develops hydrogen fuel cells.","公司研發氫燃料電池。","",""
"860","115","crush","v.","壓碎；擊潰","The firm hopes to crush its rivals.","公司希望擊潰對手。","",""
"860","115","thereafter","adv.","此後","Payment is due in May and monthly thereafter.","款項五月到期，之後每月繳納。","",""
"860","115","rhetoric","n.","辭令","The rhetoric of the campaign was strong.","這場活動的辭令很強烈。","",""
"860","115","delta","n.","三角洲；變化量","The delta between the two figures is small.","兩個數字之間的差額很小。","",""
"860","115","marketable","adj.","適銷的","The product is highly marketable.","這項產品非常容易銷售。","",""
"860","115","conjunction","n.","連接詞；結合","The firm works in conjunction with local banks.","公司與當地銀行合作。","",""
"860","115","doubtful","adj.","令人懷疑的","It is doubtful that the plan will work.","這項計畫能否成功令人懷疑。","",""
"860","116","ideological","adj.","意識形態的","The firm avoids ideological debates.","公司避免意識形態的爭論。","",""
"860","116","tribe","n.","部落","The guide told us about the local tribe.","導遊向我們介紹了當地部落。","",""
"860","116","injection","n.","注射；注入","The firm received a cash injection from investors.","公司從投資人那裡獲得資金挹注。","",""
"860","116","bracket","n.","等級；括號","Staff in the top tax bracket pay more.","最高稅率級距的員工要繳更多稅。","",""
"860","116","outrage","n.","憤怒","The price rise caused public outrage.","漲價引起民眾憤怒。","",""
"860","116","commentator","n.","評論員","A commentator praised the firm's results.","一位評論員稱讚公司的成績。","",""
"860","116","incline","v.","傾向","Many buyers incline toward cheaper models.","許多買家傾向較便宜的機型。","",""
"860","116","averse","adj.","反對的；厭惡的","Investors are risk averse.","投資人厭惡風險。","",""
"860","116","enlarge","v.","擴大","The firm will enlarge its factory.","公司將擴建工廠。","",""
"860","116","ethanol","n.","乙醇","The plant produces ethanol fuel.","工廠生產乙醇燃料。","",""
"860","116","fairness","n.","公平","The audit checks the fairness of pay.","審計檢查薪資是否公平。","",""
"860","116","dependency","n.","依賴","The firm is reducing its dependency on one client.","公司正在降低對單一客戶的依賴。","",""
"860","116","prepayment","n.","預付款","A prepayment is required for all orders.","所有訂單都需預付款項。","",""
"860","116","externality","n.","外部性","Pollution is a negative externality.","污染是一種負面的外部性。","",""
"860","116","helicopter","n.","直升機","A helicopter flew over the site.","一架直升機飛越工地上空。","",""
"860","116","ration","v.","配給","The firm had to ration its supplies.","公司不得不配給物資。","",""
"860","116","inability","n.","無能為力","His inability to decide delayed the project.","他無法做決定而延誤了專案。","",""
"860","116","discriminate","v.","歧視；區分","The firm does not discriminate against anyone.","公司不歧視任何人。","",""
"860","116","analytic","adj.","分析的","The job needs strong analytic skills.","這份工作需要很強的分析能力。","",""
"860","116","proliferation","n.","激增","There is a proliferation of apps on the market.","市面上的應用程式激增。","",""
"860","116","autonomous","adj.","自主的","Each branch is autonomous.","每間分公司都是自主運作的。","",""
"860","116","inefficiency","n.","低效率","Inefficiency costs the firm millions.","低效率讓公司損失數百萬。","",""
"860","116","downgrade","v.","降級","The agency may downgrade the firm's rating.","評等機構可能調降公司的評等。","",""
"860","116","ideology","n.","意識形態","The firm has a clear management ideology.","公司有明確的管理理念。","",""
"860","116","greenhouse","n.","溫室","The farm grows vegetables in a greenhouse.","農場在溫室裡種蔬菜。","",""
"860","116","plead","v.","懇求；答辯","The firm pleaded for more time.","公司懇求多一點時間。","",""
"860","116","openly","adv.","公開地","Staff can openly share their views.","員工可以公開分享看法。","",""
"860","116","elastic","adj.","有彈性的","Demand for luxury goods is elastic.","奢侈品的需求很有彈性。","",""
"860","116","oust","v.","驅逐；罷免","The board voted to oust the CEO.","董事會投票罷免了執行長。","",""
"860","116","entrant","n.","新進入者","A new entrant has joined the market.","有新進入者加入了市場。","",""
"860","116","underwriter","n.","承銷商；保險業者","The underwriter set the premium.","承保人訂定了保費。","",""
"860","116","cattle","n.","牛群","The farm raises cattle for beef.","農場養牛取肉。","",""
"860","116","newcomer","n.","新人","The firm welcomes newcomers warmly.","公司熱情歡迎新人。","",""
"860","116","pursuant","adj.","依據的","Pursuant to the contract, the firm must pay.","依據合約，公司必須付款。","",""
"860","116","appropriately","adv.","適當地","Please dress appropriately for the event.","請穿著適合這場活動的服裝。","",""
"860","116","accusation","n.","指控","The firm denied the accusation.","公司否認了這項指控。","",""
"860","116","entrepreneurial","adj.","創業的","The firm has an entrepreneurial culture.","公司有創業精神的文化。","",""
"860","116","devaluation","n.","貶值","The devaluation of the currency hurt imports.","貨幣貶值傷害了進口。","",""
"860","116","outlay","n.","開支","The initial outlay for the plant was high.","建廠的初期開支很高。","",""
"860","116","precious","adj.","珍貴的","Time is precious in this industry.","在這個產業時間很寶貴。","",""
"860","116","differentiation","n.","差異化","Product differentiation helps win customers.","產品差異化有助於贏得顧客。","",""
"860","116","restrictive","adj.","限制性的","The contract has restrictive terms.","合約有限制性條款。","",""
"860","116","deed","n.","契據；行為","The deed to the building was signed.","大樓的契據已簽署。","",""
"860","116","competent","adj.","稱職的","She is a competent and reliable manager.","她是稱職又可靠的經理。","",""
"860","116","occasional","adj.","偶爾的","The firm offers occasional discounts.","公司偶爾提供折扣。","",""
"860","116","sovereignty","n.","主權","The treaty protects national sovereignty.","條約保護國家主權。","",""
"860","116","asylum","n.","庇護","The firm supports refugees seeking asylum.","公司支持尋求庇護的難民。","",""
"860","116","isolation","n.","孤立；隔離","The firm cannot work in isolation.","公司不能孤立運作。","",""
"860","116","overstate","v.","誇大","The report may overstate the benefits.","報告可能誇大了好處。","",""
"860","116","partition","n.","隔間；分割","A partition divides the room.","一道隔間把房間分開。","",""
"860","117","investigator","n.","調查員","An investigator reviewed the claim.","一位調查員審查了這項理賠。","",""
"860","117","explosive","adj.","爆炸性的","The firm saw explosive growth.","公司出現爆炸性成長。","",""
"860","117","tactical","adj.","戰術的","The firm made a tactical retreat from the market.","公司戰術性地退出了市場。","",""
"860","117","psychology","n.","心理學","She studied psychology at college.","她在大學讀心理學。","",""
"860","117","reap","v.","收穫","The firm will reap the benefits of the investment.","公司將收穫這項投資的成果。","",""
"860","117","disposable","adj.","可拋棄的；可支配的","Disposable income rose last year.","可支配所得去年增加了。","",""
"860","117","discrete","adj.","獨立分開的","The data is divided into discrete groups.","資料被分成各自獨立的組別。","",""
"860","117","gloomy","adj.","陰鬱的；悲觀的","The outlook for the sector is gloomy.","這個產業的前景黯淡。","",""
"860","117","unpredictable","adj.","無法預測的","The weather is unpredictable.","天氣難以預測。","",""
"860","117","accumulation","n.","累積","The accumulation of debt worries the board.","債務的累積讓董事會憂心。","",""
"860","117","disastrous","adj.","災難性的","The launch was a disastrous failure.","這次上市是災難性的失敗。","",""
"860","117","defensive","adj.","防禦的","The firm took a defensive stance.","公司採取防禦的立場。","",""
"860","117","drain","n.","消耗；排水孔","The project is a drain on resources.","這個專案是資源的消耗。","",""
"860","117","frustration","n.","挫折感","Customers voiced frustration at the delay.","顧客對延誤表達不滿。","",""
"860","117","fret","v.","煩惱","Do not fret over small details.","不要為小細節煩惱。","",""
"860","117","undervalue","v.","低估價值","Investors tend to undervalue the firm.","投資人往往低估這家公司的價值。","",""
"860","117","diligence","n.","勤勉","Her diligence impressed the manager.","她的勤奮讓經理印象深刻。","",""
"860","117","undoubtedly","adv.","無疑地","It is undoubtedly the best offer.","這無疑是最好的提議。","",""
"860","117","composite","adj.","綜合的","The index is a composite of five prices.","這個指數是五項價格的綜合。","",""
"860","117","amongst","prep.","在…之中","The product is popular amongst young buyers.","這項產品在年輕買家之間很受歡迎。","",""
"860","117","congressman","n.","國會議員","A congressman visited the factory.","一位國會議員參觀了工廠。","",""
"860","117","eventual","adj.","最終的","The eventual cost was twice the estimate.","最終的成本是估計的兩倍。","",""
"860","117","correspondent","n.","特派記者；通信者","The firm's correspondent reported from Tokyo.","公司派駐東京的特派員發回報導。","",""
"860","117","myth","n.","迷思","It is a myth that cheap means poor quality.","便宜代表品質差是個迷思。","",""
"860","117","outbreak","n.","爆發","An outbreak of flu closed the office.","流感爆發讓辦公室關閉。","",""
"860","117","imbalance","n.","失衡","There is an imbalance between supply and demand.","供給與需求之間失衡。","",""
"860","117","constructive","adj.","有建設性的","We welcome constructive feedback.","我們歡迎有建設性的意見。","",""
"860","117","laser","n.","雷射","The printer uses a laser to print.","這台印表機用雷射列印。","",""
"860","117","loop","n.","迴圈；圈","Please keep me in the loop.","請隨時讓我知道最新情況。","",""
"860","117","proclaim","v.","宣告","The firm proclaimed a record year.","公司宣布這是創紀錄的一年。","",""
"860","117","audio","n.","音訊","The audio quality of the call was poor.","通話的音質很差。","",""
"860","117","skeptic","n.","懷疑論者","Skeptics doubt the plan will work.","懷疑論者認為這個計畫行不通。","",""
"860","117","bounce","v.","彈跳；反彈","Sales bounced back after the sale.","特賣後銷售反彈。","",""
"860","117","reformer","n.","改革者","She is a reformer within the firm.","她是公司內部的改革者。","",""
"860","117","unwilling","adj.","不願意的","Staff were unwilling to work overtime.","員工不願意加班。","",""
"860","117","cheaply","adv.","便宜地","The goods were produced cheaply.","這些商品以低成本生產。","",""
"860","117","prop","v.","支撐","Government support will prop up the industry.","政府的支持將支撐這個產業。","",""
"860","117","depositor","n.","存款人","Depositors withdrew their money.","存款人提領了他們的錢。","",""
"860","117","clout","n.","影響力","The firm has a lot of clout in the market.","這家公司在市場上很有影響力。","",""
"860","117","thumb","n.","拇指","Use your thumb to scroll the screen.","用拇指滑動螢幕。","",""
"860","117","collectively","adv.","集體地","The staff collectively agreed to the plan.","員工集體同意了這項計畫。","",""
"860","117","conspiracy","n.","陰謀","The firm was accused of a conspiracy to fix prices.","公司被指控合謀操縱價格。","",""
"860","117","dioxide","n.","二氧化物","The firm cut carbon dioxide emissions.","公司減少了二氧化碳排放。","",""
"860","117","enhancement","n.","增強","The update includes several enhancements.","這次更新包含幾項增強功能。","",""
"860","117","decentralize","v.","分權","The firm decided to decentralize its management.","公司決定把管理分權化。","",""
"860","117","pensioner","n.","領退休金者","Pensioners receive a discount.","退休者享有折扣。","",""
"860","117","pin","n.","別針；密碼","Please enter your PIN.","請輸入你的密碼。","",""
"860","117","census","n.","人口普查","The census shows a growing population.","人口普查顯示人口正在成長。","",""
"860","117","vow","v.","發誓","The CEO vowed to cut costs.","執行長誓言要削減成本。","",""
"860","118","ineffective","adj.","無效的","The old method was ineffective.","舊方法沒有效果。","",""
"860","118","adequately","adv.","充分地","The staff are adequately trained.","員工受過充分的訓練。","",""
"860","118","testimony","n.","證詞；證明","Her testimony helped the firm win the case.","她的證詞幫助公司打贏了官司。","",""
"860","118","manipulation","n.","操縱","Price manipulation is illegal.","操縱價格是違法的。","",""
"860","118","cooperative","adj.","合作的","The staff were very cooperative.","員工非常配合。","",""
"860","118","rigid","adj.","僵硬的；嚴格的","The firm has a rigid schedule.","公司有嚴格的時程。","",""
"860","118","optimum","adj.","最佳的","Set the machine to its optimum speed.","請把機器調到最佳速度。","",""
"860","118","subsection","n.","小節","Please see subsection three of the contract.","請參閱合約第三小節。","",""
"860","118","formulation","n.","制定；配方","The formulation of the policy took months.","政策的制定花了好幾個月。","",""
"860","118","expectancy","n.","預期；期望","Life expectancy has risen.","預期壽命增加了。","",""
"860","118","syndicate","n.","財團；聯合組織","A syndicate of banks funded the project.","由銀行組成的財團資助了這個專案。","",""
"860","118","unfavorable","adj.","不利的","The firm faced unfavorable weather.","公司遇到不利的天氣。","",""
"860","118","proprietorship","n.","獨資事業","The shop is a sole proprietorship.","這家店是獨資經營。","",""
"860","118","franc","n.","法郎","The price is quoted in Swiss francs.","價格以瑞士法郎報價。","",""
"860","118","policyholder","n.","保單持有人","Policyholders must pay premiums on time.","保單持有人必須準時繳保費。","",""
"860","118","supervisory","adj.","監督的","She holds a supervisory role.","她擔任監督職務。","",""
"860","118","sheer","adj.","純粹的；陡峭的","The sheer size of the order surprised us.","這筆訂單的規模之大讓我們吃驚。","",""
"860","118","electorate","n.","選民","The electorate will vote next month.","選民將在下個月投票。","",""
"860","118","realization","n.","領悟；實現","The realization of the plan took five years.","這項計畫的實現花了五年。","",""
"860","118","reinvestment","n.","再投資","Reinvestment of profits helped the firm grow.","利潤再投資幫助公司成長。","",""
"860","118","scratch","n.","刮痕","There is a scratch on the screen.","螢幕上有一道刮痕。","",""
"860","118","pit","n.","坑；礦坑","The firm operates a coal pit.","公司經營一座煤礦坑。","",""
"860","118","intrigue","n.","陰謀；興趣","Office intrigue hurt morale.","辦公室裡的勾心鬥角傷了士氣。","",""
"860","118","patch","n.","修補程式；補丁","The firm released a software patch.","公司發布了軟體修補程式。","",""
"860","118","brave","adj.","勇敢的","It was a brave decision to expand.","決定擴張是個勇敢的決定。","",""
"860","118","scatter","v.","分散","The firm's offices are scattered across Asia.","公司的辦公室分散在亞洲各地。","",""
"860","118","annum","n.","年（per annum）","The salary is fifty thousand per annum.","年薪是五萬。","",""
"860","118","mar","v.","損害","Delays marred the opening of the store.","延誤破壞了新店開幕。","",""
"860","118","reportedly","adv.","據報導","The firm is reportedly planning a merger.","據報導公司正計畫合併。","",""
"860","118","negotiator","n.","談判代表","The negotiator reached a deal.","談判代表達成了協議。","",""
"860","118","offensive","adj.","冒犯的；攻擊的","The ad was offensive to many people.","這則廣告冒犯了許多人。","",""
"860","118","deployment","n.","部署","The deployment of the software took a week.","軟體的部署花了一週。","",""
"860","118","detection","n.","偵測","Early detection of errors saves money.","及早發現錯誤可以省錢。","",""
"860","118","intelligent","adj.","聰明的；智慧的","The firm sells intelligent home systems.","公司販售智慧居家系統。","",""
"860","118","slim","adj.","苗條的；微小的","There is only a slim chance of success.","成功的機會很渺茫。","",""
"860","118","beam","n.","光束；梁","A steel beam supports the roof.","一根鋼梁支撐著屋頂。","",""
"860","118","disguise","v.","掩飾","The firm tried to disguise its losses.","公司試圖掩飾虧損。","",""
"860","118","assertion","n.","主張","The report supports his assertion.","報告支持他的主張。","",""
"860","118","fraudulent","adj.","詐欺的","The firm reported a fraudulent claim.","公司通報了一件詐欺理賠。","",""
"860","118","citizenship","n.","公民身分","Applicants must hold citizenship.","申請人必須具有公民身分。","",""
"860","118","rebound","v.","反彈","Sales rebounded in the spring.","銷售在春天反彈。","",""
"860","118","scorecard","n.","記分卡","The firm uses a balanced scorecard.","公司使用平衡計分卡。","",""
"860","118","ounce","n.","盎司","The bottle holds sixteen ounces.","這個瓶子可裝十六盎司。","",""
"860","118","grave","adj.","嚴重的","There are grave concerns about safety.","大家對安全有嚴重的擔憂。","",""
"860","118","contributor","n.","貢獻者","She is a major contributor to the project.","她是這項專案的主要貢獻者。","",""
"860","118","negotiable","adj.","可協商的","The price is negotiable.","價格可以商量。","",""
"860","118","reconstruction","n.","重建","The reconstruction of the bridge took a year.","橋的重建花了一年。","",""
"860","118","restate","v.","重新陳述","Please restate the question.","請重述一次問題。","",""
"860","118","rightly","adv.","正確地","The manager rightly pointed out the error.","經理正確地指出了錯誤。","",""
"860","118","converge","v.","匯集","All routes converge at the main station.","所有路線都匯集在總站。","",""
"860","119","sadly","adv.","遺憾地","Sadly, the item is out of stock.","很遺憾，這項商品缺貨。","",""
"860","119","incorrect","adj.","不正確的","The address on the form is incorrect.","表格上的地址不正確。","",""
"860","119","compulsory","adj.","強制的","Attendance is compulsory.","出席是強制的。","",""
"860","119","duly","adv.","按時；適當地","The form was duly signed.","表格已適當簽署。","",""
"860","119","sympathy","n.","同情","We express our sympathy to the victims.","我們向受害者表達同情。","",""
"860","119","forecaster","n.","預測者","Forecasters predict a rise in prices.","預測人員預期價格會上漲。","",""
"860","119","conceal","v.","隱藏","The firm tried to conceal the error.","公司試圖隱瞞這個錯誤。","",""
"860","119","unrelated","adj.","無關的","The two events are unrelated.","這兩件事無關。","",""
"860","119","flotation","n.","上市發行","The firm plans a stock flotation next year.","公司計畫明年股票上市。","",""
"860","119","atom","n.","原子","The lab studies the structure of the atom.","實驗室研究原子的結構。","",""
"860","119","hitherto","adv.","迄今","The firm hitherto relied on one client.","公司迄今依賴單一客戶。","",""
"860","119","maneuver","n.","操作；策略","The firm made a clever maneuver in the market.","公司在市場上做了一個巧妙的策略。","",""
"860","119","prosperous","adj.","繁榮的","The firm is based in a prosperous region.","公司設在繁榮的地區。","",""
"860","119","statistically","adv.","統計上","The change is statistically significant.","這項變化在統計上是顯著的。","",""
"860","119","specialization","n.","專業化","Specialization raises productivity.","專業化提高生產力。","",""
"860","119","globally","adv.","全球地","The firm operates globally.","公司在全球營運。","",""
"860","119","pronounce","v.","發音；宣布","How do you pronounce this word?","這個字怎麼發音？","",""
"860","119","rein","n.","韁繩；控制","The new CEO took the reins of the firm.","新任執行長接掌了公司。","",""
"860","119","revival","n.","復甦","The firm is enjoying a revival in sales.","公司的銷售正在復甦。","",""
"860","119","nationalize","v.","國有化","The government decided to nationalize the airline.","政府決定將這家航空公司國有化。","",""
"860","119","swiftly","adv.","迅速地","The firm acted swiftly to fix the error.","公司迅速採取行動修正錯誤。","",""
"860","119","nationalism","n.","民族主義","Rising nationalism affects trade.","民族主義抬頭影響貿易。","",""
"860","119","prejudice","n.","偏見","The firm fights prejudice in hiring.","公司在僱用上對抗偏見。","",""
"860","119","instinct","n.","直覺；本能","Trust your instinct when you negotiate.","談判時請相信你的直覺。","",""
"860","119","dub","v.","稱為；配音","The press dubbed the product a failure.","媒體把這項產品稱為失敗之作。","",""
"860","119","approximation","n.","近似值","This figure is only an approximation.","這個數字只是近似值。","",""
"860","119","unsecured","adj.","無擔保的","The firm took out an unsecured loan.","公司借了一筆無擔保貸款。","",""
"860","119","quotation","n.","報價；引述","Please send us a quotation for the goods.","請寄給我們這批貨的報價單。","",""
"860","119","mold","n.","模具；黴","The factory uses a steel mold.","工廠使用鋼製模具。","",""
"860","119","blast","n.","爆炸；一陣","A blast of cold air came from the vent.","通風口吹出一陣冷風。","",""
"860","119","alas","adv.","可惜","Alas, the item is no longer available.","可惜這項商品已無法購買。","",""
"860","119","impair","v.","損害","Noise can impair concentration.","噪音會損害專注力。","",""
"860","119","prod","v.","催促","The manager had to prod the team to finish.","經理必須催促團隊完成。","",""
"860","119","liberalize","v.","使自由化","The government will liberalize trade rules.","政府將使貿易規定自由化。","",""
"860","119","bully","v.","欺負","The firm has a policy against bullying.","公司有禁止霸凌的政策。","",""
"860","119","catastrophe","n.","大災難","The fire was a catastrophe for the firm.","這場火災對公司來說是場大災難。","",""
"860","119","endless","adj.","無止境的","The project seemed to have endless delays.","這個專案似乎延誤不斷。","",""
"860","119","revaluation","n.","重新估價","The revaluation of assets raised profit.","資產重估提高了利潤。","",""
"860","119","swell","v.","膨脹；增加","The crowd began to swell.","人群開始增多。","",""
"860","119","worthy","adj.","值得的","The cause is worthy of support.","這項事業值得支持。","",""
"860","119","resale","n.","轉售","The goods are not for resale.","這些商品不得轉售。","",""
"860","119","progressive","adj.","進步的；累進的","The firm has a progressive pay system.","公司有進步的薪資制度。","",""
"860","119","corrective","adj.","矯正的","The firm took corrective action.","公司採取了矯正措施。","",""
"860","119","legitimacy","n.","合法性","The audit confirmed the firm's legitimacy.","審計確認了公司的合法性。","",""
"860","119","speculator","n.","投機者","Speculators drove up the price.","投機者推高了價格。","",""
"860","119","inconsistent","adj.","不一致的","The figures in the two reports are inconsistent.","兩份報告的數字不一致。","",""
"860","119","plainly","adv.","明白地","The sign plainly states the rules.","標誌明白寫出規定。","",""
"860","119","unexpectedly","adv.","意外地","The meeting ended unexpectedly early.","會議意外提早結束。","",""
"860","119","timber","n.","木材","The firm exports timber to Asia.","公司向亞洲出口木材。","",""
"860","120","randomly","adv.","隨機地","Winners are chosen randomly.","得獎者是隨機抽出的。","",""
"860","120","colonial","adj.","殖民地的","The hotel is in a colonial building.","飯店位於一棟殖民時期的建築裡。","",""
"860","120","underpin","v.","支撐；成為基礎","Trust underpins every sale.","信任是每筆交易的基礎。","",""
"860","120","diary","n.","日記；行事曆","She keeps a diary of her trips.","她把旅程寫在日記裡。","",""
"860","120","heir","n.","繼承人","The heir will take over the firm.","繼承人將接管這家公司。","",""
"860","120","genuinely","adv.","真誠地","We are genuinely sorry for the error.","我們對這個錯誤真心感到抱歉。","",""
"860","120","severely","adv.","嚴重地","The storm severely damaged the roof.","暴風雨嚴重損壞了屋頂。","",""
"860","120","grim","adj.","嚴峻的","The outlook for the industry is grim.","這個產業的前景嚴峻。","",""
"860","120","relational","adj.","關係的","The firm builds relational ties with clients.","公司與客戶建立關係連結。","",""
"860","120","brutal","adj.","殘酷的","Competition in the market is brutal.","市場競爭非常殘酷。","",""
"860","120","monopolist","n.","壟斷者","The monopolist set high prices.","壟斷者訂出高價。","",""
"860","120","physically","adv.","身體上","The job is physically demanding.","這份工作對體力要求很高。","",""
"860","120","disposition","n.","性情；處置","She has a calm disposition.","她性情沉穩。","",""
"860","120","misunderstand","v.","誤解","Customers may misunderstand the offer.","顧客可能誤解這項優惠。","",""
"860","120","worksheet","n.","工作表","Please complete the worksheet.","請完成這份工作表。","",""
"860","120","intercept","v.","攔截","The system will intercept spam emails.","系統會攔截垃圾郵件。","",""
"860","120","dent","n.","凹痕","There is a dent in the door of the van.","廂型車的車門有個凹痕。","",""
"860","120","absorption","n.","吸收；併購","The absorption of the smaller firm was smooth.","併入這間小公司的過程很順利。","",""
"860","120","importer","n.","進口商","The firm is a major importer of coffee.","公司是咖啡的主要進口商。","",""
"860","120","continuity","n.","連續性","Continuity of service is our priority.","服務不中斷是我們的首要任務。","",""
"860","120","geography","n.","地理","Geography affects shipping costs.","地理位置影響運費。","",""
"860","120","dismal","adj.","慘淡的","Sales were dismal last quarter.","上一季銷售慘淡。","",""
"860","120","magnetic","adj.","磁性的","The card has a magnetic strip.","這張卡有磁條。","",""
"860","120","generalize","v.","概括","It is hard to generalize from one result.","很難從單一結果做概括。","",""
"860","120","confrontation","n.","對峙","The two managers avoided a confrontation.","兩位經理避免了正面衝突。","",""
"860","120","demise","n.","消亡","The demise of the brand surprised everyone.","這個品牌的消亡讓大家意外。","",""
"860","120","reversal","n.","逆轉","The firm saw a reversal of fortune.","公司的運勢出現逆轉。","",""
"860","120","tide","n.","潮流；潮水","The tide of opinion has turned.","輿論的風向已經轉變。","",""
"860","120","saver","n.","儲蓄者；節省工具","The bank offers a high rate for savers.","銀行為儲戶提供高利率。","",""
"860","120","tick","v.","打勾；滴答","Please tick the box to agree.","請勾選方框表示同意。","",""
"860","120","intensify","v.","加劇","Competition will intensify next year.","明年競爭會加劇。","",""
"860","120","reluctance","n.","不情願","Staff showed reluctance to change.","員工對改變顯得不情願。","",""
"860","120","aviation","n.","航空業","She works in the aviation industry.","她在航空業工作。","",""
"860","120","surveillance","n.","監視","The building is under video surveillance.","這棟大樓有影像監視。","",""
"860","120","decimal","n.","小數","Please round to one decimal place.","請四捨五入到小數點後一位。","",""
"860","120","realizable","adj.","可實現的","The goal is realizable within a year.","這個目標一年內可以實現。","",""
"860","120","acceleration","n.","加速","The acceleration of growth surprised analysts.","成長的加速讓分析師意外。","",""
"860","120","acidic","adj.","酸性的","Acidic foods can harm the surface.","酸性食物可能損害表面。","",""
"860","120","acute","adj.","嚴重的；敏銳的","There is an acute shortage of staff.","人手嚴重短缺。","",""
"860","120","adaptation","n.","適應；改編","The firm's adaptation to change was quick.","公司對改變的適應很快。","",""
"860","120","adaptive","adj.","適應性的","The firm uses adaptive learning software.","公司使用適性學習軟體。","",""
"860","120","adolescent","n.","青少年","The program is designed for adolescents.","這項計畫是為青少年設計的。","",""
"860","120","aesthetic","adj.","美學的","The hotel has a strong aesthetic appeal.","這家飯店有很強的美感。","",""
"860","120","alien","adj.","陌生的；外來的","The new system felt alien to staff.","新系統讓員工覺得陌生。","",""
"860","120","altitude","n.","海拔；高度","The plane reached a cruising altitude.","飛機達到巡航高度。","",""
"860","120","analogy","n.","類比","She used an analogy to explain the plan.","她用類比來說明這項計畫。","",""
"860","120","ancestor","n.","祖先","The firm was founded by his ancestor.","公司是他的祖先創辦的。","",""
"860","120","applause","n.","掌聲","The speech ended with loud applause.","演說在熱烈掌聲中結束。","",""
"860","120","arrow","n.","箭頭","Follow the arrow to the exit.","請跟著箭頭走向出口。","",""
"860","120","artifact","n.","文物","The museum displays ancient artifacts.","博物館展出古代文物。","",""
"860","121","bang","n.","砰的一聲","The door closed with a loud bang.","門砰的一聲關上。","",""
"860","121","basin","n.","洗手台；盆地","The bathroom has a large basin.","浴室有一個大洗手台。","",""
"860","121","bat","n.","球棒；蝙蝠","The shop sells baseball bats.","這家店賣棒球棒。","",""
"860","121","bilingual","adj.","雙語的","The firm seeks a bilingual assistant.","公司徵求一位雙語助理。","",""
"860","121","bizarre","adj.","怪異的","The request was bizarre.","這個要求很怪異。","",""
"860","121","bleed","v.","流血；流失","The firm continued to bleed money.","公司持續虧損燒錢。","",""
"860","121","bodily","adj.","身體的","Bodily injury is covered by the policy.","身體傷害由這份保單承保。","",""
"860","121","censor","v.","審查","The government may censor the film.","政府可能審查這部電影。","",""
"860","121","chess","n.","西洋棋","The club plays chess on Fridays.","俱樂部週五下西洋棋。","",""
"860","121","civilization","n.","文明","The museum covers ancient civilization.","博物館介紹古代文明。","",""
"860","121","clay","n.","黏土","The shop sells clay pots.","這家店賣陶土盆。","",""
"860","121","colony","n.","殖民地；群體","The island was once a colony.","這座島嶼曾是殖民地。","",""
"860","121","comma","n.","逗號","Please add a comma after the date.","請在日期後加一個逗號。","",""
"860","121","commentary","n.","評論","The report includes expert commentary.","報告包含專家評論。","",""
"860","121","communicative","adj.","善於溝通的","She is a communicative manager.","她是善於溝通的主管。","",""
"860","121","composer","n.","作曲家","The composer wrote the theme for the film.","作曲家替這部電影寫了主題曲。","",""
"860","121","conception","n.","構想","The conception of the plan took a year.","這項計畫的構想花了一年。","",""
"860","121","connector","n.","連接器","You need a connector for the cable.","你需要一個電纜連接器。","",""
"860","121","consciousness","n.","意識","The campaign raised public consciousness.","這項活動提升了大眾意識。","",""
"860","121","contour","n.","輪廓","The map shows the contour of the coast.","地圖顯示海岸的輪廓。","",""
"860","121","contradictory","adj.","矛盾的","The two reports gave contradictory advice.","這兩份報告給了互相矛盾的建議。","",""
"860","121","critically","adv.","批判地；關鍵地","The firm is critically short of staff.","公司人手極度短缺。","",""
"860","121","critique","n.","評論","She wrote a critique of the plan.","她寫了一篇對這項計畫的評論。","",""
"860","121","crystal","n.","水晶","The lobby has a crystal chandelier.","大廳有一盞水晶吊燈。","",""
"860","121","cue","n.","提示","Wait for the cue before you speak.","等提示後再說話。","",""
"860","121","cylinder","n.","圓筒","The gas is stored in a steel cylinder.","瓦斯存放在鋼瓶裡。","",""
"860","121","damp","adj.","潮濕的","Keep the files away from damp areas.","請讓檔案遠離潮濕處。","",""
"860","121","decay","v.","腐朽；衰退","The old building began to decay.","這棟老建築開始腐朽。","",""
"860","121","deceive","v.","欺騙","The ad may deceive customers.","這則廣告可能欺騙顧客。","",""
"860","121","degrade","v.","降低品質","Heat can degrade the product.","高溫會降低產品品質。","",""
"860","121","dense","adj.","稠密的","The city has a dense population.","這座城市人口稠密。","",""
"860","121","dialect","n.","方言","She speaks the local dialect.","她會說當地方言。","",""
"860","121","diameter","n.","直徑","The pipe has a diameter of ten centimeters.","這根管子直徑十公分。","",""
"860","121","dictionary","n.","字典","Please look up the word in a dictionary.","請在字典裡查這個字。","",""
"860","121","discourse","n.","論述","The report adds to the public discourse.","這份報告為公共論述增添內容。","",""
"860","121","displacement","n.","取代；移位","Automation led to the displacement of workers.","自動化導致工人被取代。","",""
"860","121","disturbance","n.","干擾","A disturbance interrupted the meeting.","一陣騷動打斷了會議。","",""
"860","121","domination","n.","支配","The firm's domination of the market ended.","公司對市場的支配結束了。","",""
"860","121","dye","n.","染料","The fabric is colored with natural dye.","這種布料用天然染料染色。","",""
"860","121","ecology","n.","生態","The firm studies river ecology.","公司研究河川生態。","",""
"860","121","elementary","adj.","基礎的","The course covers elementary accounting.","這門課涵蓋基礎會計。","",""
"860","121","elevation","n.","海拔；提升","The hotel is at an elevation of two thousand meters.","飯店位於海拔兩千公尺。","",""
"860","121","elimination","n.","消除","The elimination of waste saves money.","消除浪費可以省錢。","",""
"860","121","emit","v.","排放","The plant emits less carbon now.","這座工廠現在排放的碳比較少。","",""
"860","121","emperor","n.","皇帝","The museum honors a famous emperor.","博物館紀念一位著名的皇帝。","",""
"860","121","encode","v.","編碼","The software will encode your files.","軟體會替你的檔案編碼。","",""
"860","121","enormously","adv.","極大地","The firm benefited enormously from the deal.","公司從這筆交易中獲益極大。","",""
"860","121","equivalence","n.","等同","There is no equivalence between the two roles.","這兩個職位不能等同視之。","",""
"860","121","facet","n.","面向","Every facet of the project was reviewed.","專案的每個面向都經過審查。","",""
"860","121","fertility","n.","生育力；肥沃","The fertility of the soil is high.","這片土地很肥沃。","",""
"860","122","fever","n.","發燒","Staff with a fever should stay home.","發燒的員工應在家休息。","",""
"860","122","flesh","n.","肉；果肉","The fruit has sweet flesh.","這種水果的果肉很甜。","",""
"860","122","flip","v.","翻轉","Please flip the page.","請翻頁。","",""
"860","122","flux","n.","不斷變動","The market is in a state of flux.","市場處於不斷變動中。","",""
"860","122","footnote","n.","註腳","The footnote explains the figures.","註腳說明了這些數字。","",""
"860","122","fossil","n.","化石","The firm warns against fossil fuel use.","公司呼籲減少使用化石燃料。","",""
"860","122","fracture","n.","骨折；裂縫","The scan showed a small fracture.","掃描顯示有個小骨折。","",""
"860","122","friction","n.","摩擦；衝突","There was friction between the two teams.","兩個團隊之間有摩擦。","",""
"860","122","fundamentally","adv.","根本地","The two plans are fundamentally different.","這兩個計畫根本上不同。","",""
"860","122","ghost","n.","鬼","The tour includes a ghost story.","導覽包含一則鬼故事。","",""
"860","122","goat","n.","山羊","The farm sells goat milk.","農場賣山羊奶。","",""
"860","122","goodness","n.","良善","Thank goodness the files were saved.","謝天謝地檔案有存起來。","",""
"860","122","gradient","n.","坡度；梯度","The road has a steep gradient.","這條路坡度很陡。","",""
"860","122","gravity","n.","重力；嚴重性","We understand the gravity of the situation.","我們了解情況的嚴重性。","",""
"860","122","gut","n.","直覺；腸子","My gut feeling says the deal is risky.","我的直覺告訴我這筆交易有風險。","",""
"860","122","habitat","n.","棲息地","The park protects the habitat of rare birds.","公園保護稀有鳥類的棲息地。","",""
"860","122","halfway","adv.","半途","We are halfway through the project.","我們已完成專案的一半。","",""
"860","122","hawk","n.","鷹","A hawk circled above the field.","一隻鷹在田野上空盤旋。","",""
"860","122","hip","n.","臀部；時髦的","The hotel has a hip, modern design.","這家飯店設計時髦現代。","",""
"860","122","illusion","n.","錯覺","The mirror gives an illusion of space.","鏡子造成空間感的錯覺。","",""
"860","122","impulse","n.","衝動","Many shoppers buy on impulse.","許多購物者憑衝動購買。","",""
"860","122","incidence","n.","發生率","The incidence of errors has fallen.","錯誤的發生率下降了。","",""
"860","122","incredible","adj.","難以置信的","The view from the hotel is incredible.","飯店的景色令人難以置信。","",""
"860","122","incredibly","adv.","令人難以置信地","The service was incredibly fast.","服務快得令人難以置信。","",""
"860","122","indigenous","adj.","本土的","The shop sells indigenous crafts.","這家店販售原住民工藝品。","",""
"860","122","industrialization","n.","工業化","Industrialization changed the region.","工業化改變了這個地區。","",""
"860","122","industrialize","v.","工業化","The country began to industrialize in the 1960s.","這個國家在 1960 年代開始工業化。","",""
"860","122","inferior","adj.","較差的","The cheaper model is of inferior quality.","較便宜的機型品質較差。","",""
"860","122","infinite","adj.","無限的","Resources are not infinite.","資源不是無限的。","",""
"860","122","infinity","n.","無限","The sign shows the symbol for infinity.","標誌顯示無限大的符號。","",""
"860","122","inject","v.","注入","The firm will inject new funds into the project.","公司將對專案注入新資金。","",""
"860","122","insect","n.","昆蟲","The product repels insects.","這項產品能驅蟲。","",""
"860","122","interestingly","adv.","有趣的是","Interestingly, sales rose in winter.","有趣的是，銷售在冬天上升。","",""
"860","122","interviewer","n.","面試官","The interviewer asked about her experience.","面試官詢問了她的經驗。","",""
"860","122","invert","v.","倒置","Invert the bottle before use.","使用前請把瓶子倒過來。","",""
"860","122","irrigation","n.","灌溉","The farm uses an irrigation system.","農場使用灌溉系統。","",""
"860","122","kidney","n.","腎臟","The clinic treats kidney problems.","診所治療腎臟疾病。","",""
"860","122","lateral","adj.","側面的","The move was a lateral transfer, not a promotion.","這次是平調，不是升遷。","",""
"860","122","leaf","n.","葉子","The tea is made from fresh leaf.","這種茶是新鮮茶葉製成。","",""
"860","122","legend","n.","傳奇","He is a legend in the industry.","他是業界的傳奇人物。","",""
"860","122","lever","n.","槓桿；操縱桿","Pull the lever to start the machine.","拉下操縱桿啟動機器。","",""
"860","122","limb","n.","肢體","The firm makes artificial limbs.","公司製造義肢。","",""
"860","122","linguistic","adj.","語言的","The firm hires staff with linguistic skills.","公司僱用具語言能力的員工。","",""
"860","122","liver","n.","肝臟","The doctor checked her liver.","醫生檢查了她的肝臟。","",""
"860","122","manuscript","n.","手稿","Please submit your manuscript by Friday.","請在週五前提交你的手稿。","",""
"860","122","marble","n.","大理石","The lobby floor is made of marble.","大廳地板是大理石的。","",""
"860","122","maternal","adj.","母親的","The firm offers maternal health benefits.","公司提供孕產婦健康福利。","",""
"860","122","membrane","n.","膜","The filter has a thin membrane.","這個濾網有一層薄膜。","",""
"860","122","metaphor","n.","隱喻","The speaker used a metaphor to explain the plan.","講者用隱喻來說明這項計畫。","",""
"860","122","millimeter","n.","毫米","The part must be accurate to a millimeter.","這個零件必須精確到一毫米。","",""
"860","123","monkey","n.","猴子","The zoo has a large monkey house.","動物園有一座大型猴子館。","",""
"860","123","morality","n.","道德","The firm is guided by morality as well as law.","公司除了法律也以道德為準則。","",""
"860","123","mortality","n.","死亡率","Infant mortality has fallen sharply.","嬰兒死亡率大幅下降。","",""
"860","123","motif","n.","主題；圖案","The hotel uses a floral motif.","飯店採用花卉圖案。","",""
"860","123","nest","n.","巢","Birds built a nest on the roof.","鳥在屋頂上築了巢。","",""
"860","123","nicely","adv.","很好地","The new design fits nicely in the room.","新設計很適合這個房間。","",""
"860","123","noble","adj.","高尚的","It is a noble cause.","這是個高尚的目標。","",""
"860","123","notation","n.","記號；標註","The report uses standard notation.","報告使用標準記號。","",""
"860","123","novice","n.","新手","The course is designed for a novice.","這門課是為新手設計的。","",""
"860","123","offspring","n.","後代","The firm sponsors a school for the offspring of staff.","公司贊助一所員工子女的學校。","",""
"860","123","onset","n.","開始","The onset of winter slowed sales.","冬天來臨使銷售放緩。","",""
"860","123","optical","adj.","光學的","The firm sells optical equipment.","公司販售光學設備。","",""
"860","123","outer","adj.","外部的","The outer wall needs repair.","外牆需要修補。","",""
"860","123","oxygen","n.","氧氣","The room has a low level of oxygen.","這個房間氧氣含量偏低。","",""
"860","123","paradox","n.","矛盾","It is a paradox that low prices cut sales.","低價反而降低銷售是個矛盾。","",""
"860","123","pardon","n.","原諒","I beg your pardon, could you repeat that?","不好意思，可以請你再說一次嗎？","",""
"860","123","parental","adj.","父母的","The firm offers parental leave.","公司提供育嬰假。","",""
"860","123","pathway","n.","途徑；小徑","The course offers a pathway to a career.","這門課提供通往職涯的途徑。","",""
"860","123","peasant","n.","農民","The museum shows how peasants lived.","博物館展示農民的生活。","",""
"860","123","peripheral","adj.","周邊的；次要的","The printer is a peripheral device.","印表機是周邊裝置。","",""
"860","123","pest","n.","害蟲","The firm sells pest control products.","公司販售害蟲防治產品。","",""
"860","123","pesticide","n.","殺蟲劑","The farm uses little pesticide.","這座農場很少使用殺蟲劑。","",""
"860","123","phenomenal","adj.","非凡的","The firm had a phenomenal year.","公司度過了非凡的一年。","",""
"860","123","philosopher","n.","哲學家","A philosopher will speak at the forum.","一位哲學家將在論壇上演講。","",""
"860","123","philosophical","adj.","哲學的","They had a philosophical debate on ethics.","他們就倫理進行了哲學性的辯論。","",""
"860","123","plantation","n.","農場；種植園","The tour visits a tea plantation.","行程會參觀一座茶園。","",""
"860","123","plural","adj.","複數的","The plural of ""child"" is ""children"".","「child」的複數是「children」。","",""
"860","123","polar","adj.","極地的","The firm makes polar clothing.","公司製造極地服裝。","",""
"860","123","portrayal","n.","描繪","The film's portrayal of business was accurate.","這部電影對商界的描繪很準確。","",""
"860","123","postgraduate","adj.","研究所的","She is a postgraduate student.","她是研究所學生。","",""
"860","123","powder","n.","粉","The product comes in powder form.","這項產品是粉狀的。","",""
"860","123","predator","n.","掠食者","The firm is a predator in the market.","這家公司在市場上是個掠食者。","",""
"860","123","predominantly","adv.","主要地","The audience was predominantly young.","觀眾以年輕人為主。","",""
"860","123","prevalence","n.","盛行率","The prevalence of online shopping is rising.","網購的盛行率正在上升。","",""
"860","123","prey","n.","獵物","Small firms are easy prey for large rivals.","小公司是大型對手眼中的獵物。","",""
"860","123","primitive","adj.","原始的","The old system is primitive by today's standards.","以今天的標準來看，舊系統很原始。","",""
"860","123","problematic","adj.","有問題的","The new rule is problematic for small firms.","新規定對小公司來說有問題。","",""
"860","123","progression","n.","進展；晉升","Career progression depends on performance.","職涯進展取決於績效。","",""
"860","123","pulse","n.","脈搏；脈衝","Check your pulse before exercising.","運動前先量脈搏。","",""
"860","123","punch","v.","打孔；擊打","Punch two holes in the paper.","在紙上打兩個孔。","",""
"860","123","quiz","n.","小考","A short quiz follows each lesson.","每堂課後有一個小考。","",""
"860","123","radar","n.","雷達","The airport has a new radar system.","機場有一套新的雷達系統。","",""
"860","123","radiation","n.","輻射","The hospital limits radiation exposure.","醫院限制輻射暴露。","",""
"860","123","radius","n.","半徑","The shop delivers within a five-kilometer radius.","這家店在五公里半徑內送貨。","",""
"860","123","realism","n.","寫實；現實感","The plan lacks realism.","這個計畫缺乏現實感。","",""
"860","123","realm","n.","領域","The firm works in the realm of finance.","公司在金融領域營運。","",""
"860","123","reconstruct","v.","重建","Engineers will reconstruct the old bridge.","工程師將重建這座舊橋。","",""
"860","123","rehabilitation","n.","復健","The clinic offers rehabilitation services.","診所提供復健服務。","",""
"860","123","reproduction","n.","複製品；繁殖","The painting is a reproduction.","這幅畫是複製品。","",""
"860","123","reservoir","n.","水庫","The city's reservoir is almost full.","這座城市的水庫快滿了。","",""
"860","124","residue","n.","殘留物","The cleaner leaves no residue.","這款清潔劑不留殘渣。","",""
"860","124","resistant","adj.","抗…的","The material is resistant to heat.","這種材料耐熱。","",""
"860","124","rhythm","n.","節奏","The firm works to a steady rhythm.","公司以穩定的節奏運作。","",""
"860","124","ridiculous","adj.","荒謬的","The price is ridiculous.","這個價格太荒謬了。","",""
"860","124","ritual","n.","儀式；慣例","The morning meeting is a daily ritual.","晨會是每日的例行儀式。","",""
"860","124","rotation","n.","輪替","Staff work in a weekly rotation.","員工每週輪替。","",""
"860","124","rub","v.","擦；搓","Rub the stain gently with a cloth.","用布輕輕擦拭污漬。","",""
"860","124","scroll","v.","捲動","Scroll down to see the full list.","往下捲動可看到完整清單。","",""
"860","124","sediment","n.","沉澱物","The filter removes sediment from the water.","濾網會濾除水中的沉澱物。","",""
"860","124","sensation","n.","感覺；轟動","The new product caused a sensation.","新產品造成轟動。","",""
"860","124","sensory","adj.","感官的","The exhibit offers a sensory experience.","這場展覽提供感官體驗。","",""
"860","124","shallow","adj.","淺的","The pool is shallow at one end.","游泳池一端是淺的。","",""
"860","124","singular","adj.","單數的；獨特的","Use the singular form of the verb.","請使用動詞的單數形。","",""
"860","124","skip","v.","跳過","You may skip this step.","你可以跳過這個步驟。","",""
"860","124","slab","n.","厚板","The floor is made of a concrete slab.","地板是混凝土厚板做的。","",""
"860","124","snake","n.","蛇","The reptile house has a large snake.","爬蟲館有一條大蛇。","",""
"860","124","socialize","v.","社交","Staff socialize at the monthly lunch.","員工在每月午餐聚會上社交。","",""
"860","124","spatial","adj.","空間的","The design makes good spatial use.","這個設計善用空間。","",""
"860","124","specimen","n.","樣本","The lab tested a blood specimen.","實驗室檢驗了血液樣本。","",""
"860","124","sphere","n.","球體；領域","The firm has influence in the sphere of finance.","公司在金融領域有影響力。","",""
"860","124","spontaneous","adj.","自發的","The crowd gave a spontaneous cheer.","群眾自發地歡呼。","",""
"860","124","stereotype","n.","刻板印象","The ad challenges a stereotype.","這支廣告挑戰了刻板印象。","",""
"860","124","strand","n.","股；線","One strand of the plan is to cut costs.","計畫的一個重點是降低成本。","",""
"860","124","subset","n.","子集","A subset of customers received the offer.","一部分顧客收到了這項優惠。","",""
"860","124","surgeon","n.","外科醫師","The surgeon explained the operation.","外科醫師說明了手術。","",""
"860","124","surgical","adj.","外科的","The firm makes surgical instruments.","公司製造外科器械。","",""
"860","124","susceptible","adj.","易受影響的","The system is susceptible to attack.","這個系統容易受到攻擊。","",""
"860","124","syllable","n.","音節","The word has three syllables.","這個字有三個音節。","",""
"860","124","symbolic","adj.","象徵性的","The fee is only symbolic.","這筆費用只是象徵性的。","",""
"860","124","syndrome","n.","症候群","The firm studies burnout syndrome.","公司研究職業倦怠症候群。","",""
"860","124","synthesis","n.","綜合","The report is a synthesis of recent research.","這份報告綜合了最近的研究。","",""
"860","124","temporal","adj.","時間的","There is a temporal gap between the two events.","這兩個事件之間有時間落差。","",""
"860","124","tense","adj.","緊張的","The mood in the meeting was tense.","會議上的氣氛很緊張。","",""
"860","124","terminology","n.","術語","The manual explains the technical terminology.","手冊說明了這些技術術語。","",""
"860","124","terribly","adv.","極度地","We are terribly sorry for the delay.","對於延誤我們萬分抱歉。","",""
"860","124","theorem","n.","定理","The class studies a famous theorem.","這堂課學習一條著名的定理。","",""
"860","124","thermal","adj.","熱的","The hotel has a thermal spring.","這家飯店有溫泉。","",""
"860","124","thesis","n.","論文；論點","She is writing a thesis on trade.","她正在寫一篇關於貿易的論文。","",""
"860","124","thickness","n.","厚度","Check the thickness of the glass.","請確認玻璃的厚度。","",""
"860","124","thread","n.","線；討論串","Please reply in the same thread.","請在同一個討論串中回覆。","",""
"860","124","toxic","adj.","有毒的","The firm bans toxic chemicals.","公司禁用有毒化學物質。","",""
"860","124","tract","n.","一片土地；道","The firm bought a large tract of land.","公司買下了一大片土地。","",""
"860","124","trajectory","n.","軌跡；走向","The firm is on a strong growth trajectory.","公司正處於強勁的成長軌跡上。","",""
"860","124","transcribe","v.","謄寫；轉錄","Please transcribe the interview.","請把訪談謄寫出來。","",""
"860","124","transplant","v.","移植","Doctors will transplant the organ tomorrow.","醫師明天將移植這個器官。","",""
"860","124","trauma","n.","創傷","The firm offers help for trauma.","公司為創傷提供協助。","",""
"860","124","triangle","n.","三角形","The sign is in the shape of a triangle.","這個標誌是三角形的。","",""
"860","124","trivial","adj.","瑣碎的","Do not waste time on trivial matters.","不要把時間浪費在瑣事上。","",""
"860","124","turbulent","adj.","動盪的","The market has been turbulent this year.","今年市場動盪不安。","",""
"860","124","undergraduate","n.","大學部學生","The firm offers internships to undergraduates.","公司提供大學生實習機會。","",""
"860","125","underneath","prep.","在…下面","The files are underneath the desk.","檔案在桌子下面。","",""
"860","125","unstable","adj.","不穩定的","The market is unstable at the moment.","目前市場不穩定。","",""
"860","125","uplift","n.","提升","The campaign gave sales a welcome uplift.","這項活動讓銷售得到可喜的提升。","",""
"860","125","utterance","n.","言論","Every utterance of the CEO is analyzed.","執行長的每句話都被分析。","",""
"860","125","valve","n.","閥門","A valve controls the flow of water.","閥門控制水流。","",""
"860","125","variant","n.","變體","The firm sells a cheaper variant of the product.","公司販售這項產品的較便宜版本。","",""
"860","125","vegetation","n.","植被","The park has rich vegetation.","公園植被豐富。","",""
"860","125","vein","n.","靜脈；紋路","The marble has a gray vein.","這塊大理石有灰色紋路。","",""
"860","125","velocity","n.","速度","The software measures the velocity of sales.","軟體衡量銷售速度。","",""
"860","125","vocabulary","n.","字彙","The test checks your English vocabulary.","這項測驗檢測你的英語字彙。","",""
"860","125","vowel","n.","母音","Each syllable has a vowel sound.","每個音節都有一個母音。","",""
"860","125","watershed","n.","分水嶺","The merger was a watershed for the industry.","這次合併是產業的分水嶺。","",""
"860","125","wavelength","n.","波長","We are on the same wavelength.","我們想法一致。","",""
"860","125","weave","v.","編織","The factory weaves cotton into cloth.","工廠把棉紗織成布。","",""
"860","125","whichever","pron.","無論哪一個","You may take whichever you prefer.","你可以拿任何你喜歡的。","",""
"450","126","achiever","n.","有成就的人","She is a high achiever in sales.","她是業務上的高成就者。","",""
"450","126","additive","n.","添加物","The food contains no artificial additive.","這項食品不含人工添加物。","",""
"450","126","admittance","n.","准許進入","No admittance without a badge.","沒有識別證不得進入。","",""
"450","126","agreeable","adj.","令人愉快的；同意的","The price was agreeable to both sides.","這個價格雙方都能接受。","",""
"450","126","annoyance","n.","煩惱","Long waits are a source of annoyance.","久候是令人煩躁的來源。","",""
"450","126","annoying","adj.","令人討厭的","The noise from the street is annoying.","街上的噪音很討厭。","",""
"450","126","antisocial","adj.","不合群的","Working late every night can feel antisocial.","每晚加班會讓人覺得不合群。","",""
"450","126","argumentative","adj.","愛爭辯的","He can be argumentative in meetings.","他在會議上可能很愛爭辯。","",""
"450","126","avoidance","n.","避免","Tax avoidance is not the same as evasion.","避稅與逃稅不同。","",""
"450","126","beautifully","adv.","漂亮地","The lobby was beautifully decorated.","大廳布置得很漂亮。","",""
"450","126","beautify","v.","美化","The city plans to beautify the park.","市政府打算美化這座公園。","",""
"450","126","beginning","n.","開始","At the beginning of the year, sales were low.","年初的時候銷售很低。","",""
"450","126","believable","adj.","可信的","The story is not believable.","這個說法不可信。","",""
"450","126","breakable","adj.","易碎的","Mark the box as breakable.","請把箱子標示為易碎品。","",""
"450","126","brighten","v.","使明亮","New lights will brighten the hall.","新的燈具會讓大廳更明亮。","",""
"450","126","brightly","adv.","明亮地","The sign shines brightly at night.","招牌在夜裡閃閃發亮。","",""
"450","126","brightness","n.","亮度","Adjust the brightness of the screen.","請調整螢幕亮度。","",""
"450","126","building","n.","建築物","The firm's office is in the tall building.","公司辦公室在那棟高樓裡。","",""
"450","126","carelessly","adv.","粗心地","The files were carelessly stored.","檔案被隨便存放。","",""
"450","126","changeable","adj.","易變的","The weather here is changeable.","這裡的天氣很多變。","",""
"450","126","claimant","n.","索賠人","The claimant must provide proof.","索賠人必須提供證明。","",""
"450","126","complainant","n.","投訴人","The complainant filed a report.","投訴人提出了報告。","",""
"450","126","conclusive","adj.","決定性的","There is no conclusive evidence.","沒有決定性的證據。","",""
"450","126","controllable","adj.","可控制的","The cost is controllable.","這項成本是可以控制的。","",""
"450","126","convinced","adj.","確信的","We are convinced the plan will work.","我們確信這項計畫會成功。","",""
"450","126","convincing","adj.","有說服力的","She gave a convincing presentation.","她做了一場有說服力的簡報。","",""
"450","126","countless","adj.","無數的","Countless customers have praised the service.","無數顧客稱讚這項服務。","",""
"450","126","creator","n.","創作者","The creator of the app spoke at the event.","應用程式的創作者在活動上發言。","",""
"450","126","criminally","adv.","犯罪地","The firm was criminally negligent.","公司犯有刑事上的疏失。","",""
"450","126","crossing","n.","穿越處","Use the crossing to cross the road.","請走穿越道過馬路。","",""
"450","126","darken","v.","變暗","The sky began to darken.","天空開始變暗。","",""
"450","126","deadly","adj.","致命的","The firm warns of a deadly hazard.","公司警告有致命的危險。","",""
"450","126","deepen","v.","加深","The crisis may deepen next year.","這場危機明年可能加深。","",""
"450","126","disapproval","n.","不贊成","The board voiced its disapproval.","董事會表達了不贊成。","",""
"450","126","disapprove","v.","不贊成","Many staff disapprove of the plan.","許多員工不贊成這項計畫。","",""
"450","126","disbelief","n.","不相信","Staff reacted with disbelief.","員工以難以置信的態度回應。","",""
"450","126","disprove","v.","反駁","The data disprove the claim.","數據反駁了這項說法。","",""
"450","126","disrespect","n.","不尊重","Late arrival shows disrespect.","遲到顯示不尊重。","",""
"450","126","dissatisfied","adj.","不滿意的","Dissatisfied customers may ask for a refund.","不滿意的顧客可以要求退款。","",""
"450","126","dissimilar","adj.","不相似的","The two products are dissimilar.","這兩項產品不一樣。","",""
"450","126","distrust","n.","不信任","There is distrust between the two firms.","兩家公司之間缺乏信任。","",""
"450","126","doorway","n.","門口","Please do not block the doorway.","請勿擋住門口。","",""
"450","126","doubtless","adv.","無疑地","Doubtless, the board will approve it.","董事會無疑會批准。","",""
"450","126","dressing","n.","醬汁；穿著","The salad comes with a light dressing.","沙拉附有清爽的醬汁。","",""
"450","126","driving","n.","駕駛","Driving to the airport takes an hour.","開車到機場要一個小時。","",""
"450","126","dryer","n.","烘乾機","The laundry room has a dryer.","洗衣間有烘乾機。","",""
"450","126","effortless","adj.","不費力的","The app makes booking effortless.","這個應用程式讓訂位毫不費力。","",""
"450","126","effortlessly","adv.","輕鬆地","She handled the task effortlessly.","她輕鬆地處理了這項任務。","",""
"450","126","enjoyment","n.","享受","The park adds to the enjoyment of guests.","這座公園為賓客增添樂趣。","",""
"450","126","excited","adj.","興奮的","We are excited about the launch.","我們對產品上市感到興奮。","",""
"450","127","excitedly","adv.","興奮地","The team excitedly shared the news.","團隊興奮地分享了這個消息。","",""
"450","127","exciting","adj.","令人興奮的","It is an exciting time for the firm.","對公司來說這是令人興奮的時刻。","",""
"450","127","existing","adj.","現有的","Existing customers receive a discount.","現有顧客享有折扣。","",""
"450","127","expandable","adj.","可擴充的","The system is easily expandable.","這個系統很容易擴充。","",""
"450","127","experienced","adj.","有經驗的","We are looking for an experienced manager.","我們正在找有經驗的經理。","",""
"450","127","expressive","adj.","有表現力的","She has an expressive way of speaking.","她說話很有表現力。","",""
"450","127","extended","adj.","延長的","The store has extended hours this week.","這家店本週延長營業時間。","",""
"450","127","favorably","adv.","有利地","Customers responded favorably to the change.","顧客對改變反應良好。","",""
"450","127","fearful","adj.","害怕的","Staff are fearful of layoffs.","員工害怕被裁員。","",""
"450","127","fearless","adj.","無畏的","She is a fearless negotiator.","她是個無所畏懼的談判者。","",""
"450","127","fitting","adj.","適當的","It was a fitting end to the event.","這是活動適當的結尾。","",""
"450","127","following","adj.","以下的","Please read the following notice.","請閱讀以下公告。","",""
"450","127","forceful","adj.","有力的","He gave a forceful speech.","他發表了有力的演說。","",""
"450","127","forgetful","adj.","健忘的","I am forgetful, so I write everything down.","我很健忘，所以什麼都寫下來。","",""
"450","127","forgettable","adj.","容易被遺忘的","The ad was dull and forgettable.","這則廣告乏味又容易被忘記。","",""
"450","127","fruitful","adj.","有成果的","It was a fruitful meeting.","這是一場有成果的會議。","",""
"450","127","happily","adv.","愉快地","We will happily answer any questions.","我們很樂意回答任何問題。","",""
"450","127","heighten","v.","提高；加強","The incident will heighten awareness of safety.","這起事件將提高大家對安全的意識。","",""
"450","127","helpfully","adv.","樂於助人地","The clerk helpfully showed us the way.","店員熱心地為我們指路。","",""
"450","127","helpless","adj.","無助的","Customers felt helpless during the outage.","停電期間顧客感到無助。","",""
"450","127","hopeful","adj.","懷有希望的","We are hopeful about next year.","我們對明年抱持希望。","",""
"450","127","hopeless","adj.","絕望的","The situation seemed hopeless.","情況看來絕望。","",""
"450","127","hostess","n.","女主人；空服員","The hostess greeted each guest.","女主人招呼了每位賓客。","",""
"450","127","housing","n.","住宅；住房","The firm provides housing for staff.","公司為員工提供住宿。","",""
"450","127","humanity","n.","人類；人性","The firm works for the good of humanity.","公司為人類福祉而努力。","",""
"450","127","hurried","adj.","匆忙的","He gave a hurried reply.","他匆忙地回覆。","",""
"450","127","imaginary","adj.","想像的","The deadline is not imaginary.","這個期限不是虛構的。","",""
"450","127","imaginative","adj.","富有想像力的","The firm has an imaginative design team.","公司有一支富有想像力的設計團隊。","",""
"450","127","impatiently","adv.","不耐煩地","Customers waited impatiently.","顧客不耐煩地等著。","",""
"450","127","imperfect","adj.","不完美的","The data is imperfect but useful.","這些數據不完美但有用。","",""
"450","127","impersonal","adj.","冷冰冰的；非個人的","The message was impersonal.","這則訊息很冷漠。","",""
"450","127","impolite","adj.","不禮貌的","It is impolite to interrupt.","打斷別人是不禮貌的。","",""
"450","127","impractical","adj.","不切實際的","The plan is impractical.","這項計畫不切實際。","",""
"450","127","improved","adj.","改良的","The improved model sells well.","改良款賣得很好。","",""
"450","127","inactive","adj.","不活躍的","Your account has been inactive for a year.","你的帳號已經一年沒有使用了。","",""
"450","127","inconclusive","adj.","沒有定論的","The test results were inconclusive.","測試結果沒有定論。","",""
"450","127","indecisive","adj.","優柔寡斷的","An indecisive manager slows the team.","優柔寡斷的主管會拖慢團隊。","",""
"450","127","indescribable","adj.","難以形容的","The view was indescribable.","景色難以形容。","",""
"450","127","informant","n.","消息來源","An informant revealed the plan.","一位消息人士透露了這項計畫。","",""
"450","127","informed","adj.","消息靈通的；知情的","Please keep me informed.","請隨時讓我知情。","",""
"450","127","innumerable","adj.","不計其數的","There are innumerable options.","有不計其數的選擇。","",""
"450","127","insensitive","adj.","不敏感的","The remark was insensitive.","這句話不夠體貼。","",""
"450","127","insignificant","adj.","微不足道的","The difference is insignificant.","這個差異微不足道。","",""
"450","127","judicious","adj.","明智的","It was a judicious use of funds.","這是對資金的明智運用。","",""
"450","127","keeper","n.","保管人","The keeper of the records is out today.","檔案保管人今天不在。","",""
"450","127","kindly","adv.","親切地；請","Kindly sign the form below.","請在下方簽名。","",""
"450","127","kindness","n.","善意","We thank you for your kindness.","感謝你的好意。","",""
"450","127","known","adj.","已知的；有名的","The firm is known for its quality.","公司以品質聞名。","",""
"450","127","laborer","n.","勞工","Laborers start work at six.","勞工六點開始工作。","",""
"450","128","laborious","adj.","費力的","The audit was a laborious process.","這次審計是個費力的過程。","",""
"450","128","latest","adj.","最新的","The latest model is on display.","最新款正在展示中。","",""
"450","128","learner","n.","學習者","The course suits adult learners.","這門課適合成人學習者。","",""
"450","128","learning","n.","學習","Online learning is growing fast.","線上學習正快速成長。","",""
"450","128","lifeless","adj.","毫無生氣的","The lobby felt cold and lifeless.","大廳感覺冷冰冰又沒生氣。","",""
"450","128","lifelong","adj.","終身的","She has a lifelong love of music.","她終身熱愛音樂。","",""
"450","128","lighten","v.","減輕","A new tool will lighten the workload.","新工具會減輕工作量。","",""
"450","128","lighting","n.","照明","The lighting in the hall is bright.","大廳的照明很明亮。","",""
"450","128","lively","adj.","活潑的","The cafe has a lively atmosphere.","這間咖啡廳氣氛活潑。","",""
"450","128","marketing","n.","行銷","She heads the marketing team.","她主管行銷團隊。","",""
"450","128","married","adj.","已婚的","Please state if you are married or single.","請填寫你已婚或未婚。","",""
"450","128","memorable","adj.","難忘的","It was a memorable event.","這是一場難忘的活動。","",""
"450","128","misjudge","v.","誤判","We misjudged the demand.","我們誤判了需求。","",""
"450","128","misrepresent","v.","歪曲","The ad may misrepresent the product.","這則廣告可能歪曲了產品。","",""
"450","128","mistaken","adj.","錯誤的","You are mistaken about the date.","你搞錯日期了。","",""
"450","128","mistreat","v.","虐待；不當對待","The firm will not tolerate staff who mistreat guests.","公司不容許員工不當對待賓客。","",""
"450","128","misunderstanding","n.","誤會","There was a misunderstanding about the date.","關於日期有個誤會。","",""
"450","128","misuse","n.","濫用","Misuse of company funds is a crime.","濫用公司資金是犯罪。","",""
"450","128","mixed","adj.","混合的","The reaction to the news was mixed.","大家對這個消息的反應不一。","",""
"450","128","modernization","n.","現代化","The modernization of the plant will cost millions.","工廠的現代化將花費數百萬。","",""
"450","128","modernize","v.","使現代化","The firm plans to modernize its stores.","公司打算讓門市現代化。","",""
"450","128","movable","adj.","可移動的","The walls are movable.","這些隔板是可移動的。","",""
"450","128","moving","adj.","感人的；移動的","It was a moving speech.","這是一場感人的演說。","",""
"450","128","nationally","adv.","在全國","The firm sells its goods nationally.","公司在全國販售商品。","",""
"450","128","nonexistent","adj.","不存在的","Such a rule is nonexistent.","並沒有這樣的規定。","",""
"450","128","noticeable","adj.","明顯的","There was a noticeable change in sales.","銷售出現明顯的變化。","",""
"450","128","notification","n.","通知","You will receive a notification by email.","你會收到電子郵件通知。","",""
"450","128","nursery","n.","托兒所；苗圃","The firm runs a nursery for staff children.","公司為員工子女辦了托兒所。","",""
"450","128","nutritional","adj.","營養的","The label lists the nutritional value.","標籤上列出營養價值。","",""
"450","128","nutritious","adj.","有營養的","The cafeteria serves nutritious meals.","員工餐廳供應有營養的餐點。","",""
"450","128","objectionable","adj.","令人反感的","The content was objectionable.","這個內容令人反感。","",""
"450","128","objectively","adv.","客觀地","Please judge the case objectively.","請客觀地評判這個案子。","",""
"450","128","offering","n.","提供的東西","The restaurant has a new dessert offering.","這家餐廳有新的甜點。","",""
"450","128","opinionated","adj.","固執己見的","He is opinionated in meetings.","他在會議上固執己見。","",""
"450","128","opposed","adj.","反對的","Many staff are opposed to the change.","許多員工反對這項改變。","",""
"450","128","overcrowded","adj.","過度擁擠的","The trains are overcrowded at rush hour.","尖峰時間火車過度擁擠。","",""
"450","128","overestimate","v.","高估","Do not overestimate the demand.","不要高估需求。","",""
"450","128","oversimplify","v.","過度簡化","Do not oversimplify the problem.","不要把問題過度簡化。","",""
"450","128","overvalue","v.","高估價值","Investors tend to overvalue the firm.","投資人往往高估公司價值。","",""
"450","128","overwork","v.","過勞","Staff should not overwork themselves.","員工不該讓自己過勞。","",""
"450","128","painless","adj.","無痛的","The process is quick and painless.","這個流程快速又輕鬆。","",""
"450","128","patiently","adv.","耐心地","Please wait patiently.","請耐心等候。","",""
"450","128","payer","n.","付款人","The payer must sign the form.","付款人必須在表格上簽名。","",""
"450","128","peacefully","adv.","平靜地","The meeting ended peacefully.","會議平和地結束。","",""
"450","128","perfection","n.","完美","The chef aims for perfection.","主廚追求完美。","",""
"450","128","persuasion","n.","說服","It took some persuasion to change his mind.","花了一番說服才讓他改變主意。","",""
"450","128","persuasive","adj.","有說服力的","She made a persuasive argument.","她提出了有說服力的論點。","",""
"450","128","photographic","adj.","攝影的","The firm sells photographic equipment.","公司販售攝影器材。","",""
"450","128","planning","n.","規劃","Good planning saves time.","良好的規劃可以節省時間。","",""
"450","128","playful","adj.","愛玩的；俏皮的","The ad has a playful tone.","這則廣告語氣俏皮。","",""
"450","129","politely","adv.","有禮貌地","The staff answered politely.","員工有禮貌地回答。","",""
"450","129","politeness","n.","禮貌","Politeness is important in service.","禮貌在服務業很重要。","",""
"450","129","powerless","adj.","無力的","Staff felt powerless to change the rule.","員工覺得無力改變這項規定。","",""
"450","129","preferable","adj.","更好的","A direct flight is preferable.","直飛班機比較好。","",""
"450","129","preferred","adj.","偏好的","Please state your preferred date.","請說明你偏好的日期。","",""
"450","129","prepared","adj.","準備好的","We are prepared for the inspection.","我們已為檢查做好準備。","",""
"450","129","presently","adv.","目前","The manager is presently in a meeting.","經理目前正在開會。","",""
"450","129","promoter","n.","主辦人；推廣者","The promoter of the concert thanked the fans.","音樂會的主辦人感謝了歌迷。","",""
"450","129","protector","n.","保護者","The cover is a protector for the screen.","這個保護套能保護螢幕。","",""
"450","129","proven","adj.","經證實的","It is a proven method.","這是個經過證實的方法。","",""
"450","129","provided","conj.","只要；假如","You may leave early, provided you finish the work.","只要你完成工作就可以提早走。","",""
"450","129","publishing","n.","出版業","She works in publishing.","她在出版業工作。","",""
"450","129","purposeful","adj.","有目的的","The meeting was short and purposeful.","這場會議簡短而有目標。","",""
"450","129","purposely","adv.","故意地","The error was not purposely made.","這個錯誤不是故意造成的。","",""
"450","129","quicken","v.","加快","The firm hopes to quicken the pace of delivery.","公司希望加快送貨的步調。","",""
"450","129","rating","n.","評等","The hotel has a high rating.","這家飯店評價很高。","",""
"450","129","reachable","adj.","可聯絡到的","I am reachable by phone all day.","我整天都能打電話聯絡到。","",""
"450","129","reactive","adj.","反應式的","A reactive approach is not enough.","被動反應的做法是不夠的。","",""
"450","129","readable","adj.","易讀的","The report is clear and readable.","這份報告清楚易讀。","",""
"450","129","readiness","n.","準備就緒","Staff checked the readiness of the hall.","員工檢查了會場是否準備就緒。","",""
"450","129","reading","n.","閱讀；讀數","The reading on the meter is high.","儀表上的讀數很高。","",""
"450","129","recommended","adj.","推薦的","It is a recommended hotel.","這是一家受推薦的飯店。","",""
"450","129","recreate","v.","重現","We cannot recreate the problem.","我們無法重現這個問題。","",""
"450","129","rediscover","v.","重新發現","Many customers rediscover the brand.","許多顧客重新發現了這個品牌。","",""
"450","129","reenter","v.","重新進入","Please reenter your password.","請重新輸入你的密碼。","",""
"450","129","reestablish","v.","重新建立","The firm hopes to reestablish contact with clients.","公司希望重新與客戶取得聯繫。","",""
"450","129","reflective","adj.","反光的；反思的","Workers wear reflective vests.","工人穿著反光背心。","",""
"450","129","regarding","prep.","關於","I am writing regarding your order.","我寫信是關於你的訂單。","",""
"450","129","related","adj.","相關的","Please send all related documents.","請寄出所有相關文件。","",""
"450","129","remembrance","n.","紀念","The event is held in remembrance of the founder.","這場活動是為紀念創辦人而舉行。","",""
"450","129","renegotiate","v.","重新協商","The firm will renegotiate the contract.","公司將重新協商合約。","",""
"450","129","repack","v.","重新包裝","Please repack the goods before shipping.","出貨前請重新包裝商品。","",""
"450","129","required","adj.","必要的","A deposit is required.","需要付訂金。","",""
"450","129","respectable","adj.","體面的","The firm is a respectable name in the industry.","這家公司在業界有體面的名聲。","",""
"450","129","respectful","adj.","尊敬的","Staff are polite and respectful.","員工有禮貌又尊重人。","",""
"450","129","restless","adj.","不安的","Passengers grew restless during the delay.","延誤期間乘客變得焦躁不安。","",""
"450","129","retiree","n.","退休人員","Retirees receive a discount.","退休人員享有折扣。","",""
"450","129","retrain","v.","再訓練","The firm will retrain staff on the new system.","公司將讓員工重新接受新系統的訓練。","",""
"450","129","returnable","adj.","可退還的","The bottle is returnable.","這個瓶子可以退還。","",""
"450","129","reusable","adj.","可重複使用的","Please use a reusable bag.","請使用可重複使用的袋子。","",""
"450","129","reuse","v.","重複使用","You can reuse the box.","你可以重複使用這個箱子。","",""
"450","129","revelation","n.","揭露；啟示","The report contained a surprising revelation.","報告中有令人驚訝的揭露。","",""
"450","129","revised","adj.","修訂的","Please use the revised form.","請使用修訂版表格。","",""
"450","129","rework","v.","重做；修改","We need to rework the budget.","我們需要重新修改預算。","",""
"450","129","riches","n.","財富","The region is known for its natural riches.","這個地區以天然資源豐富聞名。","",""
"450","129","richly","adv.","豐富地","The hotel is richly decorated.","飯店裝潢華麗。","",""
"450","129","satisfied","adj.","滿意的","We are satisfied with the results.","我們對結果感到滿意。","",""
"450","129","scientifically","adv.","科學地","The claim has been scientifically proven.","這項說法已獲科學證實。","",""
"450","129","seasoned","adj.","經驗老到的","She is a seasoned manager.","她是位經驗老到的經理。","",""
"450","129","selected","adj.","被選中的","Selected items are half price.","部分選定商品半價。","",""
"450","130","selling","n.","銷售","Selling online has become popular.","網路銷售變得很普遍。","",""
"450","130","sensibly","adv.","明智地","The firm spent its budget sensibly.","公司明智地運用預算。","",""
"450","130","seriousness","n.","嚴重性","We understand the seriousness of the matter.","我們了解這件事的嚴重性。","",""
"450","130","serving","n.","一份（食物）","Each serving contains little sugar.","每一份含糖量很低。","",""
"450","130","sharing","n.","分享","File sharing is easy with this app.","用這個應用程式分享檔案很容易。","",""
"450","130","shopkeeper","n.","店主","The shopkeeper greeted every customer.","店主向每位顧客問好。","",""
"450","130","simplified","adj.","簡化的","Please use the simplified form.","請使用簡化版表格。","",""
"450","130","skilled","adj.","熟練的","The firm hires skilled workers.","公司僱用熟練的工人。","",""
"450","130","skillful","adj.","技巧高超的","She is a skillful negotiator.","她是技巧高超的談判者。","",""
"450","130","slowness","n.","緩慢","The slowness of the network upset staff.","網路的緩慢讓員工不滿。","",""
"450","130","sociable","adj.","善於交際的","She is a sociable and friendly manager.","她是善於交際又友善的經理。","",""
"450","130","speedy","adj.","迅速的","We wish you a speedy recovery.","祝你早日康復。","",""
"450","130","spending","n.","支出","Government spending rose this year.","今年政府支出增加了。","",""
"450","130","stationary","adj.","靜止的","Please remain seated until the train is stationary.","請在火車完全停止前保持坐著。","",""
"450","130","stressed","adj.","有壓力的","Staff felt stressed before the deadline.","截止日前員工感到壓力很大。","",""
"450","130","stressful","adj.","壓力大的","It was a stressful week.","這是壓力很大的一週。","",""
"450","130","striking","adj.","顯著的；醒目的","There was a striking difference in sales.","銷售出現顯著的差異。","",""
"450","130","strikingly","adv.","顯著地","The two models are strikingly similar.","這兩款機型驚人地相似。","",""
"450","130","stylish","adj.","時髦的","The hotel has a stylish lobby.","飯店有時髦的大廳。","",""
"450","130","subjectively","adv.","主觀地","Taste is judged subjectively.","品味是主觀評斷的。","",""
"450","130","suffering","n.","痛苦","The charity aims to reduce suffering.","這個慈善機構的目標是減輕痛苦。","",""
"450","130","suitability","n.","適合性","We checked the suitability of the venue.","我們確認了場地是否合適。","",""
"450","130","supportive","adj.","支持的","Her manager was supportive.","她的主管很支持她。","",""
"450","130","supposed","adj.","應該的；據稱的","The meeting is supposed to start at nine.","會議應該九點開始。","",""
"450","130","surprised","adj.","驚訝的","We were surprised by the results.","我們對結果感到驚訝。","",""
"450","130","systematically","adv.","有系統地","The files are stored systematically.","檔案被有系統地存放。","",""
"450","130","systemic","adj.","系統性的","The firm faces a systemic problem.","公司面臨系統性的問題。","",""
"450","130","talkative","adj.","健談的","The talkative guide kept everyone amused.","健談的導遊讓大家都很開心。","",""
"450","130","teaching","n.","教學","Teaching is her passion.","教學是她的熱情所在。","",""
"450","130","thankful","adj.","感謝的","We are thankful for your help.","我們感謝你的幫忙。","",""
"450","130","thankfully","adv.","幸好","Thankfully, no one was hurt.","幸好沒有人受傷。","",""
"450","130","thanks","n.","感謝","Thanks for your quick reply.","謝謝你的快速回覆。","",""
"450","130","theoretically","adv.","理論上","Theoretically, the plan should work.","理論上，這個計畫應該行得通。","",""
"450","130","trading","n.","交易","Trading was heavy this morning.","今天早上交易很熱絡。","",""
"450","130","traveling","adj.","旅行中的","Traveling staff receive a daily allowance.","出差員工可領每日津貼。","",""
"450","130","trusted","adj.","受信任的","It is a trusted brand.","這是個值得信賴的品牌。","",""
"450","130","trustworthy","adj.","值得信賴的","We need a trustworthy supplier.","我們需要值得信賴的供應商。","",""
"450","130","truthful","adj.","誠實的","Please give a truthful answer.","請給出誠實的答案。","",""
"450","130","typist","n.","打字員","The firm hired a typist.","公司僱用了一位打字員。","",""
"450","130","unacceptable","adj.","不可接受的","Such delays are unacceptable.","這樣的延誤是不可接受的。","",""
"450","130","unavoidable","adj.","無法避免的","Some delay is unavoidable.","有些延誤是無法避免的。","",""
"450","130","unbelievable","adj.","難以置信的","The price is unbelievable.","這個價格令人難以置信。","",""
"450","130","unbreakable","adj.","不易碎的","The cup is made of unbreakable glass.","這個杯子是強化玻璃製成的。","",""
"450","130","uncontrollable","adj.","無法控制的","Costs became uncontrollable.","成本變得無法控制。","",""
"450","130","underpay","v.","少付","The firm was accused of trying to underpay staff.","公司被指控想少付員工薪水。","",""
"450","130","understandable","adj.","可以理解的","Your concern is understandable.","你的擔憂是可以理解的。","",""
"450","130","understanding","n.","理解","Thank you for your understanding.","感謝你的理解。","",""
"450","130","understate","v.","少報；輕描淡寫","The report may understate the risk.","報告可能低估了風險。","",""
"450","130","uneasy","adj.","不安的","Staff felt uneasy about the changes.","員工對這些改變感到不安。","",""
"450","130","uneven","adj.","不平均的","Sales were uneven across regions.","各地區的銷售不均。","",""
"450","131","uneventful","adj.","平淡無事的","The trip was uneventful.","這趟旅程平安無事。","",""
"450","131","unexplained","adj.","無法解釋的","The delay remains unexplained.","延誤原因仍無法解釋。","",""
"450","131","unforgettable","adj.","難忘的","It was an unforgettable trip.","這是一趟難忘的旅程。","",""
"450","131","unfriendly","adj.","不友善的","The staff were unfriendly.","員工不太友善。","",""
"450","131","unhealthy","adj.","不健康的","Avoid unhealthy snacks.","避免吃不健康的零食。","",""
"450","131","unimportant","adj.","不重要的","The details are unimportant.","這些細節不重要。","",""
"450","131","uninformed","adj.","不知情的","Staff were uninformed about the change.","員工對這項改變並不知情。","",""
"450","131","uninvited","adj.","未受邀的","Uninvited guests will not be admitted.","未受邀的賓客不得入場。","",""
"450","131","unkind","adj.","不親切的","The comment was unkind.","這個評論不太親切。","",""
"450","131","unnatural","adj.","不自然的","The room has an unnatural silence.","房間裡有種不自然的安靜。","",""
"450","131","unnoticed","adj.","未被注意的","The error went unnoticed.","這個錯誤沒被注意到。","",""
"450","131","unpack","v.","拆箱；打開行李","Please unpack the boxes by noon.","請在中午前拆開這些箱子。","",""
"450","131","unplanned","adj.","計畫外的","An unplanned shutdown cost the firm money.","一次計畫外的停工讓公司損失慘重。","",""
"450","131","unprepared","adj.","沒準備好的","We were unprepared for the crowd.","我們對人潮毫無準備。","",""
"450","131","unproductive","adj.","沒有成效的","It was an unproductive meeting.","這是場沒有成效的會議。","",""
"450","131","unprotected","adj.","沒有保護的","Do not leave data unprotected.","不要讓資料沒有保護。","",""
"450","131","unrealistic","adj.","不切實際的","The deadline is unrealistic.","這個期限不切實際。","",""
"450","131","unsafe","adj.","不安全的","The road is unsafe at night.","這條路夜裡不安全。","",""
"450","131","unsatisfactory","adj.","不令人滿意的","The service was unsatisfactory.","服務令人不滿意。","",""
"450","131","unskilled","adj.","不熟練的","The firm hires unskilled workers for packing.","公司僱用非技術工人負責包裝。","",""
"450","131","unsuccessful","adj.","不成功的","The attempt was unsuccessful.","這次嘗試沒有成功。","",""
"450","131","unsuitable","adj.","不合適的","The room is unsuitable for meetings.","這個房間不適合開會。","",""
"450","131","unsupported","adj.","未獲支持的","The claim is unsupported by data.","這項說法沒有數據支持。","",""
"450","131","unsurprising","adj.","不意外的","The result was unsurprising.","結果並不令人意外。","",""
"450","131","untreated","adj.","未處理的","Untreated water must not be used.","未經處理的水不能使用。","",""
"450","131","untrue","adj.","不實的","The report is untrue.","這份報告不實。","",""
"450","131","unworkable","adj.","行不通的","The plan proved unworkable.","這項計畫證明行不通。","",""
"450","131","used","adj.","二手的；習慣的","The firm sells used cars.","公司販售二手車。","",""
"450","131","useless","adj.","沒用的","The old manual is useless.","舊手冊沒有用。","",""
"450","131","voluntarily","adv.","自願地","Staff joined the event voluntarily.","員工自願參加這場活動。","",""
"450","131","warmly","adv.","熱情地","The guests were warmly welcomed.","賓客受到熱烈歡迎。","",""
"450","131","warmth","n.","溫暖","The hotel is known for its warmth.","這家飯店以溫暖聞名。","",""
"450","131","warning","n.","警告","Please heed the warning sign.","請留意警告標誌。","",""
"450","131","welcoming","adj.","歡迎的","The staff are friendly and welcoming.","員工友善又熱情。","",""
"450","131","width","n.","寬度","Please check the width of the door.","請確認門的寬度。","",""
"450","131","worried","adj.","擔心的","We are worried about the delay.","我們擔心延誤。","",""
"450","131","worrying","adj.","令人擔憂的","The trend is worrying.","這個趨勢令人擔憂。","",""
"450","131","worthless","adj.","沒有價值的","The old stock is now worthless.","舊股票現在一文不值。","",""
"450","131","writing","n.","寫作；書寫","Business writing is a key skill.","商務寫作是關鍵技能。","",""
"450","131","written","adj.","書面的","Please give written notice.","請提出書面通知。","",""
"450","131","wrongly","adv.","錯誤地","The package was wrongly delivered.","包裹被送錯了。","",""
"450","131","youngster","n.","年輕人","The firm hires many youngsters.","公司僱用許多年輕人。","",""
"600","132","abandonment","n.","放棄；遺棄","The abandonment of the plan surprised staff.","放棄這項計畫讓員工意外。","",""
"600","132","abusive","adj.","辱罵的；濫用的","Abusive language is not tolerated.","不容許辱罵的言語。","",""
"600","132","academically","adv.","學術上","She is academically gifted.","她在學業上很有天分。","",""
"600","132","academy","n.","學院；學會","The firm runs a training academy.","公司開辦了一所培訓學院。","",""
"600","132","accidental","adj.","意外的","The damage was accidental.","這項損壞是意外造成的。","",""
"600","132","accidentally","adv.","意外地","I accidentally deleted the file.","我不小心刪掉了檔案。","",""
"600","132","accuser","n.","指控者","The accuser gave a statement.","指控者提出了陳述。","",""
"600","132","adaptable","adj.","適應力強的","We need adaptable staff.","我們需要適應力強的員工。","",""
"600","132","adequacy","n.","充足性","The audit checks the adequacy of controls.","審計檢查管控是否充足。","",""
"600","132","admirable","adj.","令人欽佩的","Her patience is admirable.","她的耐心令人欽佩。","",""
"600","132","admiration","n.","欽佩","We have great admiration for her work.","我們非常欽佩她的工作。","",""
"600","132","advanced","adj.","進階的；先進的","The firm uses advanced technology.","公司使用先進科技。","",""
"600","132","affection","n.","喜愛","Customers have a deep affection for the brand.","顧客對這個品牌有深厚的感情。","",""
"600","132","alarming","adj.","令人擔憂的","The rise in costs is alarming.","成本的上升令人擔憂。","",""
"600","132","anticipation","n.","預期","In anticipation of demand, we hired more staff.","為了因應預期的需求，我們多僱了人。","",""
"600","132","apologetic","adj.","道歉的","The manager was apologetic about the delay.","經理對延誤表示歉意。","",""
"600","132","appealing","adj.","有吸引力的","The offer is very appealing.","這項優惠非常吸引人。","",""
"600","132","appreciative","adj.","感激的","The client was appreciative of our help.","客戶很感激我們的協助。","",""
"600","132","approachable","adj.","平易近人的","Her manager is approachable.","她的主管平易近人。","",""
"600","132","authorized","adj.","經授權的","Only authorized staff may enter.","只有經授權的員工可進入。","",""
"600","132","automated","adj.","自動化的","The firm uses an automated system.","公司使用自動化系統。","",""
"600","132","boredom","n.","無聊","Boredom can cause errors at work.","無聊可能造成工作失誤。","",""
"600","132","boring","adj.","無聊的","The talk was long and boring.","這場演講又長又無聊。","",""
"600","132","cautiously","adv.","謹慎地","Investors are cautiously optimistic.","投資人保持謹慎的樂觀。","",""
"600","132","chemically","adv.","化學上","The water is chemically treated.","這些水經過化學處理。","",""
"600","132","circumstantial","adj.","間接的","The evidence was only circumstantial.","證據只是間接的。","",""
"600","132","clarification","n.","澄清","We need clarification on the rule.","我們需要這項規定的澄清。","",""
"600","132","clerical","adj.","文書的","She does clerical work.","她從事文書工作。","",""
"600","132","coincidental","adj.","巧合的","The timing was purely coincidental.","時間點純屬巧合。","",""
"600","132","collaborator","n.","合作者","She is a trusted collaborator.","她是值得信賴的合作夥伴。","",""
"600","132","combined","adj.","合併的","The combined sales reached a record.","合併銷售額創下紀錄。","",""
"600","132","commercialize","v.","商業化","The firm hopes to commercialize the invention.","公司希望把這項發明商業化。","",""
"600","132","commercially","adv.","商業上","The product was commercially successful.","這項產品在商業上很成功。","",""
"600","132","committed","adj.","投入的","We are committed to quality.","我們致力於品質。","",""
"600","132","comparatively","adv.","相對地","Prices are comparatively low here.","這裡的價格相對較低。","",""
"600","132","concerned","adj.","擔心的；有關的","We are concerned about the delay.","我們擔心延誤。","",""
"600","132","concerning","prep.","關於","I am writing concerning your order.","我寫信是關於你的訂單。","",""
"600","132","conditioning","n.","調節；訓練","The room has air conditioning.","房間有空調。","",""
"600","132","confidently","adv.","有自信地","She spoke confidently to the board.","她自信地對董事會發言。","",""
"600","132","conformity","n.","符合","The product is in conformity with the rules.","這項產品符合規定。","",""
"600","132","confused","adj.","困惑的","Customers were confused by the new layout.","顧客對新的配置感到困惑。","",""
"600","132","confusing","adj.","令人困惑的","The instructions are confusing.","這些說明令人困惑。","",""
"600","132","connectivity","n.","連線能力","The hotel offers fast connectivity.","飯店提供快速的網路連線。","",""
"600","132","consumable","n.","消耗品","Printer ink is a consumable.","印表機墨水是消耗品。","",""
"600","132","containment","n.","控制；遏制","The firm focused on cost containment.","公司專注於成本控制。","",""
"600","132","contented","adj.","滿足的","The guests seemed contented.","賓客看起來很滿足。","",""
"600","132","continuation","n.","延續","This is a continuation of last year's plan.","這是去年計畫的延續。","",""
"600","132","culturally","adv.","文化上","The firm is culturally diverse.","公司在文化上很多元。","",""
"600","132","customary","adj.","慣例的","It is customary to tip the driver.","給司機小費是慣例。","",""
"600","132","decorative","adj.","裝飾的","The lobby has decorative lighting.","大廳有裝飾性照明。","",""
"600","133","defender","n.","防衛者；辯護人","The defender of the brand spoke at the forum.","品牌的捍衛者在論壇上發言。","",""
"600","133","delightful","adj.","令人愉快的","The hotel has a delightful garden.","飯店有座宜人的花園。","",""
"600","133","demanding","adj.","要求高的","It is a demanding job.","這是份要求很高的工作。","",""
"600","133","denial","n.","否認","The firm issued a denial.","公司發表了否認聲明。","",""
"600","133","destructive","adj.","破壞性的","The storm was highly destructive.","這場風暴破壞力很強。","",""
"600","133","detective","n.","偵探","A private detective was hired.","公司聘請了一位私家偵探。","",""
"600","133","detector","n.","偵測器","A smoke detector is in every room.","每個房間都有煙霧偵測器。","",""
"600","133","determined","adj.","堅決的","The team is determined to succeed.","團隊決心成功。","",""
"600","133","developing","adj.","開發中的；發展中的","It is a developing market.","這是個發展中的市場。","",""
"600","133","devoted","adj.","忠誠的；投入的","She is a devoted employee.","她是位全心投入的員工。","",""
"600","133","devotion","n.","奉獻","We admire her devotion to the firm.","我們欽佩她對公司的奉獻。","",""
"600","133","digitize","v.","數位化","The firm will digitize all its records.","公司將把所有紀錄數位化。","",""
"600","133","disappointing","adj.","令人失望的","The results were disappointing.","結果令人失望。","",""
"600","133","disciplinary","adj.","紀律的","The firm took disciplinary action.","公司採取了懲處行動。","",""
"600","133","discomfort","n.","不適","Please tell us about any discomfort.","如有任何不適請告訴我們。","",""
"600","133","discontent","n.","不滿","There is growing discontent among staff.","員工間的不滿日益增加。","",""
"600","133","dishonest","adj.","不誠實的","The firm punishes dishonest behavior.","公司懲處不誠實的行為。","",""
"600","133","dishonesty","n.","不誠實","Dishonesty will not be tolerated.","不誠實行為不會被容忍。","",""
"600","133","disloyal","adj.","不忠誠的","Disloyal staff may leak secrets.","不忠誠的員工可能洩漏機密。","",""
"600","133","disorganized","adj.","沒條理的","The files were disorganized.","檔案很沒條理。","",""
"600","133","disqualify","v.","取消資格","Late entries will be disqualified.","逾期的參賽作品將被取消資格。","",""
"600","133","disreputable","adj.","名聲不好的","Avoid disreputable dealers.","避免找名聲不好的經銷商。","",""
"600","133","divisive","adj.","造成分歧的","The plan proved divisive.","這項計畫引發了分歧。","",""
"600","133","drawing","n.","圖紙；繪畫","The architect showed us a drawing.","建築師給我們看了一張圖紙。","",""
"600","133","duplication","n.","重複","The new system avoids duplication of work.","新系統避免工作重複。","",""
"600","133","durability","n.","耐用度","The product is known for its durability.","這項產品以耐用聞名。","",""
"600","133","eagerly","adv.","熱切地","We eagerly await your reply.","我們殷切期盼你的回覆。","",""
"600","133","eagerness","n.","熱切","Her eagerness to learn impressed us.","她求知的熱切讓我們印象深刻。","",""
"600","133","earner","n.","賺錢者","She is the main earner in the family.","她是家中主要的賺錢者。","",""
"600","133","economics","n.","經濟學","She studied economics at university.","她在大學讀經濟學。","",""
"600","133","educator","n.","教育工作者","The firm works with local educators.","公司與當地教育工作者合作。","",""
"600","133","elaboration","n.","詳述","The point needs elaboration.","這一點需要詳述。","",""
"600","133","elective","adj.","選修的","The course is elective.","這門課是選修。","",""
"600","133","emigrate","v.","移居國外","Many skilled workers emigrate each year.","每年有許多技術人員移居國外。","",""
"600","133","emotionally","adv.","情感上","The news affected staff emotionally.","這個消息在情感上影響了員工。","",""
"600","133","encouragement","n.","鼓勵","Thank you for your encouragement.","謝謝你的鼓勵。","",""
"600","133","encouraging","adj.","令人鼓舞的","The early results are encouraging.","初步結果令人鼓舞。","",""
"600","133","endanger","v.","危害","Careless work may endanger lives.","粗心的工作可能危及生命。","",""
"600","133","engaging","adj.","引人入勝的","The speaker was warm and engaging.","講者親切又引人入勝。","",""
"600","133","engineering","n.","工程","He works in civil engineering.","他從事土木工程。","",""
"600","133","enterprising","adj.","有進取心的","She is an enterprising young manager.","她是位有進取心的年輕經理。","",""
"600","133","entirety","n.","整體","The report must be read in its entirety.","這份報告必須完整閱讀。","",""
"600","133","entitlement","n.","享有權利","Staff have an entitlement to paid leave.","員工享有有薪假的權利。","",""
"600","133","environmentalist","n.","環保人士","Environmentalists praised the plan.","環保人士稱讚了這項計畫。","",""
"600","133","equalize","v.","使平等","The law aims to equalize pay.","這項法律旨在使薪資平等。","",""
"600","133","eraser","n.","橡皮擦","Please bring a pencil and an eraser.","請帶鉛筆和橡皮擦。","",""
"600","133","erroneous","adj.","錯誤的","The report contained erroneous data.","報告含有錯誤的資料。","",""
"600","133","evidently","adv.","顯然","Evidently, the plan failed.","顯然，這項計畫失敗了。","",""
"600","133","exactness","n.","精確","The exactness of the data is vital.","數據的精確度至關重要。","",""
"600","133","exceptionally","adv.","異常地","The service was exceptionally good.","服務特別好。","",""
"600","134","excessively","adv.","過度地","The price is excessively high.","價格高得過度。","",""
"600","134","executor","n.","遺囑執行人","The executor will manage the estate.","遺囑執行人將管理遺產。","",""
"600","134","exhausted","adj.","筋疲力盡的","Staff were exhausted after the event.","活動結束後員工筋疲力盡。","",""
"600","134","exhaustion","n.","疲憊","Exhaustion can lead to mistakes.","疲憊可能導致失誤。","",""
"600","134","exhibitor","n.","參展商","Every exhibitor receives a booth.","每位參展商都有一個攤位。","",""
"600","134","exploratory","adj.","探索性的","The firm held exploratory talks.","公司進行了試探性的會談。","",""
"600","134","faithful","adj.","忠實的","The firm has many faithful customers.","公司有許多忠實顧客。","",""
"600","134","fashionable","adj.","流行的","The shop sells fashionable clothes.","這家店賣時尚的衣服。","",""
"600","134","financier","n.","金融家","The financier backed the project.","這位金融家資助了這個專案。","",""
"600","134","fluency","n.","流利度","Fluency in English is required.","需要流利的英語。","",""
"600","134","fluently","adv.","流利地","She speaks English fluently.","她英語說得很流利。","",""
"600","134","focused","adj.","專注的","The team stayed focused on the goal.","團隊始終專注於目標。","",""
"600","134","fragility","n.","脆弱","The fragility of the economy worries investors.","經濟的脆弱讓投資人憂心。","",""
"600","134","frustrated","adj.","感到挫折的","Customers were frustrated by the delay.","顧客對延誤感到挫折。","",""
"600","134","frustrating","adj.","令人沮喪的","The slow system is frustrating.","緩慢的系統令人沮喪。","",""
"600","134","functionality","n.","功能性","The new app has more functionality.","新的應用程式功能更多。","",""
"600","134","funding","n.","資金","The project needs more funding.","這個專案需要更多資金。","",""
"600","134","generosity","n.","慷慨","We thank you for your generosity.","感謝你的慷慨。","",""
"600","134","generously","adv.","慷慨地","The firm generously supports local schools.","公司慷慨資助當地學校。","",""
"600","134","gratefully","adv.","感激地","We gratefully accept your offer.","我們感激地接受你的提議。","",""
"600","134","gratitude","n.","感謝","We express our gratitude to all staff.","我們向全體員工表達感謝。","",""
"600","134","guaranteed","adj.","有保證的","A full refund is guaranteed.","保證全額退款。","",""
"600","134","harmless","adj.","無害的","The product is harmless to children.","這項產品對孩童無害。","",""
"600","134","hidden","adj.","隱藏的","There are no hidden fees.","沒有隱藏費用。","",""
"600","134","honesty","n.","誠實","Honesty is our core value.","誠實是我們的核心價值。","",""
"600","134","identifiable","adj.","可辨識的","Each item is clearly identifiable.","每項物品都能清楚辨識。","",""
"600","134","ignorance","n.","無知","Ignorance of the law is no excuse.","不懂法律不能當藉口。","",""
"600","134","ignorant","adj.","無知的；不知情的","Staff were ignorant of the new rule.","員工不知道這項新規定。","",""
"600","134","illegally","adv.","非法地","The goods were illegally imported.","這些貨物是非法進口的。","",""
"600","134","illustrator","n.","插畫家","The illustrator drew the cover.","插畫家畫了封面。","",""
"600","134","immature","adj.","不成熟的","The market is still immature.","這個市場仍不成熟。","",""
"600","134","immigrate","v.","移入；移民","Many workers immigrate for jobs.","許多工人為了工作而移民。","",""
"600","134","immoral","adj.","不道德的","The firm called the act immoral.","公司稱這種行為不道德。","",""
"600","134","impossibility","n.","不可能","The impossibility of the task became clear.","這項任務的不可能性變得明顯。","",""
"600","134","imprecise","adj.","不精確的","The estimate was imprecise.","這個估計不夠精確。","",""
"600","134","impressed","adj.","印象深刻的","We were impressed by her work.","我們對她的工作印象深刻。","",""
"600","134","impressively","adv.","令人印象深刻地","The team performed impressively.","團隊表現令人印象深刻。","",""
"600","134","improper","adj.","不適當的","Improper use may damage the machine.","不當使用可能損壞機器。","",""
"600","134","inaccuracy","n.","不準確","The report had several inaccuracies.","報告有幾處不準確。","",""
"600","134","incapable","adj.","無能力的","The old system is incapable of handling the load.","舊系統無法承受這樣的負載。","",""
"600","134","inconvenient","adj.","不方便的","The meeting time is inconvenient.","這個會議時間不方便。","",""
"600","134","indefinite","adj.","無限期的","The launch was delayed for an indefinite period.","上市時間無限期延後。","",""
"600","134","indifferent","adj.","漠不關心的","Staff seemed indifferent to the change.","員工似乎對這項改變漠不關心。","",""
"600","134","industrious","adj.","勤奮的","She is an industrious worker.","她是勤奮的員工。","",""
"600","134","inflexible","adj.","不知變通的","The rule is too inflexible.","這項規定太不知變通。","",""
"600","134","infrequent","adj.","不常發生的","Delays are infrequent.","延誤很少發生。","",""
"600","134","inspired","adj.","受到啟發的","The speech left us inspired.","這場演說讓我們深受啟發。","",""
"600","134","inspiring","adj.","鼓舞人心的","She gave an inspiring speech.","她發表了一場鼓舞人心的演說。","",""
"600","134","instructional","adj.","教學的","The firm produces instructional videos.","公司製作教學影片。","",""
"600","134","instructive","adj.","有教育意義的","The workshop was instructive.","這場工作坊很有啟發。","",""
"600","135","intentional","adj.","故意的","The error was not intentional.","這個錯誤不是故意的。","",""
"600","135","intentionally","adv.","故意地","The data was not intentionally deleted.","資料不是故意刪除的。","",""
"600","135","interdependent","adj.","相互依賴的","The two teams are interdependent.","這兩個團隊互相依賴。","",""
"600","135","interruption","n.","中斷","The power cut caused an interruption.","停電造成了中斷。","",""
"600","135","inventive","adj.","有創意的","The firm has an inventive team.","公司有一支有創意的團隊。","",""
"600","135","inventor","n.","發明家","The inventor patented the device.","發明家為這項裝置申請了專利。","",""
"600","135","involved","adj.","牽涉的","All staff involved must sign the form.","所有相關員工都必須簽署表格。","",""
"600","135","irreplaceable","adj.","不可替代的","She is an irreplaceable member of the team.","她是團隊中不可或缺的一員。","",""
"600","135","irresistible","adj.","無法抗拒的","The offer was irresistible.","這項優惠讓人無法抗拒。","",""
"600","135","irresponsible","adj.","不負責任的","It would be irresponsible to ignore the risk.","忽視風險是不負責任的。","",""
"600","135","legality","n.","合法性","The firm checked the legality of the deal.","公司檢查了這筆交易的合法性。","",""
"600","135","legalize","v.","使合法化","The government plans to legalize the practice.","政府打算讓這項做法合法化。","",""
"600","135","lengthen","v.","延長","The firm will lengthen its opening hours.","公司將延長營業時間。","",""
"600","135","logically","adv.","合乎邏輯地","Please present the argument logically.","請有邏輯地陳述論點。","",""
"600","135","luxurious","adj.","豪華的","The hotel has luxurious rooms.","飯店有豪華的客房。","",""
"600","135","mastery","n.","精通","Mastery of English is required.","需要精通英語。","",""
"600","135","matching","adj.","相配的","The firm offers matching funds.","公司提供配合款。","",""
"600","135","meaning","n.","意思","What is the meaning of this word?","這個字是什麼意思？","",""
"600","135","meaningless","adj.","沒有意義的","The figures are meaningless without context.","沒有脈絡，這些數字毫無意義。","",""
"600","135","methodical","adj.","有條理的","She takes a methodical approach.","她採取有條理的做法。","",""
"600","135","mildly","adv.","輕微地","The news was mildly surprising.","這個消息稍微令人驚訝。","",""
"600","135","misbehave","v.","行為不當","Guests who misbehave will be asked to leave.","行為不當的賓客會被請離開。","",""
"600","135","misdirect","v.","引導錯誤","The sign may misdirect visitors.","這個標誌可能誤導訪客。","",""
"600","135","misinterpret","v.","誤解","Customers may misinterpret the message.","顧客可能誤解這則訊息。","",""
"600","135","misleading","adj.","誤導的","The ad is misleading.","這則廣告有誤導之嫌。","",""
"600","135","mismanage","v.","管理不善","The firm was accused of trying to mismanage funds.","公司被指控管理資金不當。","",""
"600","135","mismatch","n.","不匹配","There is a mismatch between supply and demand.","供給與需求不匹配。","",""
"600","135","moderately","adv.","適度地","The firm is moderately optimistic.","公司抱持適度的樂觀。","",""
"600","135","moderation","n.","適度","Drink alcohol in moderation.","飲酒要適度。","",""
"600","135","necessitate","v.","使成為必要","The delay will necessitate extra staff.","延誤會使增加人手成為必要。","",""
"600","135","nervously","adv.","緊張地","She waited nervously for the results.","她緊張地等待結果。","",""
"600","135","nervousness","n.","緊張","Nervousness can affect your speech.","緊張可能影響你的演講。","",""
"600","135","noncompliance","n.","未遵守","Noncompliance may lead to a fine.","未遵守規定可能被罰款。","",""
"600","135","operating","adj.","營運的","The firm reported a rise in operating costs.","公司公布營運成本上升。","",""
"600","135","ordering","n.","訂購","Online ordering is available.","提供網路訂購。","",""
"600","135","orderly","adj.","有秩序的","Please leave the building in an orderly way.","請有秩序地離開大樓。","",""
"600","135","organized","adj.","有條理的","She is very organized.","她很有條理。","",""
"600","135","pleasantly","adv.","愉快地","We were pleasantly surprised.","我們感到驚喜。","",""
"600","135","pleased","adj.","高興的","We are pleased to announce the launch.","我們很高興宣布產品上市。","",""
"600","135","procession","n.","行列","A procession moved through the street.","一支行列走過街道。","",""
"600","135","purify","v.","淨化","The system will purify the water.","這個系統會淨化水。","",""
"600","135","purity","n.","純度","The firm tests the purity of the water.","公司檢驗水的純度。","",""
"600","135","qualified","adj.","合格的","We need a qualified engineer.","我們需要一位合格的工程師。","",""
"600","135","rarity","n.","稀有","A direct flight is a rarity.","直飛班機很少見。","",""
"600","135","reappear","v.","再次出現","The error may reappear.","這個錯誤可能再次出現。","",""
"600","135","reapply","v.","重新申請","You may reapply after six months.","你可以在六個月後重新申請。","",""
"600","135","reassign","v.","重新分派","The manager will reassign the task.","經理會重新分派這項任務。","",""
"600","135","redefine","v.","重新定義","The firm hopes to redefine the market.","公司希望重新定義這個市場。","",""
"600","135","redevelop","v.","重新開發","The city will redevelop the old docks.","市政府將重新開發舊碼頭區。","",""
"600","135","regenerate","v.","再生","The tool can regenerate the report.","這個工具可以重新產生報告。","",""
"600","136","reinstall","v.","重新安裝","Please reinstall the software.","請重新安裝軟體。","",""
"600","136","reintroduce","v.","重新引進","The firm will reintroduce the old model.","公司將重新推出舊款。","",""
"600","136","relaxed","adj.","放鬆的","The atmosphere at the office is relaxed.","辦公室氣氛很輕鬆。","",""
"600","136","relaxing","adj.","令人放鬆的","The spa offers a relaxing experience.","水療中心提供放鬆的體驗。","",""
"600","136","reliably","adv.","可靠地","The machine runs reliably.","機器運作可靠。","",""
"600","136","reliant","adj.","依賴的","The firm is reliant on exports.","公司依賴出口。","",""
"600","136","relieved","adj.","鬆一口氣的","Staff were relieved by the news.","員工聽到消息都鬆了口氣。","",""
"600","136","reorganize","v.","重組","The firm will reorganize its teams.","公司將重組團隊。","",""
"600","136","repairable","adj.","可修理的","The damage is repairable.","這項損壞可以修復。","",""
"600","136","repeated","adj.","反覆的","Repeated delays upset customers.","一再的延誤惹惱了顧客。","",""
"600","136","replaceable","adj.","可替換的","The battery is replaceable.","這個電池可以更換。","",""
"600","136","responsibly","adv.","負責任地","The firm acts responsibly.","公司行事負責任。","",""
"600","136","responsive","adj.","反應迅速的","The support team is responsive.","客服團隊反應迅速。","",""
"600","136","scary","adj.","嚇人的","The sales drop was scary.","銷售下滑很嚇人。","",""
"600","136","secretive","adj.","神祕的","The firm is secretive about its plans.","公司對計畫守口如瓶。","",""
"600","136","secretly","adv.","祕密地","The firm secretly tested the product.","公司祕密測試了這項產品。","",""
"600","136","sharpen","v.","磨利；加強","The training will sharpen your skills.","這項訓練會磨練你的技能。","",""
"600","136","shrinkage","n.","縮水；損耗","The shop reduced stock shrinkage.","商店降低了庫存損耗。","",""
"600","136","smartly","adv.","聰明地","The firm smartly cut costs.","公司聰明地削減了成本。","",""
"600","136","smoothness","n.","順暢","The smoothness of the process impressed us.","流程的順暢讓我們印象深刻。","",""
"600","136","sophistication","n.","精緻；複雜度","The machine shows great sophistication.","這台機器顯得極為精密。","",""
"600","136","spiritual","adj.","精神的","The retreat has a spiritual theme.","這個靜修營以心靈為主題。","",""
"600","136","statistician","n.","統計學家","A statistician reviewed the data.","統計學家審查了這些數據。","",""
"600","136","strangely","adv.","奇怪地","Strangely, the file was missing.","奇怪的是，檔案不見了。","",""
"600","136","strategically","adv.","策略性地","The store is strategically located.","這家店位於策略性地點。","",""
"600","136","strategist","n.","策略師","The firm hired a marketing strategist.","公司聘請了一位行銷策略師。","",""
"600","136","suffice","v.","足夠","A short email will suffice.","一封簡短的電子郵件就夠了。","",""
"600","136","tasteful","adj.","有品味的","The room has tasteful decor.","房間裝潢很有品味。","",""
"600","136","tasteless","adj.","無味的；不得體的","The joke was tasteless.","那個玩笑很不得體。","",""
"600","136","thicken","v.","變濃稠","Stir the sauce until it thickens.","攪拌醬汁直到變濃稠。","",""
"600","136","threatening","adj.","具威脅性的","The firm received a threatening letter.","公司收到一封恐嚇信。","",""
"600","136","tightly","adv.","緊緊地","Please close the lid tightly.","請把蓋子蓋緊。","",""
"600","136","tireless","adj.","不知疲倦的","She is a tireless worker.","她是不知疲倦的工作者。","",""
"600","136","tiring","adj.","累人的","It was a long, tiring day.","那是漫長又累人的一天。","",""
"600","136","trendy","adj.","流行的","The cafe is trendy and busy.","這間咖啡廳很時髦又忙碌。","",""
"600","136","unaffected","adj.","不受影響的","Our prices remain unaffected.","我們的價格不受影響。","",""
"600","136","unattractive","adj.","沒吸引力的","The offer is unattractive.","這項優惠沒什麼吸引力。","",""
"600","136","unaware","adj.","沒察覺的","Staff were unaware of the problem.","員工沒有察覺這個問題。","",""
"600","136","uncooperative","adj.","不合作的","The supplier was uncooperative.","供應商不配合。","",""
"600","136","underemployed","adj.","就業不足的","Many graduates are underemployed.","許多畢業生就業不足。","",""
"600","136","undesirable","adj.","不受歡迎的","The location is undesirable.","這個地點不受青睞。","",""
"600","136","undisturbed","adj.","未受打擾的","The files remained undisturbed.","檔案沒有被動過。","",""
"600","136","unemotional","adj.","不帶感情的","The report is unemotional and factual.","這份報告不帶感情、只談事實。","",""
"600","136","unequal","adj.","不平等的","Pay was unequal across teams.","各團隊之間薪資不平等。","",""
"600","136","unfaithful","adj.","不忠的","The translation was unfaithful to the original text.","這份翻譯不忠於原文。","",""
"600","136","unfortunate","adj.","不幸的","It was an unfortunate mistake.","那是個不幸的錯誤。","",""
"600","136","ungrateful","adj.","不知感激的","It would be ungrateful to complain.","抱怨會顯得不知感恩。","",""
"600","136","unidentified","adj.","身分不明的","An unidentified caller phoned the office.","一通身分不明的來電打到辦公室。","",""
"600","136","uninstall","v.","解除安裝","Please uninstall the old version.","請解除安裝舊版本。","",""
"600","136","unintentional","adj.","無意的","The error was unintentional.","這個錯誤是無意的。","",""
"600","137","uninterrupted","adj.","不間斷的","We offer uninterrupted service.","我們提供不間斷的服務。","",""
"600","137","unlucky","adj.","不幸運的","The firm was unlucky with the weather.","公司碰上了壞天氣的壞運氣。","",""
"600","137","unqualified","adj.","不合格的","Unqualified staff may not operate the machine.","不合格的員工不得操作這台機器。","",""
"600","137","unresolved","adj.","未解決的","Several issues remain unresolved.","有幾個問題仍未解決。","",""
"600","137","unresponsive","adj.","沒有回應的","The system became unresponsive.","系統變得沒有反應。","",""
"600","137","unrestricted","adj.","不受限的","Members enjoy unrestricted access.","會員享有不受限制的使用權。","",""
"600","137","unsolved","adj.","未解決的","The mystery remains unsolved.","這個謎團仍未解開。","",""
"600","137","unsubscribe","v.","取消訂閱","Click here to unsubscribe from the list.","點選這裡取消訂閱。","",""
"600","137","unsuspecting","adj.","毫無戒心的","Unsuspecting customers fell for the scam.","毫無戒心的顧客上了騙局的當。","",""
"600","137","untraditional","adj.","非傳統的","The firm takes an untraditional approach.","公司採取非傳統的做法。","",""
"600","137","wasteful","adj.","浪費的","It is wasteful to print every email.","每封郵件都印出來很浪費。","",""
"600","137","weakly","adv.","虛弱地；微弱地","The economy recovered weakly.","經濟復甦力道微弱。","",""
"730","138","absorbent","adj.","吸水的","The towel is thick and absorbent.","這條毛巾又厚又吸水。","",""
"730","138","abstraction","n.","抽象概念","The report is full of abstraction.","這份報告充滿抽象的內容。","",""
"730","138","accountancy","n.","會計業","She works in accountancy.","她從事會計工作。","",""
"730","138","acknowledgment","n.","確認；致謝","We sent an acknowledgment of your order.","我們寄出了訂單的確認函。","",""
"730","138","adjustable","adj.","可調整的","The chair has an adjustable height.","這張椅子的高度可調整。","",""
"730","138","advantageous","adj.","有利的","The terms are advantageous to both sides.","這些條款對雙方都有利。","",""
"730","138","adventurous","adj.","愛冒險的","The firm hires adventurous staff.","公司僱用愛冒險的員工。","",""
"730","138","advocacy","n.","倡導","The group works on consumer advocacy.","這個團體從事消費者權益倡導。","",""
"730","138","affordability","n.","負擔得起的程度","Affordability is a key concern for buyers.","負擔能力是買家的主要考量。","",""
"730","138","aggression","n.","攻擊性","The firm's aggression in pricing surprised rivals.","公司在定價上的強勢讓對手意外。","",""
"730","138","aggressively","adv.","積極地","The firm is aggressively expanding.","公司正積極擴張。","",""
"730","138","allowable","adj.","允許的","The allowable limit is two bags.","允許的上限是兩件行李。","",""
"730","138","alteration","n.","修改","The tailor made an alteration to the suit.","裁縫師修改了這套西裝。","",""
"730","138","anxiously","adv.","焦慮地","Staff waited anxiously for the results.","員工焦急地等待結果。","",""
"730","138","cheerful","adj.","愉快的","The staff are always cheerful.","員工總是很開朗。","",""
"730","138","cheerfully","adv.","愉快地","She cheerfully answered every question.","她愉快地回答每個問題。","",""
"730","138","cleverly","adv.","巧妙地","The firm cleverly cut costs.","公司巧妙地削減了成本。","",""
"730","138","collectible","n.","收藏品","The shop sells rare collectibles.","這家店賣稀有的收藏品。","",""
"730","138","commencement","n.","開始；畢業典禮","The commencement of work was delayed.","工程的開工被延後了。","",""
"730","138","commendation","n.","表揚","She received a commendation for her work.","她因工作表現獲得表揚。","",""
"730","138","compatibility","n.","相容性","Check the compatibility of the software.","請確認軟體的相容性。","",""
"730","138","compensatory","adj.","補償的","The firm paid compensatory damages.","公司支付了補償性賠償。","",""
"730","138","composed","adj.","沉著的","She stayed composed during the interview.","她在面試中保持沉著。","",""
"730","138","comprehensively","adv.","全面地","The report covers the issue comprehensively.","這份報告全面涵蓋了這個議題。","",""
"730","138","consequential","adj.","重大的","It was a consequential decision.","這是個影響重大的決定。","",""
"730","138","curiosity","n.","好奇心","Curiosity drives innovation.","好奇心驅動創新。","",""
"730","138","curiously","adv.","好奇地；奇怪地","Curiously, sales rose in winter.","奇怪的是，銷售在冬天上升。","",""
"730","138","daring","adj.","大膽的","The firm made a daring bid.","公司做了一次大膽的投標。","",""
"730","138","deflate","v.","使洩氣；緊縮","Falling prices may deflate the market.","價格下跌可能讓市場萎縮。","",""
"730","138","depressed","adj.","消沉的；蕭條的","The market remains depressed.","市場依然蕭條。","",""
"730","138","depressing","adj.","令人沮喪的","The news was depressing.","這個消息令人沮喪。","",""
"730","138","disadvantageous","adj.","不利的","The terms are disadvantageous to us.","這些條款對我們不利。","",""
"730","138","disallow","v.","不准","The firm will disallow late claims.","公司將不受理逾期的索賠。","",""
"730","138","disinfect","v.","消毒","Staff disinfect the tables daily.","員工每天替桌子消毒。","",""
"730","138","disinterested","adj.","公正無私的","We need a disinterested judge.","我們需要一位公正無私的裁判。","",""
"730","138","electrify","v.","使電氣化","The firm plans to electrify the line.","公司打算讓這條線電氣化。","",""
"730","138","embarrassed","adj.","尷尬的","She felt embarrassed by the mistake.","她對這個錯誤感到尷尬。","",""
"730","138","embarrassing","adj.","令人尷尬的","The error was embarrassing.","這個錯誤令人尷尬。","",""
"730","138","embarrassment","n.","尷尬","The delay was an embarrassment to the firm.","這次延誤讓公司難堪。","",""
"730","138","endurance","n.","耐力","The job needs a lot of endurance.","這份工作需要很大的耐力。","",""
"730","138","entertainer","n.","表演者","An entertainer performed at the party.","一位表演者在派對上表演。","",""
"730","138","evaluator","n.","評估者","An outside evaluator reviewed the program.","一位外部評估人員審查了這項計畫。","",""
"730","138","examiner","n.","審查員；考官","The examiner checked the accounts.","審查員檢查了帳目。","",""
"730","138","fertilize","v.","施肥","Farmers fertilize the fields in spring.","農民在春天替田地施肥。","",""
"730","138","fertilizer","n.","肥料","The firm sells fertilizer to farmers.","公司向農民販售肥料。","",""
"730","138","fulfillment","n.","履行；成就感","Order fulfillment takes two days.","訂單履行需要兩天。","",""
"730","138","hesitantly","adv.","猶豫地","She answered hesitantly.","她猶豫地回答。","",""
"730","138","humorous","adj.","幽默的","The speech was humorous and warm.","這場演說幽默又溫暖。","",""
"730","139","illiterate","adj.","不識字的","The program helps illiterate adults.","這項計畫協助不識字的成人。","",""
"730","139","improbable","adj.","不太可能的","A quick recovery is improbable.","快速復甦的可能性不大。","",""
"730","139","incompatible","adj.","不相容的","The two systems are incompatible.","這兩套系統不相容。","",""
"730","139","increased","adj.","增加的","The firm reported increased profits.","公司公布利潤增加。","",""
"730","139","injured","adj.","受傷的","Injured staff will receive support.","受傷的員工會獲得支援。","",""
"730","139","innovator","n.","創新者","The firm is an innovator in design.","公司是設計上的創新者。","",""
"730","139","insecure","adj.","不安全的；沒自信的","The network is insecure.","這個網路不安全。","",""
"730","139","instantly","adv.","立即地","The file is sent instantly.","檔案會立刻傳送。","",""
"730","139","interested","adj.","有興趣的","We are interested in your offer.","我們對你的提議有興趣。","",""
"730","139","intolerance","n.","不容忍","Her intolerance of delay annoyed the team.","她無法容忍延誤，讓團隊很緊張。","",""
"730","139","intolerant","adj.","不寬容的","The firm is intolerant of lateness.","公司無法容忍遲到。","",""
"730","139","invalid","adj.","無效的","The coupon is invalid after June.","這張優惠券六月後無效。","",""
"730","139","invalidate","v.","使無效","Any change will invalidate the warranty.","任何更動都會讓保固失效。","",""
"730","139","invariably","adv.","總是","Prices invariably rise in summer.","價格在夏天總是上漲。","",""
"730","139","invisible","adj.","看不見的","The fee is invisible to customers.","這項費用顧客看不到。","",""
"730","139","irrational","adj.","不理性的","Fear can lead to irrational choices.","恐懼可能導致不理性的選擇。","",""
"730","139","literacy","n.","讀寫能力","The firm funds a literacy program.","公司資助識字計畫。","",""
"730","139","lost","adj.","遺失的；迷路的","Please report any lost items.","有遺失物品請回報。","",""
"730","139","magical","adj.","神奇的","The hotel offers a magical view.","飯店提供夢幻般的景色。","",""
"730","139","magician","n.","魔術師","A magician performed at the party.","一位魔術師在派對上表演。","",""
"730","139","measurable","adj.","可衡量的","The firm sets measurable goals.","公司設定可衡量的目標。","",""
"730","139","modestly","adv.","適度地；謙虛地","Sales grew modestly.","銷售小幅成長。","",""
"730","139","modesty","n.","謙虛","She accepted the award with modesty.","她謙虛地接受了獎項。","",""
"730","139","motivated","adj.","有動力的","We are looking for motivated staff.","我們正在找有幹勁的員工。","",""
"730","139","motivational","adj.","激勵的","She gave a motivational speech.","她發表了一場激勵人心的演說。","",""
"730","139","navigation","n.","導航","The app offers voice navigation.","這個應用程式提供語音導航。","",""
"730","139","navigator","n.","導航員","The navigator checked the route.","導航員檢查了路線。","",""
"730","139","neglected","adj.","被忽視的","The old building looks neglected.","這棟老建築看起來無人照管。","",""
"730","139","neutrality","n.","中立","The firm kept its neutrality in the dispute.","公司在爭議中保持中立。","",""
"730","139","observance","n.","遵守","Observance of the rules is required.","必須遵守規定。","",""
"730","139","observant","adj.","觀察力敏銳的","She is an observant manager.","她是觀察力敏銳的經理。","",""
"730","139","offender","n.","違規者","Repeat offenders will be fined.","累犯者將被罰款。","",""
"730","139","originality","n.","原創性","The design shows great originality.","這個設計很有原創性。","",""
"730","139","overpriced","adj.","價格過高的","The room is overpriced.","這個房間價格過高。","",""
"730","139","overweight","adj.","超重的","Overweight luggage costs extra.","行李超重要額外收費。","",""
"730","139","perceptive","adj.","敏銳的","She is a perceptive observer.","她是敏銳的觀察者。","",""
"730","139","persistence","n.","毅力","Her persistence paid off.","她的毅力獲得了回報。","",""
"730","139","pollutant","n.","污染物","The filter removes any pollutant.","濾網能去除任何污染物。","",""
"730","139","preservative","n.","防腐劑","The food contains no preservative.","這種食品不含防腐劑。","",""
"730","139","presumption","n.","推定","The report is based on a false presumption.","這份報告建立在錯誤的推定上。","",""
"730","139","preventable","adj.","可預防的","Most accidents are preventable.","大多數意外都是可以預防的。","",""
"730","139","preventive","adj.","預防性的","Preventive maintenance saves money.","預防性保養可以省錢。","",""
"730","139","priceless","adj.","無價的","The advice was priceless.","這個建議無價。","",""
"730","139","pricing","n.","定價","The firm changed its pricing strategy.","公司改變了定價策略。","",""
"730","139","prohibition","n.","禁止","There is a prohibition on smoking.","有禁菸的規定。","",""
"730","139","rationally","adv.","理性地","Please think rationally about the risk.","請理性思考這項風險。","",""
"730","139","readjust","v.","重新調整","You may need to readjust the settings.","你可能需要重新調整設定。","",""
"730","139","reassess","v.","重新評估","We will reassess the plan in May.","我們五月會重新評估這項計畫。","",""
"730","139","recording","n.","錄音；紀錄","The recording of the call is stored.","通話錄音已保存。","",""
"730","139","registry","n.","登記處；登記簿","The firm is listed in the registry.","公司列在登記簿上。","",""
"730","140","remaining","adj.","剩下的","The remaining seats are sold out.","剩下的座位都賣完了。","",""
"730","140","remotely","adv.","遠距地","Staff can work remotely.","員工可以遠距工作。","",""
"730","140","resemblance","n.","相似","There is a strong resemblance between the two logos.","這兩個標誌非常相像。","",""
"730","140","reserved","adj.","預訂的；保守的","This table is reserved.","這張桌子已被預訂。","",""
"730","140","restoration","n.","修復；恢復","The restoration of the hall took a year.","大廳的修復花了一年。","",""
"730","140","resulting","adj.","隨之產生的","The resulting delay cost the firm money.","由此造成的延誤讓公司損失慘重。","",""
"730","140","reunite","v.","重聚","The firm hopes to reunite the team.","公司希望讓團隊重新團聚。","",""
"730","140","rewarding","adj.","有收穫的","It is a rewarding career.","這是個有收穫的職業。","",""
"730","140","securely","adv.","安全地","Please fasten the box securely.","請把箱子綁牢。","",""
"730","140","settled","adj.","穩定的；已解決的","The dispute is now settled.","這項爭議現已解決。","",""
"730","140","severity","n.","嚴重程度","The severity of the damage is unknown.","損害的嚴重程度不明。","",""
"730","140","simulator","n.","模擬器","Pilots train in a flight simulator.","飛行員在飛行模擬器中訓練。","",""
"730","140","situated","adj.","位於…的","The office is situated on the third floor.","辦公室位於三樓。","",""
"730","140","solidarity","n.","團結","Staff showed solidarity with each other.","員工彼此展現團結。","",""
"730","140","solidify","v.","鞏固","The deal will solidify the partnership.","這筆交易將鞏固合作關係。","",""
"730","140","solidly","adv.","穩固地","The team worked solidly all week.","團隊整週穩定工作。","",""
"730","140","stimulating","adj.","刺激的；有啟發的","The talk was stimulating.","這場演講很有啟發性。","",""
"730","140","stimulation","n.","刺激","The tax cut gave stimulation to growth.","減稅對成長有刺激作用。","",""
"730","140","structured","adj.","有結構的","The course has a structured plan.","這門課有結構化的規劃。","",""
"730","140","subconscious","adj.","潛意識的","Ads can affect the subconscious mind.","廣告可能影響潛意識。","",""
"730","140","surviving","adj.","倖存的","The surviving firms grew stronger.","倖存下來的公司變得更強。","",""
"730","140","survivor","n.","倖存者","The firm is a survivor of the crisis.","這家公司是危機中的倖存者。","",""
"730","140","symbolize","v.","象徵","The logo will symbolize growth.","這個標誌象徵成長。","",""
"730","140","transferable","adj.","可轉讓的","The ticket is not transferable.","這張票不得轉讓。","",""
"730","140","unconscious","adj.","無意識的","Unconscious bias can affect hiring.","無意識的偏見可能影響僱用。","",""
"730","140","underperform","v.","表現不佳","The fund may underperform the market.","這檔基金表現可能不及大盤。","",""
"730","140","undertaking","n.","事業；任務","It is a large undertaking.","這是一項龐大的任務。","",""
"730","140","unethical","adj.","不道德的","The firm bans unethical behavior.","公司禁止不道德的行為。","",""
"730","140","uninsured","adj.","沒保險的","Uninsured drivers face fines.","沒投保的駕駛會被罰款。","",""
"730","140","uninteresting","adj.","無趣的","The report is dull and uninteresting.","這份報告枯燥無趣。","",""
"730","140","uniquely","adv.","獨特地","The hotel is uniquely designed.","這家飯店設計獨特。","",""
"730","140","uniqueness","n.","獨特性","The uniqueness of the product attracts buyers.","產品的獨特性吸引買家。","",""
"730","140","united","adj.","團結的","The team stayed united.","團隊保持團結。","",""
"730","140","unoccupied","adj.","空著的","The room is unoccupied.","這個房間是空的。","",""
"730","140","unprofessional","adj.","不專業的","The behavior was unprofessional.","這種行為不專業。","",""
"730","140","unprofitable","adj.","沒有獲利的","The branch was unprofitable.","這間分公司沒有獲利。","",""
"730","140","unreasonable","adj.","不合理的","The demand was unreasonable.","這個要求不合理。","",""
"730","140","unsteady","adj.","不穩的","The market is unsteady.","市場不穩。","",""
"730","140","unstructured","adj.","無結構的","The talk was unstructured.","這場談話沒有條理。","",""
"730","140","unsustainable","adj.","不可持續的","The current growth is unsustainable.","目前的成長無法持續。","",""
"730","140","unwise","adj.","不明智的","It would be unwise to wait.","等待是不明智的。","",""
"730","140","updated","adj.","最新的","Please use the updated form.","請使用更新後的表格。","",""
"730","140","urgency","n.","緊急","We understand the urgency of the matter.","我們了解這件事的緊急性。","",""
"730","140","visibility","n.","能見度；曝光度","The ad increased the brand's visibility.","這則廣告提高了品牌的曝光度。","",""
"730","140","vitality","n.","活力","The new store brought vitality to the area.","新店為這個地區帶來活力。","",""
"730","140","vulnerability","n.","弱點","The audit found a security vulnerability.","審計發現了一個安全弱點。","",""
"730","140","willingly","adv.","樂意地","Staff willingly joined the event.","員工樂意參加活動。","",""
"860","141","adversely","adv.","不利地","The delay adversely affected sales.","延誤對銷售造成不利影響。","",""
"860","141","adversity","n.","逆境","The firm showed strength in adversity.","公司在逆境中展現了韌性。","",""
"860","141","chronically","adv.","長期地","The firm is chronically short of staff.","公司長期人手不足。","",""
"860","141","commemoration","n.","紀念","The event is a commemoration of the founding.","這場活動是為了紀念創立。","",""
"860","141","commemorative","adj.","紀念的","The firm issued a commemorative coin.","公司發行了一枚紀念幣。","",""
"860","141","conceivable","adj.","可想像的","It is conceivable that prices will fall.","價格下跌是可以想見的。","",""
"860","141","concisely","adv.","簡潔地","Please state your point concisely.","請簡潔地說明你的重點。","",""
"860","141","consecutively","adv.","連續地","The firm won the award three years consecutively.","公司連續三年獲得這個獎項。","",""
"860","141","contemplation","n.","思考","The plan is under contemplation.","這項計畫正在考慮中。","",""
"860","141","contender","n.","競爭者","The firm is a strong contender for the contract.","這家公司是這份合約的有力競爭者。","",""
"860","141","contention","n.","爭論；主張","It is our contention that the fee is unfair.","我們主張這項費用不公平。","",""
"860","141","disintegrate","v.","瓦解","The partnership began to disintegrate.","合作關係開始瓦解。","",""
"860","141","distinctly","adv.","明顯地","The two models are distinctly different.","這兩款機型明顯不同。","",""
"860","141","dynamically","adv.","動態地","The prices change dynamically.","價格會動態調整。","",""
"860","141","dynamics","n.","動態；態勢","Team dynamics affect performance.","團隊動態影響績效。","",""
"860","141","fabrication","n.","捏造；製造","The report was a complete fabrication.","這份報告完全是捏造的。","",""
"860","141","feasibility","n.","可行性","The study tests the feasibility of the plan.","這項研究測試計畫的可行性。","",""
"860","141","inconceivable","adj.","難以想像的","It was inconceivable that the firm would fail.","公司會倒閉是難以想像的。","",""
"860","141","indistinct","adj.","模糊的","The sound on the call was indistinct.","通話中的聲音很模糊。","",""
"860","141","miscalculate","v.","算錯","We miscalculated the cost.","我們算錯了成本。","",""
"860","141","nonessential","adj.","非必要的","Cut all nonessential spending.","請削減所有非必要的支出。","",""
"860","141","obtainable","adj.","可取得的","The part is easily obtainable.","這個零件很容易取得。","",""
"860","141","reluctantly","adv.","不情願地","The board reluctantly agreed.","董事會不情願地同意了。","",""
"860","141","tentatively","adv.","暫定地","The meeting is tentatively set for Friday.","會議暫定在週五。","",""
